power_rank,channel_key,channel_title,channel_tier,consistency_score,trending_days_count,lifetime_views,avg_engagement_rate,leaderboard_pct,top3_pct,avg_leaderboard_views,avg_rank,power_score,power_tier,_bc_ingested_at
1,72cc1560dcb8cb7d528c444e62060adb,ibighit,Regular,39.02,80,2235906679,15.302,29.27,11.71,33776024,4.9,51.93,Elite,2026-05-02 19:46:02
2,4b837e2897940c450e364ca901fed807,jacksfilms,Powerhouse,71.71,147,197945349,9.018,0,0,,,44.92,Elite,2026-05-02 19:46:02
3,baf069ea8ce565674e2bff0c0f0a069a,Vox,Powerhouse,93.66,192,122200130,3.706,0,0,,,44.13,Elite,2026-05-02 19:46:02
4,0cdab28fbf52b290e99ec79cfc72c106,DudePerfect,Powerhouse,63.9,131,1870085178,3.551,39.51,17.56,14767988,4.8,43.8,Elite,2026-05-02 19:46:02
5,acffeb478839f4cf059c7eab8240c23c,TheTonightShowStarringJimmyFallon,Powerhouse,96.1,197,271426383,2.325,1.95,0,4825965,9,43.21,Elite,2026-05-02 19:46:02
6,170b1d363bd8516fbf3a3eb05d4faff6,Netflix,Powerhouse,94.15,193,185818315,2.535,0,0,,,42.22,Elite,2026-05-02 19:46:02
7,b412eab1f6a31d0b1ce5c2618775b90a,TheEllenShow,Powerhouse,93.66,192,253137213,2.496,0,0,,,41.96,Elite,2026-05-02 19:46:02
8,7b0ef842a6a1233a8a86a8533063a1a1,ESPN,Powerhouse,98.54,202,105181219,1.392,0,0,,,41.92,Elite,2026-05-02 19:46:02
9,d89295b3ae3adca6c0192be52a51d1f0,ScreenJunkies,Powerhouse,88.78,182,319075554,3.334,0,0,,,41.51,Elite,2026-05-02 19:46:02
10,2435a45b85628172c5a47122144a7c67,CNN,Powerhouse,87.32,179,134571828,3.349,0,0,,,40.96,Elite,2026-05-02 19:46:02
11,721ca31b62b126fbafdd01caa2f710a6,DailyCaller,One-Hit Wonder,1.46,3,3527339,22.29,0,0,,,40.71,Strong,2026-05-02 19:46:02
12,cef1096beeb3db6be27bc2c7b334d349,Desimpedidos,One-Hit Wonder,1.46,3,15093148,22.1,0.98,0,5551098,6,40.66,Strong,2026-05-02 19:46:02
13,2219d5b88d8d373ac37a2811b27c2c61,WIRED,Powerhouse,82.93,170,253636423,3.473,3.9,0,9745758,6.6,40.59,Strong,2026-05-02 19:46:02
14,a453af9f29ea6d085411bf27234ab57b,TomScott,Powerhouse,77.56,159,128537887,5.086,0,0,,,40.18,Strong,2026-05-02 19:46:02
15,53b139c3e44b47afd5757187983d0d28,JimmyKimmelLive,Powerhouse,90.24,185,280551472,2.044,0,0,,,39.78,Strong,2026-05-02 19:46:02
16,c45a137d7851bde9992fa390ddff2f92,TheLateShowwithStephenColbert,Powerhouse,91.22,187,123675646,1.502,0,0,,,39.19,Strong,2026-05-02 19:46:02
17,cf9cdeb50b57db02b93ff7dba8350f42,TEDEd,Powerhouse,79.02,162,72834398,4.061,0,0,,,38.92,Strong,2026-05-02 19:46:02
18,113c2ac4e2aaf4635c0b7e7a7f6bd4f2,SaturdayNightLive,Powerhouse,84.88,174,506752526,1.86,4.88,0,3999035,8.7,38.76,Strong,2026-05-02 19:46:02
19,52b6d6fc82db6aef110362f4755a1fe8,NBA,Powerhouse,88.29,181,72404568,1.804,0,0,,,38.56,Strong,2026-05-02 19:46:02
20,833bfa789525fe71f319d0da9eca4783,JamesCharles,Powerhouse,57.56,118,308971512,8.559,0,0,,,38.43,Strong,2026-05-02 19:46:02
21,db22fd6032b487abdb2d98f07e6597ee,SMTOWN,Regular,35.12,72,345614221,11.706,10.73,1.46,9324154,5.8,38.34,Strong,2026-05-02 19:46:02
22,b36483a63590f93ec28ad3431070d062,LateNightwithSethMeyers,Powerhouse,89.27,183,181602246,1.433,0,0,,,38.29,Strong,2026-05-02 19:46:02
22,4f6e0dc44a4083b84bcfe7fe3e112c4b,Vogue,Powerhouse,68.29,140,196864497,5.771,1.95,0,5579510,9.8,38.29,Strong,2026-05-02 19:46:02
24,5f79f9ec6b31a59841f8d08df40cfdf8,BuzzFeedVideo,Powerhouse,82.44,169,319288139,2.937,0,0,,,38.26,Strong,2026-05-02 19:46:02
25,853655ea6996d24f7cbf8dd9d0f60b64,MarvelEntertainment,Powerhouse,60.98,125,1808998971,3.812,22.93,11.22,34901604,5.2,38.13,Strong,2026-05-02 19:46:02
26,51729cc604c8ec9a118a6ed64d694fb7,TheLateLateShowwithJamesCorden,Powerhouse,79.51,163,296789992,2.845,3.9,0.49,6918388,6.1,38.1,Strong,2026-05-02 19:46:02
27,89124422bff25fdfbc736b66a4b2896f,CollegeHumor,Powerhouse,76.1,156,143700307,4.095,0,0,,,37.81,Strong,2026-05-02 19:46:02
28,fc4db43c9d9fc24c2c5b2c2c6007ed5b,FirstWeFeast,Powerhouse,74.63,153,165704839,4.198,0.49,0,2672086,10,37.56,Strong,2026-05-02 19:46:02
29,9a6313556cc8ccd53789a92991becde4,LifeNoggin,Powerhouse,72.2,148,79069240,4.534,0,0,,,37.04,Strong,2026-05-02 19:46:02
30,8cc1d10a7c58ae356878cfbed469a956,SafiyaNygaard,Powerhouse,67.32,138,524328365,5.575,0,0,,,36.96,Strong,2026-05-02 19:46:02
31,ca9624a5dd72635d59b2c1eb6bdedeb9,MarquesBrownlee,Powerhouse,63.41,130,204868208,6.278,0,0,,,36.66,Strong,2026-05-02 19:46:02
32,0ced89157b958ebec3ba8a5462c3cae1,INSIDER,Powerhouse,81.46,167,342052217,2.166,0.49,0,12675289,10,36.63,Strong,2026-05-02 19:46:02
33,fbab25bb42e3c13c031d9effc8bb65a9,IISuperwomanII,Powerhouse,51.22,105,175462864,8.607,0.49,0,3371669,8,36.13,Strong,2026-05-02 19:46:02
34,eb9330e15ec873951dc79e74e2224a65,WWE,Powerhouse,76.59,157,437968663,2.212,4.39,0.49,8049085,6.7,35.93,Strong,2026-05-02 19:46:02
35,f254a6edc992e53bbe75ef147923a71d,Tasty,Powerhouse,73.17,150,196577636,3.692,0,0,,,35.91,Strong,2026-05-02 19:46:02
36,d884f1c18be9e96a57c65bc4d2dcd696,VanityFair,Powerhouse,70.73,145,167294141,3.523,3.9,0,5839293,8.6,35.8,Strong,2026-05-02 19:46:02
37,260c11d9383149db842ea25d9861994d,BANGTANTV,Occasional,19.02,39,222708704,15.599,0,0,,,35.69,Strong,2026-05-02 19:46:02
38,8f7b580b0c555a098f6f4d3999dca3ad,HellthyJunkFood,Powerhouse,74.15,152,72126441,3.338,0,0,,,35.67,Strong,2026-05-02 19:46:02
39,8bba332cfa3860876462be05f9ac0cd9,FBE,Powerhouse,72.2,148,299269779,3.728,0,0,,,35.59,Strong,2026-05-02 19:46:02
40,484de35c2d00990b237a922d2dc4463e,20thCenturyFox,Powerhouse,65.37,134,1066912484,2.324,17.07,2.93,14047500,6.5,35.45,Strong,2026-05-02 19:46:02
41,545a9859e34848a4822cf327dbef5309,BonApptit,Powerhouse,73.66,151,128385524,3.239,0,0,,,35.29,Strong,2026-05-02 19:46:02
42,06a593491c6a47e55b6f4a348f24a1f2,NikkieTutorials,Powerhouse,53.17,109,250831472,7.77,0,0,,,35.25,Strong,2026-05-02 19:46:02
43,047833059fbc918f474bfd1fc77c1c56,KickThePj,One-Hit Wonder,0.49,1,83200,19.434,0,0,,,35.18,Strong,2026-05-02 19:46:02
44,14aff4e9ac5944fb0dd6f5110d2b755c,AmberLiu,One-Hit Wonder,2.44,5,772801,18.941,0,0,,,35.07,Strong,2026-05-02 19:46:02
45,a869dc99f29746209d40e275d76958f8,WarnerBrosPictures,Powerhouse,73.17,150,665142792,1.436,7.8,1.95,9183016,4.8,34.19,Strong,2026-05-02 19:46:02
46,178934976082f7de173d9c531c0507f7,HarryStylesVEVO,One-Hit Wonder,2.93,6,13938107,18.232,0.49,0.49,9632678,3,34.14,Strong,2026-05-02 19:46:02
47,2c52bba7756acc288c13d25440484b44,KurzgesagtInaNutshell,Powerhouse,55.61,114,334977011,6.561,0,0,,,34.05,Strong,2026-05-02 19:46:02
48,49f387f39611f3e22c7a603e5e1a078c,ScottySire,One-Hit Wonder,2.93,6,4439770,18.074,0,0,,,33.71,Strong,2026-05-02 19:46:02
49,80657a8a7163cce9fd16e4790d87c3a4,AsapSCIENCE,Powerhouse,60.49,124,640139160,4.007,7.32,1.95,36113197,4.8,33.6,Strong,2026-05-02 19:46:02
50,b2dab76bb5e0b9fb22c715a14ce67c68,SciShow,Powerhouse,65.85,135,38001463,4.01,0,0,,,33.56,Strong,2026-05-02 19:46:02
51,fb59de376e95fb9de59d21913b5a1875,GoodMythicalMorning,Powerhouse,71.71,147,142231380,2.614,0,0,,,33.39,Solid,2026-05-02 19:46:02
51,53260bc7c680a8bac1756143bb68fb86,Smosh,Powerhouse,64.88,133,192475834,4.131,0,0,,,33.39,Solid,2026-05-02 19:46:02
53,bc0c2814d5be0f4953735a9c28358423,ConnorFranta,Occasional,15.61,32,5614775,15.075,0,0,,,33.38,Solid,2026-05-02 19:46:02
54,6c9b03d05258a0fca22b67bb3672d7c6,TheKingofRandom,Powerhouse,71.71,147,125688105,2.549,0,0,,,33.27,Solid,2026-05-02 19:46:02
55,46c37e9322c36ff9a03a1894adec295c,dodieVEVO,Occasional,5.85,12,4684398,17.029,0,0,,,32.99,Solid,2026-05-02 19:46:02
56,efa1ad498dfdc3921160ebbeda9d254d,LauraLee,Regular,45.85,94,69868146,7.931,0,0,,,32.62,Solid,2026-05-02 19:46:02
57,6da1b1bd422a7e3a22436b9b8c0fb6b1,TheSlowMoGuys,Powerhouse,59.51,122,269936871,3.852,5.85,2.93,6098005,6.1,32.49,Solid,2026-05-02 19:46:02
58,08f36d88347820346aa16a22a6d08592,LouisTomlinsonVEVO,One-Hit Wonder,2.93,6,14971040,16.938,0,0,,,31.66,Solid,2026-05-02 19:46:02
59,f439c7c6fd4cb7cb0bfc004b813c1b07,AmazingPhil,Occasional,6.83,14,18201915,16.027,0,0,,,31.58,Solid,2026-05-02 19:46:02
60,d448eb66330f02a911c0d18ebae8ac7f,MaxJoseph,One-Hit Wonder,0.49,1,895352,17.359,0,0,,,31.44,Solid,2026-05-02 19:46:02
61,794a77d0ea503a649afbec42c38e2deb,SimonsCat,Powerhouse,56.1,115,51215771,4.844,0,0,,,31.16,Solid,2026-05-02 19:46:02
62,b29b63b3d32897959b2e1ccf576d3ade,JackieAina,Regular,30.24,62,39944803,10.493,0,0,,,30.98,Solid,2026-05-02 19:46:02
63,9045777626d8382b94342324cd84edb6,LoganPaulVlogs,Occasional,11.71,24,484356303,12.591,11.71,8.29,20181513,2.9,30.86,Solid,2026-05-02 19:46:02
64,78c74dd625ad61e041b634a7dcee1f67,GreatBigStory,Powerhouse,62.44,128,54827141,3.132,0,0,,,30.61,Solid,2026-05-02 19:46:02
65,c4b7d3155ccad4e899021e2e83ce9f69,YouSuckAtCooking,Powerhouse,52.2,107,82688310,5.374,0,0,,,30.55,Solid,2026-05-02 19:46:02
66,b41c7545c054f7e0b98320aea24e16d6,nigahiga,Regular,42.93,88,582326628,6.524,5.37,0,5050748,7.9,30.53,Solid,2026-05-02 19:46:02
67,f5754d3fadf092cf0250d064701b804c,HenryPrinceMak,One-Hit Wonder,2.93,6,552535,16.284,0,0,,,30.48,Solid,2026-05-02 19:46:02
68,10fcecb355bdd9456dfebf3049dba29a,PTXofficial,Regular,43.9,90,281683953,6.115,5.37,1.46,7202976,4.9,30.18,Solid,2026-05-02 19:46:02
69,7789511568ed7eec452b5c380d783c25,Marzia,Regular,28.78,59,122740283,10.278,0,0,,,30.01,Solid,2026-05-02 19:46:02
70,048a14f1ff4fe9d353097bff574a2028,NiallHoranVEVO,Occasional,9.27,19,13807964,14.54,0,0,,,29.88,Solid,2026-05-02 19:46:02
71,eff4d5b04cfcf51544b1f86524939070,jessiepaege,Occasional,7.32,15,1874310,14.909,0,0,,,29.76,Solid,2026-05-02 19:46:02
72,ddb944aca2949cf67d99f5f131cdc7cc,Tati,Regular,49.76,102,86618909,5.458,0,0,,,29.73,Solid,2026-05-02 19:46:02
73,75272d8376f45d25edac9fb5f1677cd7,Caspar,One-Hit Wonder,2.44,5,1336644,15.814,0,0,,,29.44,Solid,2026-05-02 19:46:02
74,6415ee07c0794dd5a1e1f78b589d9c67,TheValleyfolk,One-Hit Wonder,3.9,8,2219026,15.41,0,0,,,29.3,Solid,2026-05-02 19:46:02
75,a315ad2a62b3fd4a1502c07dd5b3fa3c,CaseyNeistat,Regular,46.34,95,232745266,5.142,4.88,0,6003715,5.8,29.26,Solid,2026-05-02 19:46:02
75,406f6db0da0acd39a5bcf09681641983,SmyangPiano,One-Hit Wonder,2.93,6,234553,15.602,0,0,,,29.26,Solid,2026-05-02 19:46:02
77,ce83bfd8be9a0e7ccb4809ce4bf88758,MannyMua,One-Hit Wonder,2.93,6,8104400,15.6,0,0,,,29.25,Solid,2026-05-02 19:46:02
78,30d718547372321d341305e4f1b7262d,HannahStocking,Regular,49.27,101,439432466,4.288,5.85,0,20048092,6.1,29.18,Solid,2026-05-02 19:46:02
79,a8b4aacb53919256d5b92b8fcb5a90c3,jypentertainment,Regular,31.22,64,1486972132,4.862,25.85,15.61,27430736,3.4,28.99,Solid,2026-05-02 19:46:02
80,693d81f19b52f284828d11e377969e8c,Domics,Regular,42.93,88,217423286,6.543,0,0,,,28.95,Solid,2026-05-02 19:46:02
81,2906edc07e4384ac3e93740a48d6c21c,CatCreature,Occasional,11.22,23,2831968,13.518,0,0,,,28.82,Solid,2026-05-02 19:46:02
82,b7f10ac739595fa19e4e306522667d88,TheFilmTheorists,Regular,49.76,102,397542779,3.97,5.85,0,5956625,7.6,28.81,Solid,2026-05-02 19:46:02
83,7cf35ca45682e6fe9cfb95c0b437d1c6,LizaKoshy,Regular,21.95,45,198176404,9.243,11.22,0,4999372,8.5,28.78,Solid,2026-05-02 19:46:02
84,7e6d361fcae758ab6276eebb8dff6e6c,TheVampsVEVO,One-Hit Wonder,2.44,5,940982,15.44,0,0,,,28.77,Solid,2026-05-02 19:46:02
85,239a8e8e4431d9b379fddf6936fe198a,JennaMarbles,Regular,27.8,57,161428450,9.792,0,0,,,28.75,Solid,2026-05-02 19:46:02
86,ad786a2b5979b73897e632a439a9fff3,BingingwithBabish,Powerhouse,54.63,112,120354260,3.75,0,0,,,28.6,Solid,2026-05-02 19:46:02
86,bc64855d9e4ed96f2257757cdf1889fa,ShawnMendes,Occasional,15.12,31,139625542,11.635,5.37,0.49,9721476,4.5,28.6,Solid,2026-05-02 19:46:02
88,80b784f002f23e2949958c62bc276ef2,JessicaKellgrenFozard,One-Hit Wonder,2.93,6,142863,15.176,0,0,,,28.49,Solid,2026-05-02 19:46:02
89,df3505019cbea8b110cc1699a1904971,TroyeSivanVEVO,Regular,27.8,57,195158834,9.092,2.93,0.98,6373069,3.8,28.36,Solid,2026-05-02 19:46:02
90,7ec699cf0acffb904f4ebc4f392023a2,doddleoddle,Occasional,5.37,11,9337953,14.528,0,0,,,28.3,Solid,2026-05-02 19:46:02
91,22ab2c0bea93aab922df72481f26a218,MarkFerris,One-Hit Wonder,1.95,4,183572,15.189,0,0,,,28.12,Solid,2026-05-02 19:46:02
92,174764c98f72bfe1d75b169988aa1d0f,RosannaPansino,Regular,46.83,96,96223956,5.204,0,0,,,28.1,Solid,2026-05-02 19:46:02
93,4bbcfeaea3f29baf9bc62df3d2a6e224,CrazyRussianHacker,Powerhouse,55.61,114,121910736,3.25,0,0,,,28.09,Solid,2026-05-02 19:46:02
93,76a7a1a631659957d5a52b60f5a7c06c,TylerOakley,Regular,30.73,63,28474353,8.775,0,0,,,28.09,Solid,2026-05-02 19:46:02
95,c6df87ddcc8e63edaa4599d21a78464c,Markiplier,Regular,30.73,63,68151773,8.773,0,0,,,28.08,Solid,2026-05-02 19:46:02
96,816214be3f5661b2db1434ba9fc9d839,CamilaCabello,Occasional,14.63,30,35340290,12.261,0,0,,,27.92,Solid,2026-05-02 19:46:02
97,05671fce99609fbf506b0ef843e7d362,ElleOfTheMills,Occasional,15.61,32,25365998,12.006,0,0,,,27.85,Solid,2026-05-02 19:46:02
98,b7059694c8cd0d8fffa017321ec9b161,ABCNews,Powerhouse,60,123,55848342,2.129,0,0,,,27.83,Solid,2026-05-02 19:46:02
99,79c3534dcfd1c50d88637147d5602fef,AnthonyPadilla,Regular,27.8,57,14398422,9.209,0,0,,,27.7,Solid,2026-05-02 19:46:02
100,547c27f4635202c2009225a5437dfca8,5SOSVEVO,Occasional,15.61,32,64307790,11.873,0,0,,,27.62,Solid,2026-05-02 19:46:02
101,ff6181bd7b4c5fbb17e28669b28e5062,JackandDean,Occasional,9.27,19,3328122,13.26,0,0,,,27.58,Solid,2026-05-02 19:46:02
102,3dab8d152096c0f530360ce405a3ad2c,ShawnMendesVEVO,Regular,28.29,58,442730335,8.087,5.37,0,24287297,6.5,27.48,Solid,2026-05-02 19:46:02
103,a4fe21c88afb2c7858d50561fe313629,DarrenCriss,One-Hit Wonder,2.44,5,284049,14.713,0,0,,,27.46,Solid,2026-05-02 19:46:02
104,4d49e3bc5dc725dbb502bb2cb7a534d7,SailorJ,Occasional,17.07,35,5500591,11.409,0,0,,,27.36,Solid,2026-05-02 19:46:02
105,fc5eefc27477523967ec7181bdb55bf8,iJustine,Regular,48.29,99,50060269,4.435,0,0,,,27.3,Solid,2026-05-02 19:46:02
106,0e6f5ff12e1d90bacf6d8fed4ab635da,DolanTwins,Occasional,5.85,12,18305623,13.823,0,0,,,27.22,Solid,2026-05-02 19:46:02
106,39136d4300c1f0434c465ac524c30d77,ConanGray,One-Hit Wonder,3.9,8,1162250,14.254,0,0,,,27.22,Solid,2026-05-02 19:46:02
108,ad7222c0158841ca7ee01c25b91cc490,RudyMancuso,Regular,36.1,74,240999117,6.514,3.41,0,4316877,8.9,27.19,Solid,2026-05-02 19:46:02
109,66412345e84973e98eee4ff7705a6763,BraveWilderness,Powerhouse,51.71,106,195237547,3.087,2.93,0,5516768,8,27.12,Solid,2026-05-02 19:46:02
110,acf8c59ad4086f0490fcc795b1de3904,TheVoice,Powerhouse,59.02,121,146765823,1.941,0,0,,,27.1,Solid,2026-05-02 19:46:02
111,509f483e4903acf02b1e7d3875fe8a77,TomThum,One-Hit Wonder,1.46,3,64822,14.695,0,0,,,27.04,Solid,2026-05-02 19:46:02
112,a70079324364a573260e48d811409da7,vlogbrothers,Regular,33.66,69,16348565,7.523,0,0,,,27.01,Solid,2026-05-02 19:46:02
113,777f96ad6a4814ae2303c1bc6a2da6ff,WilliamOsman,Regular,37.56,77,27435191,6.641,0,0,,,26.98,Solid,2026-05-02 19:46:02
114,18f8abea98013844e3b2112c9d33ffb8,NFL,Powerhouse,60,123,136978912,1.604,0,0,,,26.89,Solid,2026-05-02 19:46:02
115,5af2904a4c73f4d69e3b297462440c15,StarWars,Powerhouse,51.71,106,115402604,3.375,0,0,,,26.76,Solid,2026-05-02 19:46:02
116,bdf03bce64f5168cad22137367445ae6,DanielHowell,One-Hit Wonder,1.95,4,7298244,14.405,0,0,,,26.71,Solid,2026-05-02 19:46:02
117,674c46388e60ccd507ba130223ba0a1b,billwurtz,Regular,20,41,79117913,10.364,0,0,,,26.66,Solid,2026-05-02 19:46:02
118,10b4eb76294b70d7fd6df997ff06edb1,Complex,Powerhouse,52.68,108,214400812,3.037,0,0,,,26.54,Solid,2026-05-02 19:46:02
119,add6f589a765f5540ae473fe65a9a43c,WashingtonPost,Powerhouse,56.1,115,184469147,2.191,0,0,,,26.38,Solid,2026-05-02 19:46:02
120,bda54680ac8c7add4b1d870d69e02d7d,SonyPicturesEntertainment,Regular,42.93,88,1432374398,1.845,19.51,7.32,31075983,5.4,26.35,Solid,2026-05-02 19:46:02
121,1b5186cc58d3b10409642ef6c8c9875a,UniversalPictures,Powerhouse,51.71,106,883707419,1.488,9.76,4.39,19722332,4.7,26.29,Solid,2026-05-02 19:46:02
122,073b7e4ff1d153a52b07eadb5898cb92,Nintendo,Regular,42.44,87,169728343,4.451,3.9,1.95,7910370,3.6,26.16,Solid,2026-05-02 19:46:02
123,b451779347022d51572460b4b94acdfb,PrettyMuchVEVO,Occasional,6.83,14,3177869,13.009,0,0,,,26.15,Solid,2026-05-02 19:46:02
124,8f6851c47c2f913a3a0a54e39dd0d0e7,SimoneGiertz,Regular,34.15,70,76047479,6.922,0,0,,,26.12,Solid,2026-05-02 19:46:02
125,f0b503c8eef23bd3e8dd8a9166d29a3d,TessaViolet,One-Hit Wonder,3.9,8,822179,13.587,0,0,,,26.02,Solid,2026-05-02 19:46:02
126,db2b7d905e610c063206f56b5de91c93,GraceHelbig,Regular,36.59,75,17376527,6.296,0,0,,,25.97,Solid,2026-05-02 19:46:02
127,e42f7c6bea0b382b09a44efb092b95f3,CGPGrey,Occasional,13.66,28,36805588,11.373,0,0,,,25.94,Solid,2026-05-02 19:46:02
128,1bb6ed8a4f60e38cf13d22027a60078e,CharliePuth,Regular,40.49,83,362988734,5.152,1.46,0,5726488,8.3,25.91,Solid,2026-05-02 19:46:02
129,cf9f62d4906d63087d71916c1c94c058,Billboard,Regular,31.22,64,76757116,7.45,0,0,,,25.9,Solid,2026-05-02 19:46:02
129,d3a73246b47475bb405f53b3b378b532,JaidenAnimations,Regular,24.88,51,158278108,8.862,0,0,,,25.9,Solid,2026-05-02 19:46:02
131,61312862da5d856b64ab436d1ddba6a1,itsAlexClark,Regular,43.9,90,88455865,4.499,0,0,,,25.66,Solid,2026-05-02 19:46:02
132,66b7dbed74dc3bfaa4d7127108202c50,Nerdwriter1,Regular,30.24,62,25845261,7.515,0,0,,,25.62,Solid,2026-05-02 19:46:02
133,2ed530ecf1805b4d0e79fc2b8ef85125,AnnaAkana,Regular,22.93,47,14419481,9.111,0,0,,,25.57,Solid,2026-05-02 19:46:02
133,618ded12ed11abd8b2c772544bb22c13,AlissaAshley,Occasional,12.68,26,9094406,11.389,0,0,,,25.57,Solid,2026-05-02 19:46:02
135,10ddefae581416bd7a39ac39196266c2,DanAndPhilGAMES,One-Hit Wonder,2.93,6,4033755,13.548,0,0,,,25.56,Solid,2026-05-02 19:46:02
136,7b1484d9ea1405633f3e40aa710da408,BadLipReading,Regular,44.88,92,476570575,3.955,1.46,0,4619523,8.7,25.51,Solid,2026-05-02 19:46:02
137,63c7ec149b0fd78de4bb8a5475e15490,NataliesOutlet,Occasional,8.78,18,30353541,12.212,0,0,,,25.49,Solid,2026-05-02 19:46:02
138,ec4bde813e0834c33ee78c1c70d06cf5,TheOdd2sOut,Occasional,13.17,27,29120441,11.228,0,0,,,25.48,Solid,2026-05-02 19:46:02
139,917204422a13e0986b764f9639aa3066,LelePons,Regular,33.17,68,380567124,4.748,11.71,1.46,7051229,6.8,25.33,Solid,2026-05-02 19:46:02
140,065def3fe6436a4e9a138220a68e1f73,LaurDIY,Regular,39.51,81,131546255,5.277,0,0,,,25.3,Solid,2026-05-02 19:46:02
141,13d69159a6c08cf0a365e1f4630b5408,HowRidiculous,Regular,36.59,75,612065519,3.556,13.66,0.49,10647448,6.2,25.13,Solid,2026-05-02 19:46:02
142,8adcb620f7619c9f49202dc382429b1f,Refinery29,Regular,46.83,96,15807126,3.543,0,0,,,25.11,Solid,2026-05-02 19:46:02
143,079c7f9c1355597c8b6d5f382960fa70,YouTubeSpotlight,Occasional,8.78,18,791388476,11.325,3.9,3.9,97600130,1.4,25.07,Solid,2026-05-02 19:46:02
144,a21951f922d8233f2f8ce4dfa7abfb5c,REACT,Regular,49.76,102,119113195,2.86,0,0,,,25.05,Solid,2026-05-02 19:46:02
145,a13b8c8f26afacba51d83e11d5c2cb5f,AmberScholl,Regular,35.12,72,84057729,6.093,0,0,,,25.02,Solid,2026-05-02 19:46:02
145,385b66687865c259097e6f2297de5963,tovestyrkeVEVO,One-Hit Wonder,1.46,3,30716,13.575,0,0,,,25.02,Solid,2026-05-02 19:46:02
147,9928e6260de6f6e55e14355bcc4412ba,WhyDontWe,One-Hit Wonder,1.46,3,2134458,13.566,0,0,,,25,Solid,2026-05-02 19:46:02
148,9e3bc33406db5dd56e22f9b8e7ec2970,WillSmith,Regular,36.1,74,175987090,5.696,0.98,0,7703846,10,24.99,Solid,2026-05-02 19:46:02
149,7790ffbb26cf6409e707105e92cde91e,shane,One-Hit Wonder,4.39,9,35413539,12.494,2.44,0,4090952,8.4,24.98,Solid,2026-05-02 19:46:02
150,93d54ab8de892393eca5528fbb6d6569,jeffreestar,Occasional,18.54,38,83243512,9.743,0,0,,,24.95,Solid,2026-05-02 19:46:02
151,c1da20013350e84dd3fd72a8ada5b201,grav3yardgirl,Regular,20,41,108667023,9.404,0,0,,,24.93,Solid,2026-05-02 19:46:02
152,c40fff2a637c83398d00bbbce0d00437,CinemaSins,Regular,49.27,101,200984487,2.798,0.49,0,3638866,8,24.89,Solid,2026-05-02 19:46:02
153,c917010768e012f6903784a2ccd19550,LucastheSpider,Regular,35.12,72,414149390,5.531,2.93,0,6805213,7.2,24.88,Solid,2026-05-02 19:46:02
154,1cb6e15b4666b211023bb09c4f42d45a,GlamGore,Regular,24.39,50,19028774,8.322,0,0,,,24.74,Solid,2026-05-02 19:46:02
155,100207a4cb6e2fc3c0bfdffda8c770e0,JunsKitchen,Regular,28.29,58,110463061,7.441,0,0,,,24.71,Solid,2026-05-02 19:46:02
156,8f7b145a71def09a78817d56278cca89,TrevorMoran,One-Hit Wonder,0.49,1,553866,13.573,0,0,,,24.63,Solid,2026-05-02 19:46:02
157,d849995837cc62d4702a7bf7c8adb10b,KathleenLights,Regular,33.66,69,33327785,6.163,0,0,,,24.56,Solid,2026-05-02 19:46:02
158,f5375228e1aa6056724cbf6130a36c88,TheACEFamily,One-Hit Wonder,4.39,9,64609976,12.362,1.46,0,7851558,9,24.45,Solid,2026-05-02 19:46:02
159,330ff0c1806a710cfeab1f0e62a85ca1,UnboxTherapy,Regular,38.54,79,336452697,4.477,2.93,0,4437633,7.3,24.35,Solid,2026-05-02 19:46:02
160,ee6dfab00602ccce2e563c8195fff61a,JennyNicholson,Regular,28.78,59,13273071,7.111,0,0,,,24.31,Solid,2026-05-02 19:46:02
161,21ff7f97807379a96b8e7f5b8d3548ec,TeamCoco,Powerhouse,51.71,106,140089939,2.004,0,0,,,24.29,Solid,2026-05-02 19:46:02
162,e0b5d9f6687bb745924eb2446c16597d,GusJohnson,Regular,33.17,68,29091111,6.117,0,0,,,24.28,Solid,2026-05-02 19:46:02
163,285bb77416ba56f99578ad9545d138a2,TroyeSivan,One-Hit Wonder,2.44,5,1937252,12.915,0,0,,,24.22,Solid,2026-05-02 19:46:02
164,7a3ee1bd45b7d7340fe686bbcf3109b8,InsideEdition,Powerhouse,50.73,104,46579604,2.163,0,0,,,24.19,Solid,2026-05-02 19:46:02
165,bb0c792c35e1e7ef9fb7522bca35c710,TheVerge,Regular,46.83,96,51382911,3.027,0,0,,,24.18,Solid,2026-05-02 19:46:02
166,f13b6a3afca196e3d16eb7cd94fba026,ThisMightGet,One-Hit Wonder,4.39,9,1355218,12.437,0,0,,,24.14,Solid,2026-05-02 19:46:02
167,c577e84597dbf54e7d4035d4e602d2df,WillDarbyshire,One-Hit Wonder,3.41,7,283392,12.597,0,0,,,24.04,Solid,2026-05-02 19:46:02
168,7f24b09e5b5a9ca9b426f74e6e909768,TheAngryGrandpaShow,One-Hit Wonder,3.9,8,44963723,12.073,1.95,0,7287068,6.5,23.88,Solid,2026-05-02 19:46:02
169,bc7e2a2bca3784070000c120b744791b,danisnotinteresting,One-Hit Wonder,2.44,5,921606,12.721,0,0,,,23.87,Solid,2026-05-02 19:46:02
170,43e5cd23f447047919fe532b94775bd8,HannahWitton,One-Hit Wonder,0.98,2,54584,13.029,0,0,,,23.84,Solid,2026-05-02 19:46:02
171,99d7d4f283e5e8db133dff12214e5301,EdSheeran,Regular,22.93,47,1032288961,4.791,20,9.27,24513789,4.4,23.8,Solid,2026-05-02 19:46:02
172,d4353f54aa2979a5d13f73fd78a39a09,FaZeRug,Regular,27.32,56,129237089,7.1,0,0,,,23.71,Solid,2026-05-02 19:46:02
173,debcd437e10a4893008c4081b5b23f16,ExplosmEntertainment,Regular,38.05,78,94368973,4.673,0,0,,,23.63,Solid,2026-05-02 19:46:02
173,f7ed23578bec66a736d934a79c27d792,TaylorSwiftVEVO,Regular,23.9,49,1010955662,5.948,11.22,10.24,41711506,2,23.63,Solid,2026-05-02 19:46:02
175,584bd121ccf961cea3c3968dfa625984,radiodisney,Occasional,5.37,11,20750077,11.902,0,0,,,23.57,Solid,2026-05-02 19:46:02
176,1fcc32c858b1420bcec6b4563cba7013,zefrank1,Regular,24.39,50,53189544,7.649,0,0,,,23.52,Solid,2026-05-02 19:46:02
177,b7402fb409e711a7030643c7539bb658,MrKate,Regular,31.71,65,64584006,6.001,0,0,,,23.49,Solid,2026-05-02 19:46:02
178,2adcaba460fadc179e1cd2f284f2ac5a,CaptainDisillusion,One-Hit Wonder,4.39,9,2554074,12.057,0,0,,,23.46,Solid,2026-05-02 19:46:02
179,7dda108aef4aa2225c8e4e17528edfdd,ThomasSanders,Occasional,15.61,32,11729584,9.541,0,0,,,23.42,Solid,2026-05-02 19:46:02
180,1a1380de786499a23c69b05c446c6484,ThreadBanger,Regular,33.66,69,61856201,5.481,0,0,,,23.33,Solid,2026-05-02 19:46:02
181,c9ca49370ac48cc6ff5b31071eaa2751,AustinEvans,Regular,31.71,65,30663944,5.865,0,0,,,23.24,Solid,2026-05-02 19:46:02
182,03219b11d6170520cd434a165300cbde,TODAY,Regular,49.76,102,64161753,1.835,0,0,,,23.21,Solid,2026-05-02 19:46:02
183,0e34cc290066a219c6f680da2e03c1b4,HowToCakeIt,Regular,39.51,81,43295072,4.08,0,0,,,23.15,Solid,2026-05-02 19:46:02
184,c002271eace7473ef654162aa78a822f,LifeAccordingToJimmy,One-Hit Wonder,3.9,8,1737228,11.979,0,0,,,23.12,Solid,2026-05-02 19:46:02
185,20c4ec94d22d6d42d72945a2e850e78d,BBCRadio1,Regular,40.98,84,104438517,3.652,0.49,0,4080130,10,23.11,Solid,2026-05-02 19:46:02
186,c316defb7f49cb5648f18e303f27b185,NBCNews,Powerhouse,50.73,104,31528074,1.521,0,0,,,23.03,Solid,2026-05-02 19:46:02
187,9ebca54d51907fe3b5670fe8986b004d,MadelainePetsch,Occasional,16.59,34,16664356,9.099,0,0,,,23.01,Solid,2026-05-02 19:46:02
188,93e685baeb65d4fc5f41c9c16e57df5f,TheDodo,Regular,40.49,83,75734561,3.613,0.98,0,4239172,9,22.99,Solid,2026-05-02 19:46:02
189,63e3dfa3446d8cf819e3a9a52a08fc5d,doddlevloggle,One-Hit Wonder,2.93,6,2336975,12.096,0,0,,,22.94,Solid,2026-05-02 19:46:02
190,1c64debfc8b99b1e91f73af6abfa9a03,SUPERFRUIT,Occasional,7.32,15,6137973,11.095,0,0,,,22.9,Solid,2026-05-02 19:46:02
191,b9376049c2a0b33f9753eeb8a55b9995,EEntertainment,Powerhouse,52.68,108,74950439,0.935,0,0,,,22.76,Solid,2026-05-02 19:46:02
192,b8c1086e1fdbf39f28898f64efcaabc2,TheGrahamNortonShow,Regular,49.76,102,146971573,1.543,0,0,,,22.68,Solid,2026-05-02 19:46:02
193,509e5f41146e278f9eab1ddaceb34515,HBO,Regular,46.34,95,216945704,1.397,5.37,0,9730358,9,22.66,Solid,2026-05-02 19:46:02
194,668c61d78a4077ee0f22ed6dab1e562d,BuzzFeedCeleb,Regular,27.8,57,275753410,6.404,0,0,,,22.65,Solid,2026-05-02 19:46:02
195,276a329e2b10a4939b495187cffa8149,GingerPale,Occasional,8.29,17,8931549,10.735,0,0,,,22.64,Solid,2026-05-02 19:46:02
196,95ef6efc810e178cdb09654ce2cf3feb,MichelleKhare,Regular,37.56,77,42572707,4.22,0,0,,,22.62,Solid,2026-05-02 19:46:02
197,704ac40de40e048b12fe8f40a84f628a,JulienSolomita,Occasional,9.27,19,3546525,10.429,0,0,,,22.48,Solid,2026-05-02 19:46:02
198,6a1757c3d4fc409adab6565991ff4a9d,BigMarvel,Occasional,17.56,36,59289312,8.577,0,0,,,22.46,Solid,2026-05-02 19:46:02
199,23fdcc4577ace4c6f75c8c2302a3e241,ANDREWHUANG,Regular,22.93,47,16765839,7.335,0,0,,,22.38,Solid,2026-05-02 19:46:02
200,fc23cfc8ccfd5d4f93c8549976fc91fd,merrelltwins,Occasional,18.05,37,22776228,8.408,0,0,,,22.35,Solid,2026-05-02 19:46:02
201,66b5c2c10c05cd644d836c51e54b37a0,RawBeautyKristi,One-Hit Wonder,2.44,5,455842,11.85,0,0,,,22.31,Emerging,2026-05-02 19:46:02
202,a79daf2060ce81ca22c344dd26c60b28,GuavaJuice,Regular,35.12,72,91945352,4.472,0,0,,,22.1,Emerging,2026-05-02 19:46:02
203,1af37578a46390c63aa3b212ea46d8e1,EminemVEVO,Occasional,16.1,33,478395133,6.155,15.12,9.27,15137033,3.9,22.06,Emerging,2026-05-02 19:46:02
204,a415ffe43a6712aa58dbaa92455af706,LinkinPark,Occasional,11.22,23,19353808,9.744,0,0,,,22.03,Emerging,2026-05-02 19:46:02
205,3bcfea2f189f0839ca5746e02b910cf8,BBCNews,Regular,45.37,93,41317479,2.148,0,0,,,22.01,Emerging,2026-05-02 19:46:02
206,8573dd37608693c224c5d1bc4d92403f,MattStonie,Regular,39.51,81,183888364,3.444,0,0,,,22,Emerging,2026-05-02 19:46:02
207,57db3def1de8d97a55befe9f74461a86,KatyPerry,One-Hit Wonder,0.49,1,56012,12.074,0,0,,,21.93,Emerging,2026-05-02 19:46:02
208,def3f7093727e6a386a98993a3294707,QueenNaija,Occasional,11.71,24,156429808,8.665,5.37,0,12481986,7.9,21.89,Emerging,2026-05-02 19:46:02
209,80b9aa74f0f26884e700b849337207f8,LizaKoshyToo,Occasional,16.59,34,85624308,8.471,0,0,,,21.88,Emerging,2026-05-02 19:46:02
209,7db5dec0ab0f16850261368e8ba6ed6f,littlemixVEVO,One-Hit Wonder,4.88,10,14241026,11.071,0,0,,,21.88,Emerging,2026-05-02 19:46:02
211,517c7b43e92b076450d1c0df8aed038b,DamonAndJo,Regular,20.98,43,3460623,7.387,0,0,,,21.69,Emerging,2026-05-02 19:46:02
212,b2cc00f919bc2f1b417911ee13c6788f,greyson97,One-Hit Wonder,2.44,5,219215,11.486,0,0,,,21.65,Emerging,2026-05-02 19:46:02
213,bbe4f2e20081c6cc5b024e77f2de5159,TeenVogue,Regular,28.29,58,33394180,5.717,0,0,,,21.61,Emerging,2026-05-02 19:46:02
214,e2ea4e98e7f11ef5ce78a26ff38fcdd8,SimplyNailogical,Regular,25.85,53,116445329,6.253,0,0,,,21.6,Emerging,2026-05-02 19:46:02
215,ec9afea22b8f80708711c1405981a1f3,PanicAtTheDisco,Occasional,16.59,34,107058402,8.298,0,0,,,21.57,Emerging,2026-05-02 19:46:02
216,c0f14809e2f1012a5f448c30dcd162a5,ChainsmokersVEVO,Regular,26.34,54,427248452,4.954,6.83,2.44,10198628,4.5,21.5,Emerging,2026-05-02 19:46:02
216,6870108d04b47cddac6a2c6146b0afa4,CamilaCabelloVEVO,Occasional,16.1,33,323947707,6.58,10.73,0,13275367,5.5,21.5,Emerging,2026-05-02 19:46:02
218,d548807ab972c760920fedd71a36b986,communitychannel,One-Hit Wonder,2.93,6,1596177,11.255,0,0,,,21.43,Emerging,2026-05-02 19:46:02
219,afc3a707daa4b94da072da5767d50f57,NikkiGlamour,Occasional,7.8,16,3868717,10.155,0,0,,,21.4,Emerging,2026-05-02 19:46:02
220,e6ee8c2f3ae46d367e5a916740bc5dff,jennxpenn,Occasional,18.54,38,14947447,7.74,0,0,,,21.35,Emerging,2026-05-02 19:46:02
221,54d3a21ee5b8a15d2004b7350bf67e6d,SpaceX,Regular,36.1,74,295181533,3.013,4.88,1.95,18012754,4.1,21.33,Emerging,2026-05-02 19:46:02
222,13f8496da7330d65176470f6ee6a933e,AlanWalker,Regular,23.41,48,90600675,6.642,0,0,,,21.32,Emerging,2026-05-02 19:46:02
223,bfd156ee051ce118b80ca1ee43691f63,TheSchoolofLife,Regular,30.73,63,15381055,5.011,0,0,,,21.31,Emerging,2026-05-02 19:46:02
224,f768aa5ab9a59befb4f250bf3f62a0d4,LeroySanchez,Occasional,5.85,12,7219025,10.518,0,0,,,21.27,Emerging,2026-05-02 19:46:02
225,c79f13cd081a6107a58deee8bba17926,TheView,Regular,45.85,94,32278863,1.619,0,0,,,21.25,Emerging,2026-05-02 19:46:02
226,46903e14cd43e8b77ab4757351715492,Pixielocks,Occasional,8.78,18,818336,9.85,0,0,,,21.24,Emerging,2026-05-02 19:46:02
227,601dc5709a5026af22c6de62c91ce705,MikeBoyd,Regular,30.73,63,28654820,4.967,0,0,,,21.23,Emerging,2026-05-02 19:46:02
228,5a9146b18cd55ba6d863475f30d22018,AtlanticRecords,Regular,29.27,60,79781341,5.284,0,0,,,21.22,Emerging,2026-05-02 19:46:02
229,2dd73a658d83efd393b2cfd4df57b806,ArianaGrandeVevo,Regular,20.98,43,1576959172,5.467,9.76,7.8,76464566,2.4,21.16,Emerging,2026-05-02 19:46:02
229,3f03584f33cdb41eb88a2c43f7157e73,CollinsKey,One-Hit Wonder,3.9,8,73162789,10.241,3.9,3.41,9145349,3.3,21.16,Emerging,2026-05-02 19:46:02
231,c44a29c364ed7fd8a849f2cc0315e322,colinfurze,Regular,33.17,68,135961026,4.284,0,0,,,20.98,Emerging,2026-05-02 19:46:02
232,f4a8309bbe4f287d89aa07e9fa0c8636,GraceVanderWaalVEVO,Occasional,12.2,25,45166389,8.934,0,0,,,20.96,Emerging,2026-05-02 19:46:02
233,dd207a3b742c3c5042a0b0c912fc3714,MorganAdams,Occasional,11.71,24,29858160,9.034,0,0,,,20.95,Emerging,2026-05-02 19:46:02
234,8ff93c9be98e01b0f99d2d09bde917e1,ShamelessMaya,One-Hit Wonder,4.39,9,1110217,10.639,0,0,,,20.91,Emerging,2026-05-02 19:46:02
235,8b46aacdc1752a0c4dd04b8079700bf0,WongFuProductions,Regular,22.44,46,11674085,6.61,0,0,,,20.87,Emerging,2026-05-02 19:46:02
236,2a299b97d622f2c29576b3bc2c709db0,AsIs,Regular,37.07,76,77280545,3.342,0,0,,,20.84,Emerging,2026-05-02 19:46:02
236,024bab8262e4d75911b6d47cbbf0e603,HalfasInteresting,Regular,34.63,71,30264007,3.882,0,0,,,20.84,Emerging,2026-05-02 19:46:02
238,427a7dd8c7fd62c1153b6c446aa240ef,StudioC,Regular,36.1,74,35902188,3.528,0,0,,,20.79,Emerging,2026-05-02 19:46:02
239,69146683f2241291b775d7bf6a210640,JoeyGraceffa,Occasional,12.2,25,20183463,8.835,0,0,,,20.78,Emerging,2026-05-02 19:46:02
240,6d2fe0f10acd34478c381066cf4224f6,JohnCampea,Regular,26.83,55,2820313,5.542,0,0,,,20.71,Emerging,2026-05-02 19:46:02
241,a335416a8a47c3260cc1fde5197abb4a,TrevorWallace,One-Hit Wonder,1.95,4,31048,11.065,0,0,,,20.7,Emerging,2026-05-02 19:46:02
241,5cc0b056319595fd6f019f0264b449e3,CNLohr,One-Hit Wonder,0.49,1,5224,11.39,0,0,,,20.7,Emerging,2026-05-02 19:46:02
243,5a747a35744e5f50f55d0bac09a43d8d,Matthias,Regular,33.17,68,145414559,4.076,0,0,,,20.6,Emerging,2026-05-02 19:46:02
244,0531bcb9aac4696fc66c67122c5aa391,FueledByRamen,Occasional,19.02,39,33174757,7.154,0,0,,,20.49,Emerging,2026-05-02 19:46:02
245,71b328f09bf659e704c17aac28b36c4f,ColliderVideos,Regular,31.71,65,4878064,4.328,0,0,,,20.47,Emerging,2026-05-02 19:46:02
246,e449b273855d070a0a79cea44ce8ddc3,WatchWhatHappensLivewithAndyCohen,Regular,46.34,95,21978782,1.064,0,0,,,20.45,Emerging,2026-05-02 19:46:02
247,3b0d7ab829683308e98d3958928e3b3c,LinusTechTips,Regular,33.17,68,111892921,3.982,0,0,,,20.44,Emerging,2026-05-02 19:46:02
248,d0b9e8b03aa34ea9aa22e3326a32d2c4,AmericanIdol,Regular,41.95,86,134229246,2.008,0,0,,,20.39,Emerging,2026-05-02 19:46:02
249,251b4935b406d7b44aeb4938fbf1c82d,ImagineDragonsVEVO,Regular,21.95,45,187230825,5.537,5.37,0.49,8260051,5.6,20.36,Emerging,2026-05-02 19:46:02
250,dc9d9e4ae29f85418cb2c6036f46ac87,Marshmello,Occasional,18.05,37,239805239,5.996,7.8,0.49,11014253,7.4,20.35,Emerging,2026-05-02 19:46:02
251,315712487f087ea31f922a0cc8404ceb,ChristenDominique,Occasional,19.51,40,16197675,6.964,0,0,,,20.34,Emerging,2026-05-02 19:46:02
252,362989da0eb967f1ee4900e695afbdc1,ShantellMartin,One-Hit Wonder,1.95,4,186274,10.863,0,0,,,20.33,Emerging,2026-05-02 19:46:02
253,f812a6cf851b23fa35e9554413163019,SelenaGomezVEVO,Occasional,13.17,27,319264683,7.387,5.85,1.46,20389713,5.3,20.32,Emerging,2026-05-02 19:46:02
254,96d16e3baafcc260783752dad469d9ca,emmymadeinjapan,Regular,29.27,60,10423254,4.757,0,0,,,20.27,Emerging,2026-05-02 19:46:02
254,7619a0911c51dc9569b101ab27f8dbdd,SiaVEVO,Regular,28.29,58,403858747,4.407,3.41,0,11707338,8.1,20.27,Emerging,2026-05-02 19:46:02
256,20001e56155bfab7e64bcfeb5b81a325,leonalewis,One-Hit Wonder,2.44,5,1014765,10.697,0,0,,,20.23,Emerging,2026-05-02 19:46:02
257,cd56a9d25174e493c2e2634e8cc161ca,TheReportOfTheWeek,Regular,27.32,56,62498648,5.153,0,0,,,20.2,Emerging,2026-05-02 19:46:02
258,6d3c80e2750ac6bbfaa3f7ddef4b34fd,BuzzFeedBlue,Regular,39.51,81,172474038,2.419,0,0,,,20.16,Emerging,2026-05-02 19:46:02
259,fcedae881594ee1714ecf7174c116e3c,CaseyHolmes,Regular,24.88,51,16176464,5.655,0,0,,,20.13,Emerging,2026-05-02 19:46:02
260,b90409ab56328783a0975ce3687f2ed6,LOLNetwork,Regular,39.02,80,142221333,2.102,2.44,0,6528242,9.2,20.12,Emerging,2026-05-02 19:46:02
261,011dddcf84bb479aa1f36fc3c6ce98ae,BramtyJuliette,Occasional,5.85,12,4353567,9.873,0,0,,,20.11,Emerging,2026-05-02 19:46:02
262,8f3b8e6a8f25ce4844e79bedddfc85c5,WOWPresents,Regular,33.66,69,26042480,3.687,0,0,,,20.1,Emerging,2026-05-02 19:46:02
263,ef3605acff7924e26fddc00da6979931,1theK,Occasional,9.27,19,57375949,8.606,2.93,0,6460805,6.3,20.08,Emerging,2026-05-02 19:46:02
264,9471ced46d575aef619630c56b98aa24,TaylorNicoleDean,Occasional,13.66,28,14789738,8.082,0,0,,,20.01,Emerging,2026-05-02 19:46:02
265,c12f4983a0b0be2a42f20250301d5fb7,MisterWivesVEVO,One-Hit Wonder,2.44,5,83853,10.56,0,0,,,19.98,Emerging,2026-05-02 19:46:02
266,0548911ab232b8fa17c2bae88d1ea343,OmarGoshTV,Occasional,12.2,25,17401470,8.375,0,0,,,19.96,Emerging,2026-05-02 19:46:02
267,167dd81d9addc6d052185ace1c6270f4,CallofDuty,Regular,20,41,315404711,6.626,0,0,,,19.93,Emerging,2026-05-02 19:46:02
268,e47b4c1c08619fd27bcf0520a6b8cf47,TheNewYorkTimes,Regular,38.54,79,41696527,2.478,0,0,,,19.88,Emerging,2026-05-02 19:46:02
269,2a53242411c72f07eff55ee4e07fd6fa,FallOutBoyVEVO,Occasional,12.2,25,35972908,8.299,0,0,,,19.82,Emerging,2026-05-02 19:46:02
270,bd01b3be2cc1db64642d108de07d176e,DoctorMike,Occasional,15.61,32,53468623,7.501,0,0,,,19.75,Emerging,2026-05-02 19:46:02
271,21c45bd5a57a3fc376c8c3089c4d9ebd,Diplo,Regular,26.34,54,700357966,3.885,7.32,0,29232147,5.7,19.73,Emerging,2026-05-02 19:46:02
272,abf894425d20495ff1004ae9d6c26bc0,GabbieHanna,Regular,23.9,49,160736013,5.643,0,0,,,19.72,Emerging,2026-05-02 19:46:02
273,c77bf39f89640a6aeb1da2ab34f1ef0c,videogamedunkey,Regular,20.49,42,129773202,5.888,2.93,0,4026627,7.2,19.67,Emerging,2026-05-02 19:46:02
274,66987ce7134f63ef7ee6f5024ad312b3,GreenDay,Occasional,5.37,11,8817596,9.712,0,0,,,19.63,Emerging,2026-05-02 19:46:02
275,736c4a433aa2248b4496e976b3b22322,MeghanTrainorVEVO,Regular,28.78,59,260966692,3.529,5.85,2.44,11870194,4.6,19.62,Emerging,2026-05-02 19:46:02
276,8adfcfdd2753a484b0c8c55a94d5ca33,MyHarto,Regular,22.93,47,10765706,5.796,0,0,,,19.6,Emerging,2026-05-02 19:46:02
276,7c7fa353eb7fbdb125b08cc20ece9f59,BRNSmusicVEVO,Occasional,6.83,14,7190304,9.371,0,0,,,19.6,Emerging,2026-05-02 19:46:02
278,f307e93e336d27510fd6787271bde8b4,Zoella,Regular,20.49,42,37793024,6.317,0,0,,,19.57,Emerging,2026-05-02 19:46:02
278,495b9bd675b668ec46d7263a434a5f63,Katzun,One-Hit Wonder,3.9,8,1358038,10.003,0,0,,,19.57,Emerging,2026-05-02 19:46:02
280,c77ea9db3f1a90cd90ae377fb5d0a107,CarliBybel,Regular,27.32,56,35436271,4.796,0,0,,,19.56,Emerging,2026-05-02 19:46:02
281,6df9a21f72f6e4433c0d55e8cf622065,DaniOchoa,Occasional,5.85,12,32321375,9.071,2.93,0,5237824,5.5,19.55,Emerging,2026-05-02 19:46:02
282,62830ad852ea50ec217f34d4ce06b4a1,1MILLIONDanceStudio,Occasional,16.1,33,20959169,7.227,0,0,,,19.45,Emerging,2026-05-02 19:46:02
283,2d62bd1cf2666ea221aad98dfdf82714,PeterMcKinnon,Occasional,14.63,30,11233817,7.546,0,0,,,19.43,Emerging,2026-05-02 19:46:02
283,33488c876a3a62eb74ad9ecc80c5b687,EdwardAvila,One-Hit Wonder,3.9,8,1069816,9.93,0,0,,,19.43,Emerging,2026-05-02 19:46:02
285,d350995bcba2905b12e6478b0e3e5347,PewDiePie,Occasional,10.73,22,139000629,8.398,0,0,,,19.41,Emerging,2026-05-02 19:46:02
286,3d9aff865b077577e47fb8544ece049b,BethanyMota,One-Hit Wonder,2.44,5,5849270,10.226,0,0,,,19.38,Emerging,2026-05-02 19:46:02
287,dda3ea5632c8fa8562b4e71cf4b13241,voordeel,One-Hit Wonder,2.93,6,658993,10.111,0,0,,,19.37,Emerging,2026-05-02 19:46:02
288,3f458c0031b05311343db613c47c4405,CBSNews,Regular,40,82,40295368,1.842,0,0,,,19.32,Emerging,2026-05-02 19:46:02
289,ee91d5e6b5d437773375c46bda851b33,RetroManCave,One-Hit Wonder,3.9,8,121971,9.849,0,0,,,19.29,Emerging,2026-05-02 19:46:02
290,96687293a6bacd111cb2a3c218f41763,TaylorR,One-Hit Wonder,0.98,2,252379,10.485,0,0,,,19.26,Emerging,2026-05-02 19:46:02
291,00b3cb6d5d7d36f3aa0511f6817e48f6,DesiPerkins,Occasional,16.59,34,16868951,6.998,0,0,,,19.23,Emerging,2026-05-02 19:46:02
292,d2951303313317407c5c664f7b152562,LindseyStirling,Occasional,15.12,31,47689942,7.313,0,0,,,19.21,Emerging,2026-05-02 19:46:02
293,51e59e7a702985f9f47466595b11e5da,AaronsAnimals,Regular,31.71,65,57641422,3.585,0,0,,,19.14,Emerging,2026-05-02 19:46:02
293,161d72df6e4e11d8b7fc406dfa954add,akidearest,One-Hit Wonder,3.41,7,2249890,9.874,0,0,,,19.14,Emerging,2026-05-02 19:46:02
295,48619b5d7cffe5ffb4dff91488c677d3,JaclynHill,Regular,21.95,45,78601700,5.738,0,0,,,19.11,Emerging,2026-05-02 19:46:02
296,73455f442ffae5b1358c3dd9b2c99de2,emmachamberlain,One-Hit Wonder,2.44,5,897607,10.054,0,0,,,19.07,Emerging,2026-05-02 19:46:02
297,1479b574325ce1fee72919341cb0d1f8,Maroon5VEVO,Occasional,16.59,34,516169845,5.685,7.32,3.41,27688327,4.8,19.06,Emerging,2026-05-02 19:46:02
298,270ab8df398fb260d65e217f460a5a3b,ColeandMarmalade,Regular,21.95,45,19877783,5.685,0,0,,,19.01,Emerging,2026-05-02 19:46:02
299,f10ec3cce17593bb3233e7b2f04a6182,JessiiVee,One-Hit Wonder,2.44,5,497080,10.015,0,0,,,19,Emerging,2026-05-02 19:46:02
300,466e7aa982b9ca576d4e4109b0650d18,TheGameTheorists,Regular,22.93,47,184640656,5.427,0,0,,,18.94,Emerging,2026-05-02 19:46:02
300,4c5d650d1f1cb120d488079545cbcd57,Berd,Occasional,7.32,15,3467562,8.894,0,0,,,18.94,Emerging,2026-05-02 19:46:02
302,76a6adb8f9c1a8d4d968594222f1e63e,DemiLovatoVEVO,Occasional,12.2,25,185779719,6.903,5.37,2.44,14728793,5,18.92,Emerging,2026-05-02 19:46:02
302,b9f65c4f1d30610361ee306a94e61171,TaylorSwift,Occasional,11.22,23,14422595,8.015,0,0,,,18.92,Emerging,2026-05-02 19:46:02
304,0b8063964d437d0a765a4aed409c2a4f,CBSThisMorning,Regular,40.98,84,38400483,1.38,0,0,,,18.88,Emerging,2026-05-02 19:46:02
304,fbd0ef65ee8d4000644824da1d965cee,HowToCookThat,Regular,30.24,62,16470438,3.77,0,0,,,18.88,Emerging,2026-05-02 19:46:02
304,f34012794ff3d6542ee6b581c9fd676a,Davie504,Occasional,17.07,35,26700739,6.697,0,0,,,18.88,Emerging,2026-05-02 19:46:02
304,dc9b9722ccdc75f2ecef8697abcbc7c7,DailyDavidsons,One-Hit Wonder,1.95,4,104586,10.058,0,0,,,18.88,Emerging,2026-05-02 19:46:02
308,8bf4d0e8742b16f4a11e738445eee950,austinmcconnell,Occasional,6.34,13,2042338,9.063,0,0,,,18.85,Emerging,2026-05-02 19:46:02
309,76f236e3cbb840d57eb05b535918baa8,AlishaMarie,Occasional,15.61,32,46149124,6.999,0,0,,,18.84,Emerging,2026-05-02 19:46:02
310,708b314b3899022020a3740f5d00bd21,RylandAdams,Occasional,15.12,31,54483792,7.096,0,0,,,18.82,Emerging,2026-05-02 19:46:02
310,0453e7c024719728336a673b9c46e45b,acaciacutie,Occasional,7.32,15,4848557,8.828,0,0,,,18.82,Emerging,2026-05-02 19:46:02
312,61823676dbcadf7f3de83ebde3d31cae,MatthewSantoro,Regular,27.8,57,26279374,4.264,0,0,,,18.8,Emerging,2026-05-02 19:46:02
313,7bab5495249c16e04dee6ebeda562825,AnwarJibawi,Regular,27.32,56,97953804,4.359,0,0,,,18.77,Emerging,2026-05-02 19:46:02
314,1fd9f3eef9cbbd839abbd72eb397f6e4,WendoverProductions,Regular,26.83,55,41144966,4.455,0,0,,,18.75,Emerging,2026-05-02 19:46:02
315,346ff32eaa3c09983fb2ec057816d352,TIME,Regular,36.1,74,56271463,2.389,0,0,,,18.74,Emerging,2026-05-02 19:46:02
316,8e621968601f9b036e64590f9d86f44b,KandeeJohnson,Regular,24.39,50,39767256,4.983,0,0,,,18.73,Emerging,2026-05-02 19:46:02
316,9cce1f8e5a1804b8ee7d6cbe2221a8ea,Kingsley,One-Hit Wonder,2.44,5,131287,9.862,0,0,,,18.73,Emerging,2026-05-02 19:46:02
318,2ec8e40302444e7d3a7f1abab69fdaf9,EntertainmentTonight,Regular,40,82,45481932,1.508,0,0,,,18.71,Emerging,2026-05-02 19:46:02
319,4a6bacaf472f3e1b7109e56e82fcc884,JerryRigEverything,Regular,20.98,43,17499979,5.724,0,0,,,18.7,Emerging,2026-05-02 19:46:02
320,ed8d8935f3462a37998335c0390c88e1,MollyBurke,Occasional,14.63,30,5384895,7.126,0,0,,,18.68,Emerging,2026-05-02 19:46:02
321,f30281484cd1d526f1a60cb6523526ed,CarlyandErin,One-Hit Wonder,2.44,5,452549,9.831,0,0,,,18.67,Emerging,2026-05-02 19:46:02
322,eb334dca00e390e0d3ebf52d205807d7,Cut,Regular,31.22,64,44449224,3.419,0,0,,,18.64,Emerging,2026-05-02 19:46:02
323,7208da10f63b5afd577494f11ffe1088,ZaynVEVO,Occasional,19.02,39,838561451,4.733,7.8,0.98,31687563,4.8,18.47,Emerging,2026-05-02 19:46:02
323,1f78b297be356fa44a29788cfe9407b0,AnselElgortVEVO,One-Hit Wonder,2.93,6,7590243,9.61,0,0,,,18.47,Emerging,2026-05-02 19:46:02
325,97b11e9dc86e18f942bbe9b46d54d14f,ProZD,Regular,22.44,46,62506208,5.163,0.49,0,3180207,10,18.42,Emerging,2026-05-02 19:46:02
326,7a76bb6594ab5c0bd9b3790f1c42b22e,EverythingApplePro,Regular,32.68,67,55884424,2.948,0,0,,,18.38,Emerging,2026-05-02 19:46:02
327,260be67dcc558210a20eac56181e129e,The2xFamily,One-Hit Wonder,2.93,6,8200751,9.546,0,0,,,18.35,Emerging,2026-05-02 19:46:02
328,152ab0a3d0eaf49eb16b8375b92e06c2,ShibSibs,Occasional,5.37,11,2411499,8.997,0,0,,,18.34,Emerging,2026-05-02 19:46:02
329,7b1dc6e0696f01362173f80df156f935,YesTheory,Occasional,13.66,28,15444194,7.125,0,0,,,18.29,Emerging,2026-05-02 19:46:02
330,9af4c7ed0ea78936b51dbab878f2b7f0,TheScranLine,Occasional,18.05,37,1539249,6.135,0,0,,,18.26,Emerging,2026-05-02 19:46:02
331,accf444a0e0954e47576010d76e2bd8f,DanTDM,Occasional,16.59,34,53614847,6.446,0,0,,,18.24,Emerging,2026-05-02 19:46:02
332,8245c6c998cf7aa1a44825d3befa37d9,SimplyNotLogical,Occasional,8.29,17,14186497,8.275,0,0,,,18.21,Emerging,2026-05-02 19:46:02
333,e649b5146bca048de38ef3e9097c59de,LadyGagaVEVO,Occasional,13.17,27,64758018,7.186,0,0,,,18.2,Emerging,2026-05-02 19:46:02
333,20d69eb89f32df4e96c28bbcf26d863a,WhitneyAvalon,One-Hit Wonder,2.93,6,259070,9.46,0,0,,,18.2,Emerging,2026-05-02 19:46:02
335,8caf6f3eed5a43da4ebc9f2dc0bcab67,GoodMorningAmerica,Regular,37.56,77,40693706,1.758,0,0,,,18.19,Emerging,2026-05-02 19:46:02
336,91afcfe08162a64dca7dd47a07341540,CalumScottVEVO,Regular,28.29,58,207198164,3.718,0.49,0.49,7055170,3,18.16,Emerging,2026-05-02 19:46:02
336,8d3e35ff28ef8f6590252a4e2f442318,MirandaSings,Occasional,12.2,25,10273595,7.378,0,0,,,18.16,Emerging,2026-05-02 19:46:02
338,92dd85dadda14fd8852d3a3be5cb075f,RoosterTeeth,Regular,25.37,52,36527283,4.424,0,0,,,18.11,Emerging,2026-05-02 19:46:02
339,7d1fa7b0c6a7ce5c1f709812780d36bd,todrickhall,Occasional,10.73,22,15286772,7.67,0,0,,,18.1,Emerging,2026-05-02 19:46:02
340,3fc77618319c06ca9abbc6229c17bb46,HotDad,One-Hit Wonder,0.49,1,13676,9.937,0,0,,,18.08,Emerging,2026-05-02 19:46:02
341,247f323b8ff21e51cf960fe0479d2151,TomHarlock,One-Hit Wonder,3.41,7,1715725,9.278,0,0,,,18.06,Emerging,2026-05-02 19:46:02
342,165b6265049b7f9617188f613df2d010,DomainofScience,One-Hit Wonder,0.98,2,62062,9.812,0,0,,,18.05,Emerging,2026-05-02 19:46:02
343,4f53006252ef9a74f7fe0f6b7c2672d1,RanzKyle,Occasional,7.8,16,8676032,8.275,0,0,,,18.02,Emerging,2026-05-02 19:46:02
344,baf92ca741939f8b31002957ac5772c5,MikeDiva,One-Hit Wonder,2.93,6,539059,9.355,0,0,,,18.01,Emerging,2026-05-02 19:46:02
345,598592fcaeb7045cae25f78ce912f6cb,PhilipDeFranco,Occasional,9.76,20,34960179,7.832,0,0,,,18,Emerging,2026-05-02 19:46:02
346,81f597bbca8ac174e7fa8e3e9e1c727b,TenSecondSongs,Occasional,6.34,13,10655992,8.588,0,0,,,17.99,Emerging,2026-05-02 19:46:02
347,fb1418df8fd7b5cb2e8e2930b282ca05,BillieEilishVEVO,Occasional,8.29,17,62533829,8.14,0,0,,,17.97,Emerging,2026-05-02 19:46:02
348,1262ab8071caa65197cfc8e15b613014,CAguileraVEVO,Regular,23.9,49,337366384,4.657,0,0,,,17.94,Emerging,2026-05-02 19:46:02
349,8d36b361a4794422c70681586a957350,GQ,Regular,30.24,62,48037772,3.226,0,0,,,17.9,Emerging,2026-05-02 19:46:02
349,aea8faf57dec2181c96e827728087a78,SugarPine7,Occasional,6.83,14,3123696,8.426,0,0,,,17.9,Emerging,2026-05-02 19:46:02
349,5b2e6376a214f38ec65ed07a638d5e0c,ThatJapaneseManYuta,One-Hit Wonder,0.49,1,1111674,9.836,0,0,,,17.9,Emerging,2026-05-02 19:46:02
352,d5d9079ce1b75d0f0b1138ce5df7443c,KellyClarkson,Regular,26.83,55,72541320,3.95,0,0,,,17.84,Emerging,2026-05-02 19:46:02
352,c303155f416f95f4bcfec5572593e145,LiamPayneVEVO,Occasional,12.2,25,356668800,6.549,3.9,0,30909278,6.3,17.84,Emerging,2026-05-02 19:46:02
354,0cee9b756070a2e3863e7466712c9eb8,TheWhiteHouse,Occasional,10.24,21,16403196,7.629,0,0,,,17.83,Emerging,2026-05-02 19:46:02
355,1d245ca4cd20f9bca88c3a17a43beb6b,NikitaDragun,Occasional,10.24,21,21961779,7.623,0,0,,,17.82,Emerging,2026-05-02 19:46:02
355,44abbf24938f03235524d5ff712a4182,MikeyMurphy,One-Hit Wonder,2.93,6,4047328,9.251,0,0,,,17.82,Emerging,2026-05-02 19:46:02
357,1c6ec324ffbfc797fef19a6d28062daa,Bjrk,Occasional,11.22,23,4003900,7.403,0,0,,,17.81,Emerging,2026-05-02 19:46:02
357,c3d41bf5efb468a1bcce53bd53726c85,Lucas,Occasional,9.27,19,4252876,7.835,0,0,,,17.81,Emerging,2026-05-02 19:46:02
359,03005833e44105b799ab8f616757a3d7,stacyvlogs,One-Hit Wonder,4.39,9,1201263,8.869,0,0,,,17.72,Emerging,2026-05-02 19:46:02
360,a3ec95bec305ef50fa9585ca282a2657,SpecialBooksbySpecialKids,Occasional,7.8,16,1347394,8.07,0,0,,,17.65,Emerging,2026-05-02 19:46:02
361,c7168d3036a9fbc60c7e1fbbc3c3d409,Itsasmallworld,One-Hit Wonder,1.95,4,105203,9.361,0,0,,,17.63,Emerging,2026-05-02 19:46:02
361,42d2f79e566724a39d30f7d246cfc6a4,KarimJovian,One-Hit Wonder,1.95,4,91110,9.361,0,0,,,17.63,Emerging,2026-05-02 19:46:02
363,b7d66db73e14c08c37761bf9a944e984,HydraulicPressChannel,Regular,33.17,68,44902732,2.399,0,0,,,17.59,Emerging,2026-05-02 19:46:02
364,5eb0883cf1f3a2e689e9203fe6496eda,AndrewLowe,One-Hit Wonder,3.41,7,4520045,9.002,0,0,,,17.57,Emerging,2026-05-02 19:46:02
365,394fb2a24098b8be54e747846b49b5a0,TuckerGott,One-Hit Wonder,0.49,1,175852,9.645,0,0,,,17.56,Emerging,2026-05-02 19:46:02
366,f42667c32b1e32bfb00b4eef72d2aa36,PsychoSoprano,Occasional,5.37,11,6722392,8.553,0,0,,,17.54,Emerging,2026-05-02 19:46:02
367,c8c97e9c199f99b53f049320ff4b1c71,NickiMinajAtVEVO,Occasional,19.51,40,478247584,4.509,5.37,0,29226993,5.7,17.53,Emerging,2026-05-02 19:46:02
368,9fc1d6e98ff8849b30815796bef56ec0,melodysheep,One-Hit Wonder,2.44,5,154695,9.188,0,0,,,17.51,Emerging,2026-05-02 19:46:02
369,dc4c08b7a5562c819af8e0e37be1d67c,CorinneLeigh,One-Hit Wonder,3.41,7,3083103,8.964,0,0,,,17.5,Emerging,2026-05-02 19:46:02
370,7b0e9115aad24ddf56f1851d3bdf6935,SamSmithWorldVEVO,Regular,21.46,44,406081391,3.868,6.34,0,14887526,8.9,17.45,Emerging,2026-05-02 19:46:02
371,663785d50edfddbbe372e87b25411a9d,AndreBlackNerd,Occasional,8.78,18,1407282,7.729,0,0,,,17.42,Emerging,2026-05-02 19:46:02
372,7ed57688fd4dd61cc971de1afe4d8b48,MinuteEarth,Regular,23.41,48,16168498,4.469,0,0,,,17.41,Emerging,2026-05-02 19:46:02
373,fc15c17e25b11bc142c785203b1584f9,WhatsInside,Regular,34.15,70,113555112,2.076,0,0,,,17.4,Emerging,2026-05-02 19:46:02
373,1e09997ea95ed73a9b70027de5a612d3,DisneyMovieTrailers,Regular,28.78,59,238563448,2.54,4.39,0,7015181,8.1,17.4,Emerging,2026-05-02 19:46:02
375,0e3ef226f7d7ee6bbbc58ea5385d5122,ParamountPictures,Regular,30.24,62,626892103,1.313,9.76,0,11057165,8.1,17.39,Emerging,2026-05-02 19:46:02
376,40c4c72c5677c5c8f7d8f0b132d94e4b,TylerStalman,Occasional,7.32,15,1581403,8.028,0,0,,,17.38,Emerging,2026-05-02 19:46:02
376,849d88c4c8dd4b7d2e5cac9534467688,TheTommyEdisonExperience,One-Hit Wonder,2.93,6,142024,9.005,0,0,,,17.38,Emerging,2026-05-02 19:46:02
378,931559e8b82a0e56aabda5059d7c0475,RobScallon,Occasional,12.68,26,15920501,6.827,0,0,,,17.36,Emerging,2026-05-02 19:46:02
378,1dcfdc02a4dac0df042e7d6179d70acf,LavenderTowne,One-Hit Wonder,3.9,8,2152537,8.778,0,0,,,17.36,Emerging,2026-05-02 19:46:02
380,505cfc5fd9c36537f6430b0dccc89934,DavidGuetta,Regular,21.95,45,206888493,3.458,7.8,0,7173279,6.9,17.34,Emerging,2026-05-02 19:46:02
381,ffa8ad2075cd5c152d068ba497e5e17b,TopiTheCorgi,Occasional,6.83,14,660916,8.111,0,0,,,17.33,Emerging,2026-05-02 19:46:02
382,1298b9b720e062874befda46fdb6528b,DavidDobrik,One-Hit Wonder,4.39,9,255451991,7.999,3.9,0,29820877,6.3,17.32,Emerging,2026-05-02 19:46:02
383,f79084493f68abb1516b31247352984f,jacksepticeye,Occasional,18.05,37,67844712,5.603,0,0,,,17.31,Emerging,2026-05-02 19:46:02
384,05390621e367c6b801bd8070f56cb272,TylerTheCreator,Occasional,10.73,22,40485608,7.229,0,0,,,17.3,Emerging,2026-05-02 19:46:02
385,da3b012e80a439bebcb1955eb9ab92bb,StrictlyDumpling,Regular,32.2,66,69022917,2.449,0,0,,,17.29,Emerging,2026-05-02 19:46:02
386,6f71e91756d13d507b8609618315b775,KBSKpop,One-Hit Wonder,3.9,8,8346693,8.73,0,0,,,17.27,Emerging,2026-05-02 19:46:02
387,c5ae483e06f9dc70e6fba609df231c4a,CalvinHarrisVEVO,Regular,20.98,43,1042564430,2.813,12.68,4.88,36963160,4.6,17.26,Emerging,2026-05-02 19:46:02
388,8cb30a37d388e2e398fb40b62b999e3e,MaggieLindemann,Occasional,6.83,14,10421179,8.052,0,0,,,17.23,Emerging,2026-05-02 19:46:02
389,2f20ba5733d1e1c0ecf971bbbd369cb0,FocusFeatures,Regular,37.56,77,241268225,1.211,0,0,,,17.2,Emerging,2026-05-02 19:46:02
389,a2552ab1f4e4e8396f91daab21203c55,Wallows,One-Hit Wonder,2.93,6,700538,8.902,0,0,,,17.2,Emerging,2026-05-02 19:46:02
391,3e5828228fd330d37130659f79aa2885,MyLifeAsEva,Occasional,14.15,29,27480825,6.39,0,0,,,17.16,Emerging,2026-05-02 19:46:02
392,7bed1880f69e38e3b3e0e058a07ddd9f,BinitheBunny,One-Hit Wonder,0.49,1,26102,9.405,0,0,,,17.13,Emerging,2026-05-02 19:46:02
393,2df9831ad5c1eeb66497c214d96bc736,PBSEons,Regular,26.34,54,48184550,3.659,0,0,,,17.12,Emerging,2026-05-02 19:46:02
394,fe9ce5d08a0908506a0c3ee9f7c1bea7,TheDailyShowwithTrevorNoah,Regular,29.76,61,74462670,2.56,1.95,0,3850268,8.5,17.1,Emerging,2026-05-02 19:46:02
395,d44f85539b15f1301c8e66e7d9e41891,Poppy,Occasional,11.71,24,13460462,6.894,0,0,,,17.09,Emerging,2026-05-02 19:46:02
396,b9e4d1c521922d516e2eb4382636a7e8,ClaireMarshall,Occasional,5.85,12,2708371,8.187,0,0,,,17.08,Emerging,2026-05-02 19:46:02
397,4b9cb5eaf7bee8bfcb992e3c8563c6a9,GEazyMusicVEVO,Occasional,15.12,31,415888915,4.403,10.24,5.37,18784202,3.7,17.05,Emerging,2026-05-02 19:46:02
398,af74da430263e5f4d653ca277f9bc8e7,LenarrYoung,Occasional,6.83,14,8487151,7.941,0,0,,,17.03,Emerging,2026-05-02 19:46:02
399,9c8ce00ebdbfe1924229733d34d93362,FCBarcelona,Regular,27.32,56,19980575,3.377,0,0,,,17.01,Emerging,2026-05-02 19:46:02
400,60dd0e50d16e09e1914824ff4558c816,TheOfficialPokmonYouTubeChannel,Occasional,18.05,37,37676005,5.427,0,0,,,16.99,Emerging,2026-05-02 19:46:02
401,f38ecc00b2b2f0efb9ad6cdb4cfcc2e0,DuaLipa,Occasional,6.34,13,124992796,7.441,3.41,2.93,17392961,2.3,16.95,Emerging,2026-05-02 19:46:02
402,78f9cff7462cca3fd0eb604e156371ab,KittenLady,One-Hit Wonder,3.41,7,543681,8.656,0,0,,,16.94,Emerging,2026-05-02 19:46:02
403,7547ab759bf7dadae7aa635f06cfe58e,NationalGeographic,Regular,29.76,61,21169679,2.792,0,0,,,16.93,Emerging,2026-05-02 19:46:02
403,b219f8ed29ec8e593d48f74f7da00534,MayimBialik,Occasional,12.2,25,3497660,6.694,0,0,,,16.93,Emerging,2026-05-02 19:46:02
405,9fff6234432849eb87e9f1aa94e91ff2,BostonDynamics,Regular,26.34,54,322988116,2.41,6.83,0,8147099,6.2,16.92,Emerging,2026-05-02 19:46:02
405,6b8dea76a493422101441f7530b8bcb7,AlexAiono,One-Hit Wonder,1.46,3,668645,9.077,0,0,,,16.92,Emerging,2026-05-02 19:46:02
407,32914a55d48c5a708b0d364c339cb273,SZAVEVO,Regular,20,41,173610028,4.456,2.93,0,4980027,8.8,16.9,Emerging,2026-05-02 19:46:02
408,5d37177f3fc58ad4cdaea3dbd249cdb0,Lauv,Regular,21.46,44,54851744,4.613,0,0,,,16.89,Emerging,2026-05-02 19:46:02
408,1e16a4118a9b2f2da2b14b80a9e185fb,KhalidVEVO,Occasional,9.76,20,52267446,6.887,1.95,0,5257976,8.3,16.89,Emerging,2026-05-02 19:46:02
410,cbc93b003ee1ad06d3a6a8382747df44,ScatterBrainNews,One-Hit Wonder,4.88,10,16356708,8.295,0,0,,,16.88,Emerging,2026-05-02 19:46:02
410,2533cff99232ccd54cd941cffc670bff,barnabydixon,One-Hit Wonder,2.93,6,740632,8.725,0,0,,,16.88,Emerging,2026-05-02 19:46:02
412,79d99893870fb63de4514865ac1164f0,boogie2988,Occasional,6.34,13,29282299,7.956,0,0,,,16.86,Emerging,2026-05-02 19:46:02
413,a7df11814d4dd469b2a5fdda7584005b,KendrickLamarVEVO,Occasional,11.71,24,173712654,5.619,6.83,1.95,8914055,6.3,16.85,Emerging,2026-05-02 19:46:02
414,121d435ae6c7e0637407c43f50302454,FerrasVEVO,One-Hit Wonder,1.46,3,44195,9.025,0,0,,,16.83,Emerging,2026-05-02 19:46:02
415,df6772eaf18febd446741fa6825d9215,FOXSoccer,Regular,37.56,77,58652962,0.996,0,0,,,16.82,Emerging,2026-05-02 19:46:02
415,c7b69bb092c66563f5b9465926e54aa5,CardiB,Occasional,14.63,30,1026247756,3.901,13.17,7.32,37609189,3.3,16.82,Emerging,2026-05-02 19:46:02
417,51405bdbfb42f889ad14e3f3981f95ca,Guldies,One-Hit Wonder,2.44,5,668256,8.794,0,0,,,16.81,Emerging,2026-05-02 19:46:02
418,d4f174a53f9f1db227934c09823d4c94,MovieclipsTrailers,Regular,30.73,63,144773073,2.504,0,0,,,16.8,Emerging,2026-05-02 19:46:02
419,80023b0c158ddb819b8a0f7c84430564,JenniferLopezVEVO,Regular,21.46,44,819466359,2.424,12.68,1.95,25366520,5.9,16.75,Emerging,2026-05-02 19:46:02
420,41c4a156d6689b3285e5d0463b00ce70,blackbearVEVO,One-Hit Wonder,1.95,4,2822309,8.858,0,0,,,16.72,Emerging,2026-05-02 19:46:02
421,4a9710e40925e7481b0b72b73d4c1b4d,MidnightVideo,One-Hit Wonder,1.46,3,258080,8.952,0,0,,,16.7,Emerging,2026-05-02 19:46:02
422,0542ce645653a537632329114b0fec18,Rachelleea,One-Hit Wonder,2.44,5,98962,8.731,0,0,,,16.69,Emerging,2026-05-02 19:46:02
423,1cc6da409d4cf3bfe35f3291be5a6cff,marshmello,Occasional,5.85,12,34084527,7.887,0.49,0,3662495,7,16.68,Emerging,2026-05-02 19:46:02
424,9c3cfafb20d6ad45f690df1a1a10f56e,DenitslavaMakeup,Occasional,9.76,20,5077079,7.085,0,0,,,16.66,Emerging,2026-05-02 19:46:02
425,ef85ea6e267ade82b90c30f9c6a31028,FullFrontalwithSamanthaBee,Regular,30.73,63,32973495,2.415,0,0,,,16.64,Emerging,2026-05-02 19:46:02
425,a560cfbe71a1708f79af71d8e7c4efbd,ThreeDaysGraceVEVO,One-Hit Wonder,3.41,7,5527420,8.489,0,0,,,16.64,Emerging,2026-05-02 19:46:02
427,df611c36d941f6359a573c3a50bd3fcf,RoyMooreforSenate,One-Hit Wonder,3.9,8,5247547,8.364,0,0,,,16.62,Emerging,2026-05-02 19:46:02
428,7599645aef4bcf3669dd67e3e36721a2,JacobCollier,One-Hit Wonder,2.93,6,662097,8.577,0,0,,,16.61,Emerging,2026-05-02 19:46:02
429,b42a3a9487e6e66aa70de0423fee9171,RocketJumpFilmSchool,One-Hit Wonder,1.95,4,114859,8.788,0,0,,,16.6,Emerging,2026-05-02 19:46:02
430,6bae4795a930e84edece4dc70edc9920,TheRoyalOceanFilmSociety,One-Hit Wonder,0.98,2,51057,8.995,0,0,,,16.58,Emerging,2026-05-02 19:46:02
431,d031b424aee7a38c331c355c6d869469,SabrinaCarpenterVEVO,Occasional,8.29,17,18017346,7.354,0,0,,,16.55,Emerging,2026-05-02 19:46:02
432,84a46a26239e7d4e251c495ca351b6d6,VH1,Regular,22.44,46,96134126,4.198,0,0,,,16.53,Emerging,2026-05-02 19:46:02
433,240a6b24f45c852625e2ff8215ea06aa,CJENMMUSICOfficial,Occasional,5.37,11,103916178,7.336,3.9,1.95,10499006,4,16.52,Emerging,2026-05-02 19:46:02
434,14d16cde73dd92758805733332ed5d72,TED,Occasional,15.12,31,24124415,5.801,0,0,,,16.49,Emerging,2026-05-02 19:46:02
435,f8af82af50abb5c4b01488aabb920204,ElectroBOOM,Occasional,12.2,25,9053164,6.42,0,0,,,16.44,Emerging,2026-05-02 19:46:02
436,97e3685dbe49b52624ab83e0aded9240,DisneyPixar,Occasional,19.51,40,826815182,2.184,15.61,8.29,23462327,4.3,16.42,Emerging,2026-05-02 19:46:02
437,dc7554ecb91c0a4070929cf415dc733e,keshaVEVO,Occasional,9.76,20,15348454,6.916,0,0,,,16.35,Emerging,2026-05-02 19:46:02
438,510270b48d839bb557984b80e15d1006,KKandbabyJ,Occasional,9.27,19,7570697,7.01,0,0,,,16.33,Emerging,2026-05-02 19:46:02
439,1c0be8f34010d458eca88815a1e1fb89,SigridVEVO,Occasional,19.51,40,64297856,4.705,0,0,,,16.27,Emerging,2026-05-02 19:46:02
440,3fafc4c89d8c090aeca27c92f3a0bac2,BBCRadio1VEVO,Regular,22.44,46,28992544,4.039,0,0,,,16.25,Emerging,2026-05-02 19:46:02
441,64ad75e87270cd937cebad942560fef0,theneedledrop,Regular,20.49,42,12049373,4.468,0,0,,,16.24,Emerging,2026-05-02 19:46:02
441,5b8c889294298ec77075c9a3138cc862,BradMondo,Occasional,17.56,36,28093537,5.121,0,0,,,16.24,Emerging,2026-05-02 19:46:02
441,1d0409fce51b9e88ba686fc2135080b2,GEazy,Occasional,6.34,13,4611479,7.613,0,0,,,16.24,Emerging,2026-05-02 19:46:02
444,71cdb111da0d487ca5824e557b39efca,BishopBriggsVEVO,One-Hit Wonder,2.93,6,717893,8.358,0,0,,,16.22,Emerging,2026-05-02 19:46:02
445,fd46a4d9074311a97099bb5c326ec3cb,MikeShinoda,Occasional,8.78,18,23055221,7.046,0,0,,,16.19,Emerging,2026-05-02 19:46:02
445,0dfed7dd4113c82db989cada514c2e6d,ThatcherJoe,Occasional,7.32,15,21172532,7.365,0,0,,,16.19,Emerging,2026-05-02 19:46:02
447,32863a1e279245a73783a1c1a16ab346,KekePalmer,Occasional,6.83,14,1940696,7.467,0,0,,,16.17,Emerging,2026-05-02 19:46:02
448,0d2bcb7db5782a56d5fcb9878184c28f,GlamourMagazine,Regular,23.41,48,50296677,3.775,0,0,,,16.16,Emerging,2026-05-02 19:46:02
449,d3d029afac9e4652d5d8aedd0fdd64ad,OlanRogers,One-Hit Wonder,2.93,6,1152781,8.319,0,0,,,16.15,Emerging,2026-05-02 19:46:02
450,9082e11f24e42676a14514a0b1bad3e7,HayleyKiyoko,One-Hit Wonder,2.93,6,11254749,8.313,0,0,,,16.14,Emerging,2026-05-02 19:46:02
451,e913721e2753f7844f88a7d4a8c9aeaf,iamAURORAVEVO,Occasional,7.32,15,14469378,7.329,0,0,,,16.12,Emerging,2026-05-02 19:46:02
452,b1582d300623a2553695522598050dfa,TheInfographicsShow,Regular,28.29,58,32664166,2.666,0,0,,,16.11,Emerging,2026-05-02 19:46:02
453,3042685f8a32d2123273c93927b35461,ColleenBallinger,Occasional,9.27,19,16103078,6.884,0,0,,,16.1,Emerging,2026-05-02 19:46:02
454,992fa9bb5a4bc137672780d9cfa6c785,Numberphile,Regular,23.9,49,13859988,3.624,0,0,,,16.08,Emerging,2026-05-02 19:46:02
454,b27e2c22d348210883f453f92f8dde6b,BrunoMars,Occasional,7.32,15,213126073,6.818,2.93,2.93,34548522,1.5,16.08,Emerging,2026-05-02 19:46:02
456,3ce14968cd60d1bf37bed4145248c76c,FoodWishes,Regular,22.93,47,9554832,3.833,0,0,,,16.07,Emerging,2026-05-02 19:46:02
457,1a286b5e17de4d12ccf77d1e1a854c7c,lisbug,One-Hit Wonder,2.44,5,315699,8.378,0,0,,,16.06,Emerging,2026-05-02 19:46:02
458,9a7aa7456e70ae346ca687856c19ffdb,KayleyMelissa,Occasional,10.73,22,1677921,6.53,0,0,,,16.05,Emerging,2026-05-02 19:46:02
459,759cd4f6a111a327326a5a77680c7b13,RemyMaVEVO,Occasional,12.68,26,37649768,6.095,0,0,,,16.04,Emerging,2026-05-02 19:46:02
460,f88cfeb5f5c63defe2b92037a67c1f8d,BreakfastClubPower1051FM,Regular,28.29,58,48960541,2.605,0,0,,,16.01,Emerging,2026-05-02 19:46:02
461,5e3fa6a97fb3db54e37881dbb915c40c,PhysicsGirl,Occasional,10.73,22,7384980,6.504,0,0,,,16,Emerging,2026-05-02 19:46:02
462,d68219f98bf27ae0d088de4f7969ed83,SuperwomanVlogs,Occasional,7.8,16,3620208,7.146,0,0,,,15.98,Emerging,2026-05-02 19:46:02
463,0018b27c529206a5e59d6512bf1dd0da,ArianaGrande,Occasional,8.78,18,65246786,6.909,0,0,,,15.95,Emerging,2026-05-02 19:46:02
463,d5b7bef3380cbc8860ec90179a8c277b,LucyMoon,Occasional,5.85,12,532472,7.563,0,0,,,15.95,Emerging,2026-05-02 19:46:02
465,ddb20008bae37b1617b61c23a1d4b9d2,BusinessInsider,Regular,28.78,59,96117108,2.45,0,0,,,15.92,Emerging,2026-05-02 19:46:02
465,82c718c81da808caceac471d15143dac,iKON,One-Hit Wonder,2.44,5,33246211,7.893,2.44,0,6649242,8.4,15.92,Emerging,2026-05-02 19:46:02
467,0db6ea074b6f57ff38ce8ae0d30b09da,DonDiablo,Occasional,15.12,31,21922606,5.46,0,0,,,15.88,Emerging,2026-05-02 19:46:02
468,be41edab6729e1144f9924b42ef7c4bf,NBCSports,Regular,35.61,73,36702044,0.896,0,0,,,15.86,Emerging,2026-05-02 19:46:02
469,a397873db2902a0298d8c7c631de6258,SimonandMartina,Occasional,16.59,34,9799152,5.117,0,0,,,15.85,Emerging,2026-05-02 19:46:02
469,dffac537340c3418b012fbb2e80555fb,TheSorryGirls,Occasional,15.61,32,5662347,5.334,0,0,,,15.85,Emerging,2026-05-02 19:46:02
471,fe46ea8cfdf7b4115dcb8310181ceaf3,LisaEldridge,Occasional,14.15,29,8309272,5.651,0,0,,,15.83,Emerging,2026-05-02 19:46:02
471,c26e53fe28e9940607c899d376d2f7a2,The1975,One-Hit Wonder,2.44,5,7691629,8.251,0,0,,,15.83,Emerging,2026-05-02 19:46:02
473,8b12f2bcd8b5ede08d36e9da98f22785,HannahMeloche,One-Hit Wonder,1.95,4,327407,8.356,0,0,,,15.82,Emerging,2026-05-02 19:46:02
474,14e1a3fe8fa6166c73aeddb611b74b4c,RomanAtwoodVlogs,Occasional,12.68,26,58044229,5.96,0,0,,,15.8,Emerging,2026-05-02 19:46:02
475,02973fe6df02ded8f4c5ed15a1298d50,Rclbeauty101,One-Hit Wonder,3.9,8,5599488,7.904,0,0,,,15.79,Emerging,2026-05-02 19:46:02
476,1542274fabc93790d886a71192ef3eb6,HalseyVEVO,Occasional,17.07,35,173457337,4.887,0.49,0,3751175,10,15.77,Emerging,2026-05-02 19:46:02
477,6f83c5e0278e517317474257a83cafd2,ladygagaarraza,One-Hit Wonder,0.49,1,18916,8.633,0,0,,,15.74,Emerging,2026-05-02 19:46:02
478,02c008eb054abdc0a21dab61a57f296c,CalebCity,Occasional,9.27,19,16619959,6.681,0,0,,,15.73,Emerging,2026-05-02 19:46:02
478,b9f7cd1c77fd78dfdec102e8e4bf8029,DrewLynch,Occasional,5.37,11,1086603,7.546,0,0,,,15.73,Emerging,2026-05-02 19:46:02
480,e112d12af12efa42ffe9fc37da8ac945,IGN,Regular,27.32,56,30000167,2.638,0,0,,,15.68,Emerging,2026-05-02 19:46:02
480,5de03283e7d53d485e0d9c9c178675d2,joynerlucas,One-Hit Wonder,1.95,4,13201711,8.116,0.98,0,4659423,8.5,15.68,Emerging,2026-05-02 19:46:02
482,4a2746f07e0af0f6b3decd84aebe38f4,DwarfMamba,One-Hit Wonder,3.9,8,49190093,7.348,2.93,0,6499582,7.8,15.67,Emerging,2026-05-02 19:46:02
483,5e53ae9e36910a224497460f0263f066,DailyDoseOfInternet,Regular,22.44,46,114711611,3.385,1.95,0,5524513,9.5,15.65,Emerging,2026-05-02 19:46:02
484,99665f842bfedca9b1460187f9b75fc5,HowToBasic,Occasional,7.8,16,71925742,6.94,0,0,,,15.61,Emerging,2026-05-02 19:46:02
485,a5c4d22357365241d38d415eee8f3ae5,PapaJake,Regular,26.34,54,117783850,2.814,0,0,,,15.6,Emerging,2026-05-02 19:46:02
486,c86a00134490655e83db384f75e5baf6,JeremyJahns,Occasional,19.02,39,29250110,4.422,0,0,,,15.57,Emerging,2026-05-02 19:46:02
486,569752145fd1f4dda3ae65710bcee328,AppliedScience,One-Hit Wonder,3.9,8,430027,7.784,0,0,,,15.57,Emerging,2026-05-02 19:46:02
488,eda0e059a920f19815af75acf3ce8a59,GinWigmoreVEVO,One-Hit Wonder,0.98,2,10682,8.425,0,0,,,15.56,Emerging,2026-05-02 19:46:02
489,12f386aa14c9069007a6890f9343c6ab,Cimorelli,Occasional,5.85,12,3789009,7.341,0,0,,,15.55,Emerging,2026-05-02 19:46:02
490,310e94056d7b44cd1c22dc624e8c5a0f,LetMeExplainStudios,One-Hit Wonder,2.93,6,9030647,7.975,0,0,,,15.53,Emerging,2026-05-02 19:46:02
491,13e432e22a76644d4d28d803c73481d5,brutalmoose,Occasional,5.37,11,2186848,7.425,0,0,,,15.51,Emerging,2026-05-02 19:46:02
492,f5979321bfd754dc128d214d12beac69,TeganandSara,One-Hit Wonder,1.46,3,17855,8.271,0,0,,,15.47,Emerging,2026-05-02 19:46:02
493,2f57f7bbf46540fef873b2f64fc76c0b,UltraMusic,Occasional,5.85,12,19749530,7.125,0.98,0,3653066,7,15.46,Emerging,2026-05-02 19:46:02
494,6a1a5b5b7b0fb6647af11c26fae4485c,WassabiProductions,Occasional,8.78,18,30992680,6.627,0,0,,,15.44,Emerging,2026-05-02 19:46:02
494,532875d345eb6b68508bed9bd1a9f158,BobbyDukeArts,Occasional,6.83,14,14353823,7.061,0,0,,,15.44,Emerging,2026-05-02 19:46:02
496,fdc8d3cad5dfbb42cc4ebc3904602ae5,CobraKai,Regular,22.93,47,73405049,3.308,0.98,0,4053502,9.5,15.42,Emerging,2026-05-02 19:46:02
497,67a006160ce7aebc924684a29ec1a0f6,LaToyaForever,One-Hit Wonder,2.44,5,240801,8.021,0,0,,,15.41,Emerging,2026-05-02 19:46:02
498,7590284b4aa7b4db2718bb4c58f17c63,HowtoDAD,Occasional,15.61,32,9976996,5.088,0,0,,,15.4,Emerging,2026-05-02 19:46:02
499,65372a95f6acd492667ff44bf36aec08,FifthHarmonyVEVO,Occasional,12.68,26,385305225,5.298,2.44,0,22498235,9.4,15.34,Emerging,2026-05-02 19:46:02
499,0c8c2f131b14757fb2f5529d53951063,PickUpLimes,One-Hit Wonder,3.9,8,1295458,7.653,0,0,,,15.34,Emerging,2026-05-02 19:46:02
501,ce95ae790a3eeb330809d1444154fc54,PeterSripol,One-Hit Wonder,2.93,6,2038260,7.868,0,0,,,15.33,Emerging,2026-05-02 19:46:02
501,79e1a572470c7727445ece7c778221ea,AuntyDonna,One-Hit Wonder,2.93,6,613206,7.866,0,0,,,15.33,Emerging,2026-05-02 19:46:02
503,fa4ed6540417a463e614abd8a34bdc07,KFlayVEVO,One-Hit Wonder,2.93,6,310355,7.856,0,0,,,15.31,Emerging,2026-05-02 19:46:02
504,e0ee3f1253af01bff5d4ce061abce4e7,ScreenJunkiesNews,Regular,21.46,44,2698134,3.733,0,0,,,15.3,Emerging,2026-05-02 19:46:02
504,751b0a5263fcb06b63ae740bd6ac89ff,SuperCarlinBrothers,Occasional,13.17,27,10278391,5.572,0,0,,,15.3,Emerging,2026-05-02 19:46:02
506,a2ec016a2d5b18bfe63cd2d13ad7da3f,SumerianRecords,One-Hit Wonder,0.98,2,612754,8.274,0,0,,,15.29,Emerging,2026-05-02 19:46:02
507,35ad88ad4b36f35b02026d543b844419,RoyalBlood,One-Hit Wonder,3.9,8,1283922,7.621,0,0,,,15.28,Emerging,2026-05-02 19:46:02
508,0a4f785496a5bb879330e689670b6a43,TheSims,Occasional,9.76,20,29687134,6.315,0,0,,,15.27,Emerging,2026-05-02 19:46:02
508,7fc7ec1a90f17af304b9595d7438217c,LukeKorns,One-Hit Wonder,4.39,9,4281833,7.51,0,0,,,15.27,Emerging,2026-05-02 19:46:02
508,3a240d3efd1f6fcb5a154cd251d2560c,MnetKPOP,One-Hit Wonder,3.41,7,29980157,7.564,0.98,0,5729047,9.5,15.27,Emerging,2026-05-02 19:46:02
511,3f7306d41bbffcfd326e62a194df6fe8,TiffyQuake,Occasional,6.83,14,556909,6.951,0,0,,,15.24,Emerging,2026-05-02 19:46:02
511,b3b96b29344300ecbfb7028b4085888a,TheInternetVEVO,One-Hit Wonder,3.9,8,8274481,7.601,0,0,,,15.24,Emerging,2026-05-02 19:46:02
511,d38a2688f0a7b1fa209a32785f5dc553,JonTronShow,One-Hit Wonder,2.93,6,19103910,7.57,1.46,0,3410872,9.7,15.24,Emerging,2026-05-02 19:46:02
514,7ec5b99e1fdbbc01c6f57314d4916bef,Genius,Occasional,16.1,33,21234109,4.885,0,0,,,15.23,Emerging,2026-05-02 19:46:02
515,bc24a52f8d3a75ea61174f5a7d784283,JelloApocalypse,Occasional,16.59,34,67087351,4.771,0,0,,,15.22,Emerging,2026-05-02 19:46:02
516,0e334b5fa3fdbf6b681e4d9f554bacca,HamiltonAnAmericanMusical,Occasional,9.76,20,23122801,6.279,0,0,,,15.21,Emerging,2026-05-02 19:46:02
517,6b633dee4b135f729eae84a3bbae124c,EllieGouldingVEVO,Occasional,8.29,17,6860215,6.602,0,0,,,15.2,Emerging,2026-05-02 19:46:02
518,647d1f2823556c16e396f0617391d025,HopeForPawsOfficialRescueChannel,Occasional,14.15,29,15873226,5.293,0,0,,,15.19,Emerging,2026-05-02 19:46:02
518,a9e28493adab283546c4f8a705af48f2,RackaRacka,One-Hit Wonder,1.46,3,3650323,8.114,0,0,,,15.19,Emerging,2026-05-02 19:46:02
520,8c7087e17dc6d3c98f6bb9fe0a32be4b,SylviaGani,Occasional,17.07,35,23914477,4.631,0,0,,,15.16,Emerging,2026-05-02 19:46:02
520,f1f82047273d4b7ffae132cb60db7a4e,SelenaGomez,Occasional,13.66,28,818792483,3.841,9.27,3.9,38695716,4.5,15.16,Emerging,2026-05-02 19:46:02
520,1f87a8209e894a36686fc50c3c425438,DaisyMarquez,Occasional,12.68,26,12530069,5.605,0,0,,,15.16,Emerging,2026-05-02 19:46:02
523,74cfbfde210283cb15af29d79aaf9443,StrangeParts,Occasional,7.32,15,4267916,6.784,0,0,,,15.14,Emerging,2026-05-02 19:46:02
523,fb57e6cc4f0191011565336ff8cde407,Veritasium,Occasional,6.83,14,9051086,6.896,0,0,,,15.14,Emerging,2026-05-02 19:46:02
525,d41d8cd98f00b204e9800998ecf8427e,,Occasional,13.66,28,43171967,5.371,0,0,,,15.13,Emerging,2026-05-02 19:46:02
525,49035481dd181974d4f5eef6226124c5,Dragonfoxgirl,Occasional,11.71,24,152765640,5.806,0,0,,,15.13,Emerging,2026-05-02 19:46:02
525,a8fa02f52c5af0f7b16bda02a74735e6,grandayy,One-Hit Wonder,2.93,6,5050182,7.757,0,0,,,15.13,Emerging,2026-05-02 19:46:02
528,8f05e237e71be32db7cb9f2dcd9ce81d,TeamEdge,Regular,28.29,58,92798379,2.114,0,0,,,15.12,Emerging,2026-05-02 19:46:02
528,473cb6d5feb4e5e7fe67e927922500e4,TomDaley,One-Hit Wonder,4.88,10,477464,7.313,0,0,,,15.12,Emerging,2026-05-02 19:46:02
530,0a0446482dae2e77d0ebc458993bd413,AlishaMarieVlogs,Occasional,7.8,16,14749611,6.661,0,0,,,15.11,Emerging,2026-05-02 19:46:02
530,cc8c5cbb880e996029cd2354ad492bc9,ChristineSydelko,One-Hit Wonder,2.93,6,3204278,7.743,0,0,,,15.11,Emerging,2026-05-02 19:46:02
532,57c99b9e6752e330ea2b5d2278c419de,Makeupshayla,One-Hit Wonder,2.93,6,1819491,7.739,0,0,,,15.1,Emerging,2026-05-02 19:46:02
533,0ad6eaa076031e6640ad4c796509116f,NickJonasVEVO,Occasional,12.2,25,7069856,5.673,0,0,,,15.09,Emerging,2026-05-02 19:46:02
534,1d916d9ff34d1246e35363d39e5642e5,engineerguy,One-Hit Wonder,2.44,5,826276,7.836,0,0,,,15.08,Emerging,2026-05-02 19:46:02
535,6f6fb4a8b377bdfdb607bd4b5a6f3d5b,CSPAN,Occasional,16.1,33,7504127,4.794,0,0,,,15.07,Emerging,2026-05-02 19:46:02
535,8bd393ac5769e72e26d360f9cf0c72d5,AntsCanada,Occasional,11.71,24,16747273,5.77,0,0,,,15.07,Emerging,2026-05-02 19:46:02
537,4dba7441c049f9115d7c268c9f282637,DuanMackenzie,One-Hit Wonder,1.46,3,235838,8.035,0,0,,,15.05,Emerging,2026-05-02 19:46:02
538,9e6339893ad7fbbe2aede131685eec35,TMZ,Regular,28.78,59,79792796,1.633,1.95,0,5635114,6,15.04,Emerging,2026-05-02 19:46:02
538,7d553d5640babcb31e95e6885dc3fbdb,CodysBLab,One-Hit Wonder,3.41,7,926065,7.599,0,0,,,15.04,Emerging,2026-05-02 19:46:02
540,0c9ceb9b68231b3d466951d4609c99af,GibiASMR,Regular,23.41,48,34749642,3.145,0,0,,,15.03,Emerging,2026-05-02 19:46:02
541,3c02f59a65f679ed3c284ce2e757adbd,BritainsGotTalent,Regular,29.27,60,243394029,1.834,0,0,,,15.01,Emerging,2026-05-02 19:46:02
542,589c855f832ec512bb7794fce076b493,BillieEilish,Occasional,9.27,19,43643107,6.27,0,0,,,14.99,Emerging,2026-05-02 19:46:02
542,2538da06012150b6818aa911f52c85a9,LuisFonsiVEVO,One-Hit Wonder,4.88,10,534738794,6.513,4.39,4.39,59359872,1.1,14.99,Emerging,2026-05-02 19:46:02
544,6bd27e404c310d6d065857c84eb88a99,AbroadinJapan,One-Hit Wonder,2.44,5,600360,7.764,0,0,,,14.95,Emerging,2026-05-02 19:46:02
545,30e2c914e696ebc5c6c8e7e2c61b7551,AlexMeyers,One-Hit Wonder,3.9,8,1907690,7.431,0,0,,,14.94,Emerging,2026-05-02 19:46:02
546,2a20dcd27612d4aaa83680396926434d,LucasandMarcus,Regular,20.49,42,318162616,2.989,4.39,0,6862603,7.4,14.89,Emerging,2026-05-02 19:46:02
547,116e458079bf9ad0de797c79aa3216dd,ChrisStuckmann,Occasional,16.1,33,18649504,4.691,0,0,,,14.88,Emerging,2026-05-02 19:46:02
548,479f294190eb7005a323aa9c6d7b821d,FoxStarHindi,Occasional,15.61,32,1238609854,2.189,15.61,3.41,38706558,4.7,14.87,Emerging,2026-05-02 19:46:02
549,e498a5d2763297374e792d05897d6e89,PatriciaBright,One-Hit Wonder,4.88,10,6707897,7.166,0,0,,,14.85,Emerging,2026-05-02 19:46:02
550,bdd2487d219e58ad5ff27cbe6507a84a,justintimberlakeVEVO,Occasional,16.59,34,232092388,3.093,8.78,2.93,8980089,5,14.84,Emerging,2026-05-02 19:46:02
550,4a16c8ed267a342078570258c14ef48e,NoahCyrusVEVO,One-Hit Wonder,4.39,9,8938720,7.268,0,0,,,14.84,Emerging,2026-05-02 19:46:02
552,bbd8a1c8b716f90cfaf9493cbb3868dc,Jesse,One-Hit Wonder,3.9,8,5529291,7.359,0,0,,,14.81,Emerging,2026-05-02 19:46:02
552,d63e8fa7f1dc6d0cd396b3cb040971ae,LissieVEVO,One-Hit Wonder,2.93,6,101583,7.576,0,0,,,14.81,Emerging,2026-05-02 19:46:02
554,6a99ba2e547954af230930514926cf8f,BecauseScience,Occasional,17.07,35,22608332,4.42,0,0,,,14.78,Emerging,2026-05-02 19:46:02
554,5da4a7172e88c0fbbd3100079f7c7ca2,MarkRober,Occasional,15.61,32,91953204,4.172,3.41,0.49,8797550,4.9,14.78,Emerging,2026-05-02 19:46:02
554,d83b3c236ac629d7dc044c28219e518e,MaddieZiegler,Occasional,5.37,11,5432939,7.016,0,0,,,14.78,Emerging,2026-05-02 19:46:02
557,248b65f0f287d06ae48bd3d923ccb4c2,JakePaul,Occasional,9.76,20,59855980,6.031,0,0,,,14.76,Emerging,2026-05-02 19:46:02
558,8579e691d7598a846ecaf31a8056b7b4,DKDKTV,One-Hit Wonder,1.46,3,19662,7.848,0,0,,,14.71,Emerging,2026-05-02 19:46:02
559,c4830ddd636ae885801c6f30dfc67641,NFVEVO,One-Hit Wonder,4.39,9,21923445,7.183,0,0,,,14.69,Emerging,2026-05-02 19:46:02
560,387eeeaebd227162dddb1c3a6357ff36,Matoma,One-Hit Wonder,1.46,3,56602,7.831,0,0,,,14.68,Emerging,2026-05-02 19:46:02
561,5ac5304a1df138c351f5b2ad9d77a358,WendyWilliams,Regular,27.32,56,29735527,2.078,0,0,,,14.67,Emerging,2026-05-02 19:46:02
562,22f202033ebf9be18df94cea51714063,TheKeyofAwesome,One-Hit Wonder,4.39,9,3418838,7.139,0,0,,,14.61,Emerging,2026-05-02 19:46:02
563,6c78bac8e0732f9c229fc5b0dbb1a05e,ThirtySecondsToMarsVEVO,One-Hit Wonder,3.9,8,6900112,7.246,0,0,,,14.6,Emerging,2026-05-02 19:46:02
564,e49acbb2f45a65da31618596bac5245e,iggyazaleamusicVEVO,One-Hit Wonder,3.9,8,13505499,7.229,0,0,,,14.57,Emerging,2026-05-02 19:46:02
565,4a9cc950db163b80cb6e4dc1d4d0d0ae,DougDeMuro,Regular,23.41,48,52992409,2.882,0,0,,,14.55,Emerging,2026-05-02 19:46:02
565,a87949761e3b52b41d8ab93683d86616,GemmaStafford,One-Hit Wonder,4.39,9,531703,7.107,0,0,,,14.55,Emerging,2026-05-02 19:46:02
567,120613afd96dc53a5604bbe2269074a6,PrimitiveTechnology,Occasional,17.56,36,140610546,4.091,0.49,0,4209089,10,14.53,Emerging,2026-05-02 19:46:02
567,cbd672c9aaf85a22968c7bcf9ff90eed,ColdFusion,One-Hit Wonder,3.9,8,2249459,7.206,0,0,,,14.53,Emerging,2026-05-02 19:46:02
569,0d0e137492fbbe7f7d4d12cd05f40525,JanelleMone,Regular,20.49,42,68705400,3.507,0,0,,,14.51,Emerging,2026-05-02 19:46:02
570,dfcb4e24c64bd35639043d7a6b3e16e4,TheOdd1sOut,One-Hit Wonder,3.41,7,45449800,6.79,2.93,0,7006456,6.8,14.47,Emerging,2026-05-02 19:46:02
571,0fdfa2c911f89934ee5422634daca7cf,RedBull,Regular,23.9,49,88368538,2.711,0,0,,,14.44,Emerging,2026-05-02 19:46:02
572,48e109000fc073be1b5a47936c5e3462,ChannonRoseVlogs,One-Hit Wonder,1.46,3,340859,7.687,0,0,,,14.42,Emerging,2026-05-02 19:46:02
573,d5122c3e71ff060975aae90542125a58,ToriKellyVEVO,One-Hit Wonder,4.88,10,2822348,6.922,0,0,,,14.41,Emerging,2026-05-02 19:46:02
574,21c0352336544f0d649e8b6d11b97b00,KristinJohns,One-Hit Wonder,3.9,8,1990215,7.121,0,0,,,14.38,Emerging,2026-05-02 19:46:02
575,d9bb24eb5f355126cc4c3cf39b0bd2df,Klossy,Occasional,19.02,39,15236484,3.752,0,0,,,14.36,Emerging,2026-05-02 19:46:02
575,bbfa2b7ae690b174aa4860b3cc44074e,AzealiaBanksVEVO,Occasional,9.76,20,38349617,5.807,0,0,,,14.36,Emerging,2026-05-02 19:46:02
575,8d920aaa44049bc3932293dac9ed8ca9,ClothMap,One-Hit Wonder,1.46,3,223952,7.655,0,0,,,14.36,Emerging,2026-05-02 19:46:02
578,4326e7036c9a3a5c96a9d552cf4629cc,ChildishGambinoVEVO,Occasional,12.2,25,3758488765,3.223,12.2,11.22,150339551,1.4,14.34,Emerging,2026-05-02 19:46:02
578,f8cfecae78c93eadc00a28f3b91e6b03,LaMadelynn,Occasional,6.83,14,566144,6.447,0,0,,,14.34,Emerging,2026-05-02 19:46:02
578,9b6d73cbe6c8cc0fbefc4da358486461,MartinGarrix,One-Hit Wonder,3.41,7,27250257,7.126,0.49,0,6262956,9,14.34,Emerging,2026-05-02 19:46:02
581,3a4a5291cff4e46a0cf89559d4c0f5f8,bitlunislab,One-Hit Wonder,0.49,1,10891,7.851,0,0,,,14.33,Emerging,2026-05-02 19:46:02
582,f257747018a5a9be617deb1187f96371,ClevverStyle,Regular,20,41,17567819,3.51,0,0,,,14.32,Emerging,2026-05-02 19:46:02
582,9a4a56aa4c33b7ddff9cbd7794b2d0c9,Ladylike,Occasional,18.05,37,69614926,3.944,0,0,,,14.32,Emerging,2026-05-02 19:46:02
584,54aad1435c5b53466da5cbf3e6e87039,LauraKampf,Occasional,7.8,16,1818974,6.215,0,0,,,14.31,Emerging,2026-05-02 19:46:02
584,95e6c8de38b209317b6b77f4c51b6440,MerrellTwinsLive,Occasional,6.83,14,910520,6.434,0,0,,,14.31,Emerging,2026-05-02 19:46:02
584,2729c56b9c0e5c23a97a38512aaed86d,DazGames,One-Hit Wonder,1.46,3,1000208,7.626,0,0,,,14.31,Emerging,2026-05-02 19:46:02
587,13f73b997b69c8e166505d24b42f3235,OVOSound,Occasional,5.37,11,153924091,5.917,4.88,2.93,14935421,3.4,14.26,Emerging,2026-05-02 19:46:02
588,35c7671161fb0a710a311dc0667b36e8,KatyPerryVEVO,Occasional,8.78,18,273333649,4.989,5.85,5.85,22071491,2,14.25,Emerging,2026-05-02 19:46:02
589,293b4047b14f3c1de3c7bcab94b78cca,TheFoodRanger,Regular,20.98,43,33575837,3.243,0,0,,,14.23,Emerging,2026-05-02 19:46:02
589,39626692dbf4058fc66934d0357e3c6d,JoanKim,Occasional,7.8,16,1420931,6.172,0,0,,,14.23,Emerging,2026-05-02 19:46:02
591,a809ff05dc9d9641fbd0033adc97dd3d,ItsOkayToBeSmart,Occasional,10.24,21,5162837,5.612,0,0,,,14.2,Emerging,2026-05-02 19:46:02
592,58f3e05991ee925e81ea2b820c60fa12,MustacheWax,One-Hit Wonder,1.46,3,89905,7.537,0,0,,,14.15,Emerging,2026-05-02 19:46:02
593,e704d4a0735039ca253e30f9a750a4ac,MalumaVEVO,Occasional,15.61,32,1551515831,2.026,14.15,8.78,51944437,3.1,14.14,Emerging,2026-05-02 19:46:02
593,9a6dabbcfa88a2461f4ffb9e417fdf4a,SIRAH,One-Hit Wonder,2.44,5,157979,7.312,0,0,,,14.14,Emerging,2026-05-02 19:46:02
595,30f90962d7c828653ddc990fa4596965,SaraDietschy,Occasional,10.24,21,1179980,5.569,0,0,,,14.12,Emerging,2026-05-02 19:46:02
595,1eceae80c1fc22e732fb9362b38d9e73,TonyBakerComedy,One-Hit Wonder,3.41,7,409974,7.086,0,0,,,14.12,Emerging,2026-05-02 19:46:02
597,eebc3d31b233133f14f744284b507f42,BBCEarth,Occasional,19.51,40,6482422,3.505,0,0,,,14.11,Emerging,2026-05-02 19:46:02
598,32f0ab6a5d5e533c305179dd7dbf1cb8,VivaLaDirtLeague,One-Hit Wonder,1.95,4,233460,7.398,0,0,,,14.1,Emerging,2026-05-02 19:46:02
599,33820cdc8d7dcc3b7080ff5079ace36a,AlexFrenchGuyCooking,Occasional,5.37,11,4160764,6.636,0,0,,,14.09,Emerging,2026-05-02 19:46:02
600,091e17789df54f97fb91ea3bf99bfb72,TheRock,Occasional,5.37,11,1083966,6.621,0,0,,,14.07,Emerging,2026-05-02 19:46:02
601,6a0e1411e61b84f6f02ed61dc22689d3,officialcharlixcx,Occasional,5.85,12,2005775,6.501,0,0,,,14.04,Emerging,2026-05-02 19:46:02
601,2be0b51626543bc30ca272c6e4b6965d,JessicaVu,One-Hit Wonder,3.41,7,923493,7.04,0,0,,,14.04,Emerging,2026-05-02 19:46:02
601,55d9dd66713a1501f2039e8f5a26da48,TheUnlockr,One-Hit Wonder,3.41,7,65222,7.041,0,0,,,14.04,Emerging,2026-05-02 19:46:02
604,13211ffc0b4089b5fd390a801c41a190,JamesBayVEVO,Occasional,17.07,35,94103102,4.003,0,0,,,14.03,Emerging,2026-05-02 19:46:02
605,8d91bb348beb16ced77c731498cb08fd,ButchHartman,Occasional,10.24,21,42233867,5.433,0.49,0,5107601,10,14.02,Emerging,2026-05-02 19:46:02
605,4252f3746b71773a503da21cea475980,MeganBatoon,Occasional,7.32,15,2344283,6.163,0,0,,,14.02,Emerging,2026-05-02 19:46:02
605,f3d9d5ac9f079a6cf7027a07ca845a72,NymaTang,One-Hit Wonder,4.88,10,5461233,6.707,0,0,,,14.02,Emerging,2026-05-02 19:46:02
608,47c925af406681848e456f501ae36369,LustreLux,One-Hit Wonder,4.39,9,1578780,6.806,0,0,,,14.01,Emerging,2026-05-02 19:46:02
609,f975af8b5dcc7f23d7143eb26f6780be,FiftyShadesVEVO,Occasional,12.2,25,86648549,4.645,2.44,0,9732818,5.6,13.97,Emerging,2026-05-02 19:46:02
609,3e20dad68862d16b4eced19be5cd36e0,heyitsfeiii,Occasional,10.73,22,8500127,5.375,0,0,,,13.97,Emerging,2026-05-02 19:46:02
611,770961e1727b26a83a243f81be851a4c,JennIm,Occasional,7.8,16,4001805,6.023,0,0,,,13.96,Emerging,2026-05-02 19:46:02
611,96c3c0cd430891f30631e5a81b8bba99,Sevdaliza,One-Hit Wonder,0.49,1,90206,7.645,0,0,,,13.96,Emerging,2026-05-02 19:46:02
613,66a8a869169236a514c406d6f762c3f4,ButteredSideDown,Occasional,9.27,19,3132338,5.692,0,0,,,13.95,Emerging,2026-05-02 19:46:02
614,cf245e3bce60eab8e74895ce3ae992a1,KellyEden,One-Hit Wonder,2.44,5,130715,7.203,0,0,,,13.94,Emerging,2026-05-02 19:46:02
615,1c0d58b6af7d5b05e771867296b60e7e,PracticalEngineering,Occasional,12.2,25,7677315,5.018,0,0,,,13.91,Emerging,2026-05-02 19:46:02
615,20fe27c53341de445f8bdfba89db42df,PatrickStarrr,Occasional,10.73,22,24104829,5.345,0,0,,,13.91,Emerging,2026-05-02 19:46:02
617,9de210d93a39acba5c06d0724dd8bb0e,TheActionLab,Occasional,19.51,40,331542969,2.088,7.8,0,17191313,9.3,13.9,Emerging,2026-05-02 19:46:02
618,e2a1cc8a6035afe2abaca92c08645030,thataylaa,Occasional,5.37,11,1852625,6.522,0,0,,,13.89,Emerging,2026-05-02 19:46:02
619,96d7ff37c28eb61bb2ca2486f4842aad,Allure,Occasional,19.51,40,14930968,3.367,0,0,,,13.86,Emerging,2026-05-02 19:46:02
619,e72538d479b5bcd31e329a97376673a2,RitaOra,Occasional,16.1,33,371685481,3.227,5.37,0,19329033,8.8,13.86,Emerging,2026-05-02 19:46:02
619,308e2663136a55014957da4ce123d493,ChloexHalle,Occasional,8.29,17,6178272,5.857,0,0,,,13.86,Emerging,2026-05-02 19:46:02
622,c2affaff5b70b6c4189dc25e8334e92b,LilPeep,One-Hit Wonder,2.93,6,19266150,7.035,0,0,,,13.84,Emerging,2026-05-02 19:46:02
623,823b49ae73fc5fdaf8e39559b72d2db7,SHAYTARDS,Occasional,6.83,14,13320756,6.162,0,0,,,13.82,Emerging,2026-05-02 19:46:02
624,6207eb4ed380663087cb6ea84acdda9a,CodysLabBackup,One-Hit Wonder,2.44,5,342379,7.115,0,0,,,13.78,Emerging,2026-05-02 19:46:02
625,85e9ab286763740876d8ca93e8a2ded1,DrakeBellVEVO,One-Hit Wonder,0.49,1,65973,7.529,0,0,,,13.75,Emerging,2026-05-02 19:46:02
626,a177c8fa490f0ba01222c149d3ab40c9,DALLMYD,Occasional,17.07,35,44070854,3.837,0,0,,,13.73,Emerging,2026-05-02 19:46:02
627,0e023f3cb7702f4617ecdbc599200e79,CammieScott,Occasional,7.8,16,8252738,5.874,0,0,,,13.69,Emerging,2026-05-02 19:46:02
627,b8744658d96bb04051bec888142eb0bf,HopelessRecords,One-Hit Wonder,1.46,3,661607,7.279,0,0,,,13.69,Emerging,2026-05-02 19:46:02
629,1238bf79d2b142967ff93c2c9e3f25ae,TinasheOfficialVEVO,Occasional,13.17,27,78500664,4.647,0,0,,,13.63,Emerging,2026-05-02 19:46:02
630,de19c798c743339e968801770678fc8a,TheOhanaAdventure,One-Hit Wonder,3.41,7,506612,6.806,0,0,,,13.61,Emerging,2026-05-02 19:46:02
631,ece169c1888eb05ecc036d4910b15d2f,LecraeVEVO,Occasional,6.34,13,2695370,6.146,0,0,,,13.6,Emerging,2026-05-02 19:46:02
632,417e25bba9c255646902460a9e2565e7,Chubbyemu,Occasional,8.29,17,9131977,5.707,0,0,,,13.59,Emerging,2026-05-02 19:46:02
633,bd21cf81ae2d1e580c4eb6fd4dd44820,CupcakeJemma,Occasional,11.22,23,2254012,5.049,0,0,,,13.58,Emerging,2026-05-02 19:46:02
634,7fc96f640b56ec8df2c05905e9f7c010,EllieandJared,Occasional,6.34,13,7457580,6.13,0,0,,,13.57,Emerging,2026-05-02 19:46:02
635,64af689a0868d96ffdf07a0fe9670139,Epicurious,Regular,25.37,52,92508363,1.893,0,0,,,13.56,Emerging,2026-05-02 19:46:02
636,dde792f558eb6f5f3045c843506516ff,IGNNews,One-Hit Wonder,4.88,10,110977,6.443,0,0,,,13.55,Emerging,2026-05-02 19:46:02
637,8a0724f70d85166ddd43b31d7dd6068e,FoxNews,Regular,20.98,43,11157830,2.844,0,0,,,13.51,Emerging,2026-05-02 19:46:02
637,7940c5f7d6f6c64307ecffc043aa04be,FlorenceMachineVEVO,Occasional,18.54,38,171933322,3.384,0,0,,,13.51,Emerging,2026-05-02 19:46:02
637,5052db1854b778a3990e0ce93803c140,HealthcareTriage,One-Hit Wonder,3.9,8,119893,6.639,0,0,,,13.51,Emerging,2026-05-02 19:46:02
640,db1ce9dc942c4cfb6a5c80d662b7adc7,kehlaniparrish,One-Hit Wonder,4.39,9,4721197,6.515,0,0,,,13.48,Emerging,2026-05-02 19:46:02
640,438044293cdb2508a7a87b2ea1de294d,KingPrincess,One-Hit Wonder,0.49,1,23506,7.381,0,0,,,13.48,Emerging,2026-05-02 19:46:02
642,ffd69bb022534142840f531658bda6fd,PinkVEVO,Occasional,8.78,18,133897758,4.863,3.9,1.46,14196261,4.9,13.44,Emerging,2026-05-02 19:46:02
643,5b9b6d1bcd94c2a92241adb16bdee156,AdelaineMorin,Occasional,9.27,19,15623231,5.399,0,0,,,13.43,Emerging,2026-05-02 19:46:02
643,473b06652e159bf1434a71309b397aa9,Gorillaz,Occasional,6.83,14,242312137,5.535,2.44,0,23565981,8,13.43,Emerging,2026-05-02 19:46:02
645,9d2eb01db542bf411b7a42f8844450aa,TanyaBurr,Occasional,9.76,20,12869231,5.279,0,0,,,13.41,Emerging,2026-05-02 19:46:02
645,a42f16f00b3de761bd926bcab6b7f49e,SamONellaAcademy,Occasional,7.32,15,15025873,5.822,0,0,,,13.41,Emerging,2026-05-02 19:46:02
645,bf733d8a933c1601697f364223fc7ecb,Access,Occasional,7.32,15,11126456,5.823,0,0,,,13.41,Emerging,2026-05-02 19:46:02
648,34cc055be2baa880396eea2f7862bd88,TheScriptVEVO,Occasional,5.37,11,2774676,6.249,0,0,,,13.4,Emerging,2026-05-02 19:46:02
649,0bf172a23c90d4018c2367a171ccad9b,BrianHull,Occasional,14.63,30,14427520,4.185,0,0,,,13.39,Emerging,2026-05-02 19:46:02
650,39dd62a0adca23c6b66f6156d839722b,U2VEVO,Occasional,14.15,29,11651587,4.291,0,0,,,13.38,Emerging,2026-05-02 19:46:02
650,d0018d587d69e2d6561b6276cd77fc18,MikeOlbinski,One-Hit Wonder,0.49,1,8177,7.325,0,0,,,13.38,Emerging,2026-05-02 19:46:02
652,4ebde3b660fe1a14955bc167320aef9b,TheWarpZone,One-Hit Wonder,2.93,6,407637,6.774,0,0,,,13.37,Emerging,2026-05-02 19:46:02
653,2a6b005cf33f6fb71f705b2ecf1a0846,NicolConcilio,Occasional,10.24,21,10127345,5.147,0,0,,,13.36,Emerging,2026-05-02 19:46:02
654,35e355dff8ca6a75f8d59e48e0bc3e81,ChrisReinacher,One-Hit Wonder,3.9,8,527908,6.544,0,0,,,13.34,Emerging,2026-05-02 19:46:02
655,06c080e4155206f90721b281a3f63efe,SonictheHedgehog,Occasional,6.83,14,7463608,5.888,0,0,,,13.33,Emerging,2026-05-02 19:46:02
656,dc1ea4817114fd47b2870707e161dae8,TheDealGuy,One-Hit Wonder,4.88,10,1483511,6.303,0,0,,,13.3,Emerging,2026-05-02 19:46:02
656,b6e503296edc89e7c302ea94fbca04b9,XscapeTopic,One-Hit Wonder,1.95,4,137756,6.954,0,0,,,13.3,Emerging,2026-05-02 19:46:02
658,24da50f9795514c7d24087e433fc0984,JessConte,Occasional,8.29,17,32572986,5.524,0,0,,,13.26,Emerging,2026-05-02 19:46:02
659,ef5820bc3f87d76b219b888894a21da7,ZachKing,Occasional,6.34,13,3878022,5.928,0,0,,,13.21,Emerging,2026-05-02 19:46:02
660,cb7c3bd4acf63c886916d73f4a10008b,MsAaliyahJay,One-Hit Wonder,0.98,2,451113,7.115,0,0,,,13.2,Emerging,2026-05-02 19:46:02
661,12c2d6b68aa4c30d18c976feee3f1aab,LastWeekTonight,Occasional,11.71,24,97556377,3.661,6.34,0,5674669,7.5,13.18,Emerging,2026-05-02 19:46:02
662,d30cac3ca7490ec9a0cf061bd8945882,ScreenPrism,Occasional,13.17,27,3415721,4.39,0,0,,,13.17,Emerging,2026-05-02 19:46:02
662,f32448d1e91150614428d69e7784f7d9,BemeNews,Occasional,9.27,19,2675581,5.257,0,0,,,13.17,Emerging,2026-05-02 19:46:02
664,6d3696f7810224a426c490abd728a434,Techmoan,One-Hit Wonder,1.95,4,508899,6.876,0,0,,,13.16,Emerging,2026-05-02 19:46:02
665,b8fcd4b9f794295b0a911a98cc21dc2e,NinaNesbittMusicVEVO,One-Hit Wonder,2.44,5,1198042,6.746,0,0,,,13.12,Emerging,2026-05-02 19:46:02
666,225cbb5bb44bb1bf97428596149d1192,SeonkyoungLongest,Occasional,5.85,12,1264699,5.98,0,0,,,13.1,Emerging,2026-05-02 19:46:02
667,6eae8a4e6dbd8a341c8bf1909df0cf3a,DemiLovato,One-Hit Wonder,3.41,7,4197884,6.513,0,0,,,13.09,Emerging,2026-05-02 19:46:02
668,c8ed541467e486e05534e17bdbb03e7d,TiaMowrysQuickFix,Occasional,9.76,20,10156726,5.098,0,0,,,13.08,Emerging,2026-05-02 19:46:02
669,a77e83eadd01c0b833f69249a352e130,JamesVeitch,One-Hit Wonder,0.49,1,139989,7.153,0,0,,,13.07,Emerging,2026-05-02 19:46:02
670,71e47a94ea5b2666ac63641e885f663f,CasuallyExplained,Occasional,10.73,22,49815465,4.843,0,0,,,13.01,Emerging,2026-05-02 19:46:02
670,234dd07141a478b1bfd6aef9978f2816,KarinaGarcia,Occasional,8.78,18,35675176,5.279,0,0,,,13.01,Emerging,2026-05-02 19:46:02
672,6a4bc064809beb3b1fb3ab18ed287dd5,MattSteffanina,One-Hit Wonder,1.95,4,1345797,6.777,0,0,,,12.98,Emerging,2026-05-02 19:46:02
673,5a46e175975a1dbeb5a7fc6dcfb7db69,RiceGum,One-Hit Wonder,0.49,1,2016536,7.098,0,0,,,12.97,Emerging,2026-05-02 19:46:02
674,c3bc3cb2214263e2930bbb287e9e525a,ExtraCredits,Occasional,6.83,14,4293910,5.683,0,0,,,12.96,Emerging,2026-05-02 19:46:02
674,1bb86f83290c87146099739682e4062f,MamrieHart,Occasional,6.83,14,1628109,5.681,0,0,,,12.96,Emerging,2026-05-02 19:46:02
676,293f4d2ed82a0ef0bc9d02abdf08d0dd,PeterBrown,Occasional,8.78,18,3415675,5.233,0,0,,,12.93,Emerging,2026-05-02 19:46:02
677,3f92e0df04ea9e1c98b959e465569dd5,Battlefield,One-Hit Wonder,2.44,5,15866473,6.636,0,0,,,12.92,Emerging,2026-05-02 19:46:02
678,da225cd99c71b584a93a269ba3da94d7,Wintergatan,One-Hit Wonder,1.95,4,783946,6.738,0,0,,,12.91,Emerging,2026-05-02 19:46:02
679,fb7da2c8008cc6afae48c94f3c8c97c9,DONG,Occasional,13.66,28,30601371,4.128,0,0,,,12.89,Emerging,2026-05-02 19:46:02
680,832947a91894ee4bff1da5f00c92cd7e,Sprinkleofglitter,Occasional,7.8,16,8952248,5.419,0,0,,,12.87,Emerging,2026-05-02 19:46:02
681,972b040498eb76771f064dd2c761edc9,Fortnite,Occasional,14.63,30,96760845,3.886,0,0,,,12.85,Emerging,2026-05-02 19:46:02
681,3f61398e4be68f7856624b21f9cb9149,LauraintheKitchen,Occasional,12.68,26,2945684,4.322,0,0,,,12.85,Emerging,2026-05-02 19:46:02
681,77b73fdea3a4faa31c68a429d8a09187,JohnMaclean,One-Hit Wonder,3.41,7,1218763,6.383,0,0,,,12.85,Emerging,2026-05-02 19:46:02
684,ff11a47a318c6c9ab675db3a8810a96c,LionsgateMovies,Regular,26.34,54,336195405,0.547,4.39,0,6827038,8.6,12.84,Emerging,2026-05-02 19:46:02
685,ba0e9cfea4d6432240d77a569b413500,TinaYong,Occasional,13.17,27,25620848,4.2,0,0,,,12.83,Emerging,2026-05-02 19:46:02
686,b9b7fae9dc52bee25d99c3f4e711c7c9,BleacherReport,Regular,22.93,47,54701875,2.017,0,0,,,12.8,Emerging,2026-05-02 19:46:02
686,3eedd4916f6711176718b2317344e22c,iHasCupquake,Occasional,8.78,18,20816941,5.162,0,0,,,12.8,Emerging,2026-05-02 19:46:02
688,4061453e0c150a0615546dcb471cbf1c,shgurr,One-Hit Wonder,3.41,7,9682280,6.346,0,0,,,12.79,Emerging,2026-05-02 19:46:02
688,4e8c0371a259589d494e1cf774ca03dc,JustMarcus,One-Hit Wonder,0.49,1,46706,6.997,0,0,,,12.79,Emerging,2026-05-02 19:46:02
690,f620e3d69b6b1c42288a7a5f58dcfe63,ArchitecturalDigest,Occasional,19.02,39,118555079,2.465,2.44,0,8488478,7.6,12.78,Emerging,2026-05-02 19:46:02
690,d519c7b5b2154445270a76d297f7f5eb,IvanMiranda,One-Hit Wonder,1.46,3,156688,6.774,0,0,,,12.78,Emerging,2026-05-02 19:46:02
692,09c33695728397db5f59c76618e05c3d,LipSyncBattle,Regular,25.37,52,14238024,1.453,0,0,,,12.76,Emerging,2026-05-02 19:46:02
693,e7ab00b8fa635b00e3145cd4e521d9bf,MasonRamsey,Occasional,7.32,15,138535745,5.453,0,0,,,12.74,Emerging,2026-05-02 19:46:02
693,2398b9635e0f2b9a0d934280a1b0aed2,VlogsByDK4L,One-Hit Wonder,2.93,6,2652236,6.428,0,0,,,12.74,Emerging,2026-05-02 19:46:02
693,330667d42e0c0e514dd95fb16260317a,toofacedcosmetics,One-Hit Wonder,0.98,2,29617,6.86,0,0,,,12.74,Emerging,2026-05-02 19:46:02
696,8b44d96581c1cf332e50aa2c49696b16,fosterthepeopleVEVO,Occasional,9.27,19,13877969,5.001,0,0,,,12.71,Emerging,2026-05-02 19:46:02
697,7bb7eaf3cadb8f763d10829fa5dad159,ChristinaAguilera,Occasional,5.85,12,9567139,5.758,0,0,,,12.7,Emerging,2026-05-02 19:46:02
697,cb05e3b5508d0bc40592bd0379690448,SamSheffer,One-Hit Wonder,2.44,5,321664,6.514,0,0,,,12.7,Emerging,2026-05-02 19:46:02
699,d26b997062316132c0e85723d6a6aa9e,BuzzFeedNifty,Occasional,17.56,36,4684925,3.149,0,0,,,12.69,Emerging,2026-05-02 19:46:02
700,071dcbd2ffaef463157b978c8fddd22c,MajorLazer,Occasional,7.32,15,25516159,5.418,0,0,,,12.68,Emerging,2026-05-02 19:46:02
700,e443a1bb4bd3fdd5fab46b82373e2a48,KBSWorldTV,One-Hit Wonder,1.46,3,7361683,6.718,0,0,,,12.68,Emerging,2026-05-02 19:46:02
702,ad0b1010615a2c610b162b48a28f08ac,MiguelVEVO,Occasional,13.66,28,62469168,4,0,0,,,12.66,Emerging,2026-05-02 19:46:02
703,a5fa7e454769af45fb580a0aa040708d,MLGHighlights,Regular,25.85,53,228337647,0.716,3.41,3.41,18848814,2,12.65,Emerging,2026-05-02 19:46:02
704,578abef4f0b7ad8a8d02be1b948e5ccf,TiffanyDay,One-Hit Wonder,4.88,10,29757853,5.94,0,0,,,12.64,Emerging,2026-05-02 19:46:02
705,33510f494d84664d79039fa89267e2ba,LewisCapaldiVEVO,Occasional,5.85,12,2807018,5.717,0,0,,,12.63,Emerging,2026-05-02 19:46:02
705,adb3334932c899664d846c5b7b98b8cd,RagnBoneManVEVO,One-Hit Wonder,2.93,6,1265911,6.363,0,0,,,12.63,Emerging,2026-05-02 19:46:02
707,5efe12923e1e757cec8c0e303705c365,SmarterEveryDay,Occasional,8.29,17,11222895,5.168,0,0,,,12.62,Emerging,2026-05-02 19:46:02
708,04bcbb5a1a88638082cb9959109c0454,MillieT,One-Hit Wonder,3.41,7,1957326,6.245,0,0,,,12.61,Emerging,2026-05-02 19:46:02
708,db9a759926f1ebbcdbdb8da58c0bf040,PaweZadroniak,One-Hit Wonder,3.41,7,1715221,6.249,0,0,,,12.61,Emerging,2026-05-02 19:46:02
710,9bd4638cd39d7d024975aacf157c35bd,TheAlexJonesChannel,One-Hit Wonder,2.93,6,409690,6.347,0,0,,,12.6,Emerging,2026-05-02 19:46:02
711,86439a41361c85db451009ecdcbe0acd,IngridNilsen,Occasional,9.27,19,1806999,4.924,0,0,,,12.57,Emerging,2026-05-02 19:46:02
712,6d71e3a99d20449992bf4a3a396b7010,AsianBoss,Occasional,8.29,17,2824858,5.136,0,0,,,12.56,Emerging,2026-05-02 19:46:02
713,47ee31de63b1424b0385f1d0868f705f,RMVideos,Regular,28.78,59,10285122,0.579,0,0,,,12.55,Emerging,2026-05-02 19:46:02
713,820c3e587dbaf0e5048b3da572d092e0,TheBellaTwins,Occasional,7.8,16,6826745,5.238,0,0,,,12.55,Emerging,2026-05-02 19:46:02
715,e6a4d2aaec4e2ad52a924b3defd76956,ErikaCostell,Occasional,7.32,15,89483611,5.342,0,0,,,12.54,Emerging,2026-05-02 19:46:02
715,264aa920d9b24aff40853d461b8edf5d,BrianJustinCrum,One-Hit Wonder,0.49,1,27010,6.857,0,0,,,12.54,Emerging,2026-05-02 19:46:02
717,9375e8af3b7fb40189ce89a8e5cc0786,TimMilgram,Occasional,9.27,19,15552098,4.894,0,0,,,12.52,Emerging,2026-05-02 19:46:02
718,fbdf778def322bec55209b771cb07277,CBSLosAngeles,Regular,24.88,51,15482919,1.417,0,0,,,12.5,Emerging,2026-05-02 19:46:02
718,33e5aa40ac2f191f66ec42ce6a9106aa,KylieCosmetics,Occasional,9.27,19,23717995,4.882,0,0,,,12.5,Emerging,2026-05-02 19:46:02
718,d511e9a62d0bf638dd287abd3b4c1196,ColleenVlogs,Occasional,9.27,19,10127882,4.887,0,0,,,12.5,Emerging,2026-05-02 19:46:02
721,741940647873c7e10cd2c4fc6f83237d,TheCWTelevisionNetwork,Occasional,18.54,38,15029414,2.818,0,0,,,12.49,Emerging,2026-05-02 19:46:02
721,c75e513939a959c5f1cfe58808a91be9,NicoleGuerriero,Occasional,7.32,15,4585454,5.311,0,0,,,12.49,Emerging,2026-05-02 19:46:02
723,6e68a33e1c398371b2bfd4becd565024,TalkingKittyCat,Occasional,6.83,14,12141034,5.413,0,0,,,12.48,Emerging,2026-05-02 19:46:02
724,617bac22ff3b24285379acdae63413c3,DaddyYankee,Occasional,12.2,25,735203270,2.508,10.24,3.41,32645637,4.4,12.47,Emerging,2026-05-02 19:46:02
724,55ed5f8eabe14aefddadc6b96fa9bb5f,TRL,Occasional,10.24,21,22575687,4.654,0,0,,,12.47,Emerging,2026-05-02 19:46:02
724,85ba04ac32f06408aea72051f7f51820,MariahCareyVEVO,Occasional,5.85,12,5149796,5.627,0,0,,,12.47,Emerging,2026-05-02 19:46:02
727,4af155a9423033eaff723cc11a45fae5,OliviaJade,Occasional,11.22,23,12049788,4.431,0,0,,,12.46,Emerging,2026-05-02 19:46:02
727,bedc829c7aba7806f1e7195cb60dcc69,TheKillersVEVO,One-Hit Wonder,2.44,5,1366893,6.379,0,0,,,12.46,Emerging,2026-05-02 19:46:02
727,cd498ec88d1d7949164fddc115ae1256,HQVideoDude,One-Hit Wonder,2.44,5,717486,6.378,0,0,,,12.46,Emerging,2026-05-02 19:46:02
727,382cfe46ecfb4776230c16ea3b003633,NoahKahanVEVO,One-Hit Wonder,1.46,3,32509,6.595,0,0,,,12.46,Emerging,2026-05-02 19:46:02
731,eea1ef010cdece36be655c364984892e,MentalFloss,Occasional,12.68,26,1181768,4.082,0,0,,,12.42,Emerging,2026-05-02 19:46:02
731,7ac1f2ffd1b622f268db749b48ccb84f,TWICEJAPANOFFICIALYouTubeChannel,Occasional,8.78,18,165470840,4.947,0,0,,,12.42,Emerging,2026-05-02 19:46:02
731,6348307465fca5956ca7551718a80ebf,SamanthaMaria,One-Hit Wonder,3.9,8,556582,6.034,0,0,,,12.42,Emerging,2026-05-02 19:46:02
734,bb9b09f590ee0928f1db5661a54768f3,JustBetweenUs,Occasional,5.37,11,1227100,5.699,0,0,,,12.41,Emerging,2026-05-02 19:46:02
735,f6f47528fb1f4af98f3f6d72bed16273,MichaelDapaah,Occasional,5.85,12,18510352,5.587,0,0,,,12.4,Emerging,2026-05-02 19:46:02
736,97f92f7f9359a103c06999e94e0cf2c2,TheHollywoodReporter,Regular,21.46,44,4192028,2.11,0,0,,,12.38,Emerging,2026-05-02 19:46:02
737,5df9005c535fdaf808b16f73a1013426,CNET,Occasional,19.51,40,9070728,2.537,0,0,,,12.37,Emerging,2026-05-02 19:46:02
737,b7917bb582c3e955d550a7d4e98e9ebc,BBCThree,Occasional,18.05,37,20479623,2.861,0,0,,,12.37,Emerging,2026-05-02 19:46:02
739,4e382d780d6e600dc89cc2698ed1a66a,IAmAnneMarie,One-Hit Wonder,2.44,5,1726336,6.298,0,0,,,12.31,Emerging,2026-05-02 19:46:02
740,4de5b718d79d65eed889e5523bfe97ce,XAmbassadorsVEVO,Occasional,6.34,13,3171577,5.39,0,0,,,12.24,Emerging,2026-05-02 19:46:02
741,4c1af6c8c526d0661181ad45444abf01,A24,Regular,22.44,46,42692490,1.804,0,0,,,12.22,Emerging,2026-05-02 19:46:02
742,6d598d1290decbd4bff34d2e087ad4ed,JasonDerulo,Occasional,16.59,34,175118409,3.094,0,0,,,12.21,Emerging,2026-05-02 19:46:02
742,747c83c3664f621c4f84c95ce485b787,miniminter,Occasional,12.2,25,68842930,4.073,0,0,,,12.21,Emerging,2026-05-02 19:46:02
744,69acd72f7eaf2cdf0d5157bda2a7cb56,MigosVEVO,Occasional,9.76,20,122134908,4.04,3.41,0.49,14098404,4.9,12.2,Emerging,2026-05-02 19:46:02
745,91fc4a624e7069f4fd88c893dd327828,ClashRoyale,Occasional,19.02,39,452178999,2.213,1.95,0,14216406,9.3,12.18,Emerging,2026-05-02 19:46:02
745,5030d83c592d7f370a73c83667461e0a,FoxBusiness,One-Hit Wonder,3.9,8,246873,5.899,0,0,,,12.18,Emerging,2026-05-02 19:46:02
745,404969a4d02ec9c182e644abf8e29a39,MoreZoella,One-Hit Wonder,2.93,6,5596985,6.117,0,0,,,12.18,Emerging,2026-05-02 19:46:02
748,7ea6fa7edf5033d89895fe7eea0a5001,ELLE,Occasional,17.56,36,14115407,2.86,0,0,,,12.17,Emerging,2026-05-02 19:46:02
748,6f9412f884d1b90c0249880d7c645d1f,Nickelback,One-Hit Wonder,3.41,7,2163388,6.003,0,0,,,12.17,Emerging,2026-05-02 19:46:02
748,dd0241e5e16a4e1dc6beb74bc827babb,MAZELEE,One-Hit Wonder,2.93,6,1886026,6.108,0,0,,,12.17,Emerging,2026-05-02 19:46:02
748,856e0400ac54a42d8b98c87a7dac2d8b,HazelHayes,One-Hit Wonder,2.93,6,1021787,6.112,0,0,,,12.17,Emerging,2026-05-02 19:46:02
748,694b4c67aecae5cff917eb7bab1eb336,ToveLoVEVO,One-Hit Wonder,2.44,5,930627,6.219,0,0,,,12.17,Emerging,2026-05-02 19:46:02
753,a9017ccd1e7f2b588e9cd8bd44054f16,sWooZie,One-Hit Wonder,2.44,5,5913141,6.192,0,0,,,12.12,Emerging,2026-05-02 19:46:02
754,10e7d8ba024cb7d6202f90ef3881abd9,HunterHayes,Occasional,9.27,19,1344582,4.668,0,0,,,12.11,Emerging,2026-05-02 19:46:02
755,369a5642634ff6123dae96b9108c690e,MrSundayMovies,Occasional,6.83,14,11271625,5.187,0,0,,,12.07,Emerging,2026-05-02 19:46:02
755,b6712775586cd2e3cd8d913182dad185,ArdenRose,One-Hit Wonder,4.88,10,963110,5.623,0,0,,,12.07,Emerging,2026-05-02 19:46:02
755,78040d8a75a2f6ba3073eff6ef69f76b,DJSnakeVEVO,One-Hit Wonder,3.41,7,17011865,5.949,0,0,,,12.07,Emerging,2026-05-02 19:46:02
758,a83d3d89dddf40c8b564dcb634206b9b,RealLifeLore,Occasional,10.73,22,11289035,4.309,0,0,,,12.05,Emerging,2026-05-02 19:46:02
759,1982e4efbe20d7652891c56da8ecc2a9,PolyMatter,Occasional,8.29,17,8644522,4.843,0,0,,,12.03,Emerging,2026-05-02 19:46:02
760,c370dca571a8e9eeb48104236808fe8d,TBS,Regular,20,41,39197247,2.23,0,0,,,12.01,Emerging,2026-05-02 19:46:02
760,5b6797b5e0c9a5adf0dfa62f9b0ee5d2,JackCoyne,Occasional,5.37,11,3387722,5.481,0,0,,,12.01,Emerging,2026-05-02 19:46:02
762,2fad2e30d30d07e3d0064e024a8d18b8,TechInsider,Occasional,19.02,39,16087545,2.438,0,0,,,12,Emerging,2026-05-02 19:46:02
762,1d068b917505d2137eeb1bd69ba822e4,BebeRexha,Occasional,10.73,22,69860321,4.284,0,0,,,12,Emerging,2026-05-02 19:46:02
764,4ea99bd5fc22481cd0896afaa158746d,AwkwardPuppets,One-Hit Wonder,2.93,6,3193367,6.002,0,0,,,11.98,Emerging,2026-05-02 19:46:02
765,a3ec415e43aa7f59d05e957b5e6a61f1,BellaThorneVEVO,One-Hit Wonder,2.93,6,1260240,5.985,0,0,,,11.95,Emerging,2026-05-02 19:46:02
766,ac90a7dfffbda83c04f7666f41bff69f,5FDPVEVO,Occasional,9.27,19,33501371,4.576,0,0,,,11.94,Emerging,2026-05-02 19:46:02
767,5bdf5bdafa8c1e07e525d235f5f61f3d,FleurDeForce,Occasional,8.78,18,5050456,4.678,0,0,,,11.93,Emerging,2026-05-02 19:46:02
767,1a3db220946d225a336c44d92c51c436,TRYANGLEFILMS,One-Hit Wonder,2.93,6,46062940,5.487,2.93,1.46,7677157,3.5,11.93,Emerging,2026-05-02 19:46:02
769,38f9aa57287538f6d0e9d70e8ff8b87b,Vsauce2,Occasional,10.73,22,26923044,4.236,0,0,,,11.92,Emerging,2026-05-02 19:46:02
769,8d506445b2efb532598228343dec4912,VICE,One-Hit Wonder,4.88,10,4209236,5.535,0,0,,,11.92,Emerging,2026-05-02 19:46:02
771,26d3b8533d58bfd152797cf84e7b75e1,Cracked,Occasional,12.68,26,10051250,3.795,0,0,,,11.9,Emerging,2026-05-02 19:46:02
772,f6cfcf5656e4ffdb8ab348e321168dc4,CondNastTraveler,Occasional,15.61,32,18099467,3.126,0,0,,,11.87,Emerging,2026-05-02 19:46:02
772,0843420ff1f59afb497d7cea12bf075e,IndiaLove,One-Hit Wonder,2.93,6,1282828,5.943,0,0,,,11.87,Emerging,2026-05-02 19:46:02
772,e681f5f09f2dda8694ca8f0c12c09eb2,kmichelle,One-Hit Wonder,0.98,2,236609,6.376,0,0,,,11.87,Emerging,2026-05-02 19:46:02
775,450f6a0e9d3b9433c4368ca30555ccf8,FeastOfFiction,Occasional,17.07,35,17480558,2.794,0,0,,,11.86,Emerging,2026-05-02 19:46:02
775,7c2505f1f9ba933b5588e6a4ba0287d8,GreatScott,Occasional,7.32,15,2852648,4.963,0,0,,,11.86,Emerging,2026-05-02 19:46:02
777,ebb03407ba3c4ab20ec4108bf0c0ba37,USATODAY,Regular,22.44,46,4716875,1.599,0,0,,,11.85,Emerging,2026-05-02 19:46:02
777,95f012fe46eeb64b82de1e7633844573,SBNation,Occasional,15.61,32,13486129,3.117,0,0,,,11.85,Emerging,2026-05-02 19:46:02
779,0db23d8fc6c8fe54939d445bdf60ea9f,Galantis,One-Hit Wonder,2.44,5,1467304,6.028,0,0,,,11.83,Emerging,2026-05-02 19:46:02
780,64e9ff0b3c92f4e625a53b074ac4b932,VanceJoy,Occasional,6.34,13,4505738,5.159,0,0,,,11.82,Emerging,2026-05-02 19:46:02
781,bfebcc04c8374166e868f34a6b199b41,carrieunderwoodVEVO,Regular,20.49,42,142418896,2.006,0,0,,,11.81,Emerging,2026-05-02 19:46:02
782,69dc9c046381f52544ed04044c072b29,MSNBC,Regular,20.98,43,5386633,1.881,0,0,,,11.78,Emerging,2026-05-02 19:46:02
782,301f13978100ade3c7b3b0ee07851f62,GeorgeEzraVEVO,Occasional,11.22,23,9596840,4.053,0,0,,,11.78,Emerging,2026-05-02 19:46:02
782,b0b1b562a9fd0d553ce3a8a7dba303ac,JohnMayer,Occasional,10.24,21,84573814,4.271,0,0,,,11.78,Emerging,2026-05-02 19:46:02
785,e6dc62a8de63ee36f57987d0a58a45f1,ByronTalbott,Occasional,10.73,22,1889996,4.154,0,0,,,11.77,Emerging,2026-05-02 19:46:02
785,8ccac57c73c700e617dbe620c3ee7515,BigCatRescue,One-Hit Wonder,2.44,5,197455,5.995,0,0,,,11.77,Emerging,2026-05-02 19:46:02
787,f360a36cf7dc041ad45d1538241a5fea,ChrisHadfieldsRareEarth,One-Hit Wonder,2.44,5,269507,5.98,0,0,,,11.74,Emerging,2026-05-02 19:46:02
788,ca5f01b53d131663af9a9a308e2333bd,MonsterCableProducts,One-Hit Wonder,4.39,9,4355010,5.539,0,0,,,11.73,Emerging,2026-05-02 19:46:02
789,a2616f3d6e1de8efea161c3cdf22841a,JamesAVEVO,One-Hit Wonder,2.44,5,5465397,5.971,0,0,,,11.72,Emerging,2026-05-02 19:46:02
790,9f6290f4436e5a2351f12e03b6433c3c,Apple,Occasional,18.05,37,193767049,1.845,3.9,0,6076093,8.1,11.71,Emerging,2026-05-02 19:46:02
790,85eaeebf2b0499f714c290a6529c1ccc,EvanEdinger,One-Hit Wonder,2.93,6,940371,5.852,0,0,,,11.71,Emerging,2026-05-02 19:46:02
790,ba655548467c3c6aefabc20b64e5b657,ErrantSignal,One-Hit Wonder,2.44,5,258330,5.962,0,0,,,11.71,Emerging,2026-05-02 19:46:02
793,8f9da8abb56f593a253ee3dd41165fa9,MamaMiaMakeup,Occasional,8.78,18,20394384,4.547,0,0,,,11.7,Emerging,2026-05-02 19:46:02
793,30d7529ed10e398a632dd99b7760cbe4,ManAboutCake,Occasional,7.8,16,2611893,4.766,0,0,,,11.7,Emerging,2026-05-02 19:46:02
795,3f2d44f1cc62b0a0989d637f662b88dc,ChloexHalleVEVO,Occasional,8.78,18,10805649,4.545,0,0,,,11.69,Emerging,2026-05-02 19:46:02
796,01f0345fa64349b043ac6f1c1035ae7a,PlayOverwatch,Occasional,11.22,23,27647704,3.996,0,0,,,11.68,Emerging,2026-05-02 19:46:02
797,2e31def137b98a49b29fd966705c12ec,TheWeekndVEVO,Occasional,9.27,19,778810304,3.119,7.8,3.41,46729978,4,11.66,Emerging,2026-05-02 19:46:02
797,84417df928d13a698cdbbb7c15e817ed,CBSMiami,Occasional,8.78,18,4872858,4.529,0,0,,,11.66,Emerging,2026-05-02 19:46:02
799,0388353cf493c8ead1e31e45b4df2b6d,GamingWithJen,One-Hit Wonder,3.41,7,5204680,5.717,0,0,,,11.65,Emerging,2026-05-02 19:46:02
800,682352d7b7d88f46edac62cd97b58db1,3Blue1Brown,Occasional,6.83,14,3760811,4.947,0,0,,,11.64,Emerging,2026-05-02 19:46:02
800,743d41da88562f66c93fd76f67016077,kawaiisweetworld,One-Hit Wonder,1.46,3,238467,6.142,0,0,,,11.64,Emerging,2026-05-02 19:46:02
802,944c6e739f09a00388a4771ec0b3992e,GuardianNews,Regular,25.85,53,17929278,0.716,0,0,,,11.63,Emerging,2026-05-02 19:46:02
803,819b3c8b0e5251711267556b280978cd,ScottyKilmer,One-Hit Wonder,3.9,8,3174381,5.589,0,0,,,11.62,Emerging,2026-05-02 19:46:02
804,1ebfee8284ab1e6f58b68510a81edd19,SkipandShannonUNDISPUTED,Regular,21.46,44,33027771,1.665,0,0,,,11.58,Emerging,2026-05-02 19:46:02
804,fc2cea9832f6184327799fe471c364fb,clothesencounters,Occasional,7.8,16,4009016,4.7,0,0,,,11.58,Emerging,2026-05-02 19:46:02
806,b6809501d3efeedca27cadf5948acd44,ForgottenWeapons,One-Hit Wonder,2.44,5,1093644,5.883,0,0,,,11.57,Emerging,2026-05-02 19:46:02
807,9f600a5e7a13ff0584d73ed631814210,EnriqueIglesiasVEVO,Occasional,15.61,32,388850902,1.973,5.85,0,19413136,7.4,11.55,Emerging,2026-05-02 19:46:02
807,dc65cd1dd64df62e5cda27df9cb34bdf,PrincessPiaMiaVEVO,One-Hit Wonder,0.98,2,224819,6.199,0,0,,,11.55,Emerging,2026-05-02 19:46:02
809,4d9fef68f1e190df5cacdfa21bcac952,DIYPerks,One-Hit Wonder,3.9,8,8371119,5.541,0,0,,,11.53,Emerging,2026-05-02 19:46:02
810,57cc700b5bff70bb9943d2c08c406f57,StudioMDHR,One-Hit Wonder,1.46,3,3927734,6.069,0,0,,,11.51,Emerging,2026-05-02 19:46:02
811,d9a86175969e8ac9f51460b9cf6c4a46,mugumogu,One-Hit Wonder,4.88,10,477173,5.305,0,0,,,11.5,Emerging,2026-05-02 19:46:02
812,382ab5e932e4950cf18ab0ff83ad5f80,ScottManley,One-Hit Wonder,2.44,5,251363,5.843,0,0,,,11.49,Emerging,2026-05-02 19:46:02
813,349a5e03a5c8dc809ae085516121f219,smoothiethecat,One-Hit Wonder,1.46,3,160527,6.056,0,0,,,11.48,Emerging,2026-05-02 19:46:02
814,ec219d6409159aed778c7ba92e0f3837,PitbullVEVO,One-Hit Wonder,4.88,10,36668491,4.882,2.44,0,5690107,5.8,11.47,Emerging,2026-05-02 19:46:02
814,f83ef42198af7db76f7b294f4f233345,The1975VEVO,One-Hit Wonder,3.41,7,19101662,5.616,0,0,,,11.47,Emerging,2026-05-02 19:46:02
816,f361db9de34e493a41e37b7d4a5ee59a,ConorMaynard,One-Hit Wonder,2.44,5,44469933,5.42,2.44,0,8893987,5.2,11.46,Emerging,2026-05-02 19:46:02
817,a19558931340add5b188d16df8df503f,ONEMedia,Regular,22.44,46,68423206,1.374,0,0,,,11.45,Emerging,2026-05-02 19:46:02
818,6f2f7b87ebd6d674120c388e8a39c80e,jbalvinVEVO,One-Hit Wonder,1.95,4,45783421,5.679,1.46,0.98,15095435,2.7,11.44,Emerging,2026-05-02 19:46:02
818,d27f6c10e643777ca25ebc5461ad3d82,MrBenBrown,One-Hit Wonder,1.95,4,135026,5.92,0,0,,,11.44,Emerging,2026-05-02 19:46:02
818,3da5585fd0b8f7c9a30e00b6b22d82e3,PhilPhillipsVEVO,One-Hit Wonder,0.49,1,38068,6.244,0,0,,,11.44,Emerging,2026-05-02 19:46:02
821,5a2acd405aa7a27530ef5d8eee361610,KeithUrbanVEVO,Occasional,19.51,40,25331697,1.99,0,0,,,11.39,Emerging,2026-05-02 19:46:02
821,8b36e9207c24c76e6719268e49201d94,Google,Occasional,12.68,26,20366337,3.426,0.49,0,3257990,10,11.39,Emerging,2026-05-02 19:46:02
821,43c12eacbfd868d295e827de8a832bc7,HaileeSteinfeldVEVO,One-Hit Wonder,4.39,9,39712033,5.026,1.95,0,6672485,8.3,11.39,Emerging,2026-05-02 19:46:02
821,cf5f6b2c2853504e50bda600c36716e7,MILCK,One-Hit Wonder,0.98,2,10668,6.11,0,0,,,11.39,Emerging,2026-05-02 19:46:02
825,1d0e269ffd2b964645cafb22ff48cc23,BreakingBenjaminVEVO,One-Hit Wonder,2.44,5,4019099,5.778,0,0,,,11.38,Emerging,2026-05-02 19:46:02
826,3f90dd9ade079b68a2103fce7b01a2e4,BillyGrahamEvangelisticAssociation,Occasional,5.85,12,2158361,5.018,0,0,,,11.37,Emerging,2026-05-02 19:46:02
827,22195e3010d5324c06ae349406ec11ef,WhatIveLearned,One-Hit Wonder,0.98,2,459479,6.091,0,0,,,11.36,Emerging,2026-05-02 19:46:02
828,9386d2e2261b48bfb01b912d8869a521,AmandaPalmer,One-Hit Wonder,0.98,2,57481,6.086,0,0,,,11.35,Emerging,2026-05-02 19:46:02
829,d5a33892f706e9300d0723b404abd3f1,ViralHog,Regular,22.93,47,22139659,1.207,0,0,,,11.34,Emerging,2026-05-02 19:46:02
830,9b3e656ee47312e36bca8b4e4c65c227,ilikeweylie,One-Hit Wonder,2.44,5,378807,5.751,0,0,,,11.33,Emerging,2026-05-02 19:46:02
831,27d8af63f53a477ea2795e30c31ce9bb,KanyeWestTopic,Occasional,14.63,30,103575610,3.037,0,0,,,11.32,Emerging,2026-05-02 19:46:02
832,4baaf0e8110ba04177b33dbb149f0437,SoundBites,One-Hit Wonder,2.93,6,300923,5.613,0,0,,,11.28,Emerging,2026-05-02 19:46:02
833,0e63820537f80ea5e6f080a4641e0904,LILUZIVERT,One-Hit Wonder,3.9,8,45907542,5.07,1.95,0,8470862,5.8,11.27,Emerging,2026-05-02 19:46:02
834,56c9d60f2ec775d13130f5115276dd10,fantano,Occasional,8.78,18,3175764,4.3,0,0,,,11.25,Emerging,2026-05-02 19:46:02
835,a77fdf3624b077b8e7a34a9db564289e,MatthiasWandel,Occasional,13.66,28,17666832,3.207,0,0,,,11.24,Emerging,2026-05-02 19:46:02
836,cb6b7966597973b643195a6a6fb25546,KygoOfficialVEVO,One-Hit Wonder,3.41,7,19071153,5.482,0,0,,,11.23,Emerging,2026-05-02 19:46:02
836,b153cbdf137ac4fa81768c778e98e354,InvisiblePeople,One-Hit Wonder,0.98,2,74868,6.02,0,0,,,11.23,Emerging,2026-05-02 19:46:02
838,a0a2b59e2977a9ca57ea9052ca8d918b,bulletvalentineVEVO,One-Hit Wonder,4.88,10,7590086,5.147,0,0,,,11.22,Emerging,2026-05-02 19:46:02
838,bdb220095e97656b091bcace7c8977f1,JessicaBraunJAMbeauty89,One-Hit Wonder,2.44,5,354169,5.69,0,0,,,11.22,Emerging,2026-05-02 19:46:02
838,183709ebe3a1d675014d32b94ad7ed94,Xbox,One-Hit Wonder,0.49,1,48735,6.125,0,0,,,11.22,Emerging,2026-05-02 19:46:02
838,55d6e47e1b3b54ea4c5191e09beca5a2,ClovesVEVO,One-Hit Wonder,0.49,1,30260,6.127,0,0,,,11.22,Emerging,2026-05-02 19:46:02
842,7ae35555ea440c9c6d2910e90f0ac8cd,MickMake,One-Hit Wonder,0.49,1,3237,6.117,0,0,,,11.21,Emerging,2026-05-02 19:46:02
843,2beb113ebdae9b0e75f51355d98bc106,WaltDisneyAnimationStudios,Occasional,12.2,25,351946816,2.289,7.32,6.83,16810371,2.4,11.2,Emerging,2026-05-02 19:46:02
843,3d2b033f994a6b5e1075cee29f182cf3,JonathanMorrison,Occasional,9.76,20,8103086,4.056,0,0,,,11.2,Emerging,2026-05-02 19:46:02
843,3c421a85d7a4a6693caa15917e542a41,MOMOMOYOUTHVEVO,One-Hit Wonder,3.9,8,3182617,5.353,0,0,,,11.2,Emerging,2026-05-02 19:46:02
846,e0daea2fcd1fc6eea6cd0b5de1eed530,BackstreetBoysVEVO,Occasional,13.17,27,364499372,3.289,0,0,,,11.19,Emerging,2026-05-02 19:46:02
847,14c2b3111bdcaf6acbeded6e3ada00e3,GoPro,Occasional,15.12,31,18077756,2.84,0,0,,,11.16,Emerging,2026-05-02 19:46:02
847,02c2935b792171dd8aa310f11ce442cd,BonJoviVEVO,One-Hit Wonder,4.39,9,2714342,5.227,0,0,,,11.16,Emerging,2026-05-02 19:46:02
849,39c383a33f609bdda27865dffc7268c1,johnmayerVEVO,Occasional,13.17,27,67086769,3.257,0,0,,,11.13,Emerging,2026-05-02 19:46:02
849,bee880b7f82572fb8c1ab22300a4c04b,SUMERIAN,Occasional,6.83,14,11492070,4.666,0,0,,,11.13,Emerging,2026-05-02 19:46:02
849,e32a79c407ce748111fd0e2ee5604789,JoergSprave,One-Hit Wonder,2.44,5,581166,5.641,0,0,,,11.13,Emerging,2026-05-02 19:46:02
852,8230118fc38ddcc0b24ef274f23b4a52,DisneyMusicVEVO,Occasional,14.15,29,52210513,2.628,2.44,0,6026173,6.8,11.12,Emerging,2026-05-02 19:46:02
852,0e3d7fc8dc1ab78e4069ac7892f6a296,Boldly,Occasional,8.29,17,44055512,3.93,2.44,0,7371208,5.6,11.12,Emerging,2026-05-02 19:46:02
854,11509090cd1d1fb2f154bc4e6968a4d5,HarutheShibaInu,One-Hit Wonder,0.98,2,109804,5.95,0,0,,,11.1,Emerging,2026-05-02 19:46:02
855,3d72996eaea4d10b55a54280487eff5d,WalkingWithGiants,One-Hit Wonder,2.93,6,1031035,5.51,0,0,,,11.09,Emerging,2026-05-02 19:46:02
855,04af77524cc5ee54814e3f9d1e376d05,PointlessBlogVlogs,One-Hit Wonder,2.44,5,2406749,5.621,0,0,,,11.09,Emerging,2026-05-02 19:46:02
857,2d2370a6a7828dd28f700987705abf17,SomeThingElseYT,Occasional,8.78,18,18442108,4.205,0,0,,,11.08,Emerging,2026-05-02 19:46:02
857,b5a15fdf652042cdd9346bee489bf835,WINNER,One-Hit Wonder,4.88,10,126168398,4.99,0.49,0,12941237,9,11.08,Emerging,2026-05-02 19:46:02
859,dd92760f536ed8ecaad66d682701aa9d,Inthefrow,One-Hit Wonder,1.95,4,380708,5.705,0,0,,,11.05,Emerging,2026-05-02 19:46:02
859,d90bf62d02e89497482ac58672eb5eac,DustinPenner,One-Hit Wonder,1.95,4,261544,5.707,0,0,,,11.05,Emerging,2026-05-02 19:46:02
861,8eba4533434fd89f0ca849eb3a2cf35a,Sidemen,Occasional,12.2,25,139931957,3.425,0,0,,,11.04,Emerging,2026-05-02 19:46:02
861,5ec23443b6109a4c760f7984ddc0046d,CatManChris,Occasional,5.85,12,4812051,4.835,0,0,,,11.04,Emerging,2026-05-02 19:46:02
861,ecfddb1165170d4e9baa420d6a7ac761,CatPusic,Occasional,5.37,11,3980451,4.939,0,0,,,11.04,Emerging,2026-05-02 19:46:02
864,7c65f3c03180e2c93b48642e5a37c812,ReachRecords,One-Hit Wonder,3.9,8,355827,5.247,0,0,,,11,Emerging,2026-05-02 19:46:02
865,f82421e0f934e2034dafdff1c46b3989,Techquickie,One-Hit Wonder,4.88,10,2635488,5.023,0,0,,,10.99,Emerging,2026-05-02 19:46:02
866,04edfdedee5b555954ba1de98ae6c9e7,empireofthesunvevo,One-Hit Wonder,0.98,2,317301,5.884,0,0,,,10.98,Emerging,2026-05-02 19:46:02
867,cbf243a2791e8ff467f3382b1c603885,JohnNewmanVEVO,Occasional,5.85,12,9136937,4.797,0,0,,,10.97,Emerging,2026-05-02 19:46:02
868,0c2ae36e29186ecf23260763e6af3700,Townsends,Occasional,8.29,17,5976352,4.234,0,0,,,10.94,Emerging,2026-05-02 19:46:02
869,0402a7fd9fb1cf309a96386e1fb8efe6,TheRealDaytime,Regular,20.49,42,10891304,1.517,0,0,,,10.93,Emerging,2026-05-02 19:46:02
870,fe5dca1bbfdf927f6a63afc1849673d4,ShoshanaBean,Occasional,9.27,19,4848116,4.009,0,0,,,10.92,Emerging,2026-05-02 19:46:02
871,09f9581ebf5214cdc773f8c5556001fa,MacklemoreLLC,Occasional,6.34,13,34127002,4.65,0,0,,,10.91,Emerging,2026-05-02 19:46:02
871,b8e434f2f16f58f1162016c3e331d51d,AnthemLights,One-Hit Wonder,2.44,5,624703,5.517,0,0,,,10.91,Emerging,2026-05-02 19:46:02
873,18bf81f572d8e810de5d0e0bf5c0dfb3,CelineDionVEVO,Occasional,10.73,22,409354166,2.534,6.83,0,22429214,7.5,10.9,Emerging,2026-05-02 19:46:02
873,5df72a356c75170dbf9b4ac608ecf9a7,BeckyGVEVO,Occasional,9.76,20,1182971286,2.421,8.78,5.37,64548119,3.8,10.9,Emerging,2026-05-02 19:46:02
875,66b6122f60c01bec7160bbb77c56c671,NickiMinaj,Occasional,8.78,18,189185997,3.85,1.46,0,18146245,9.7,10.88,Emerging,2026-05-02 19:46:02
876,ef85f14e5b18064ce53c3c1af879cdb8,Nerdist,Occasional,12.2,25,44412288,3.329,0,0,,,10.87,Emerging,2026-05-02 19:46:02
876,adf88300590b4c6312c568073ae3f630,JackJohnsonVEVO,One-Hit Wonder,4.39,9,543788,5.064,0,0,,,10.87,Emerging,2026-05-02 19:46:02
878,ca354399b6b3a5e3a873b160f68dc4b3,KristenHancher,Occasional,5.37,11,3900607,4.842,0,0,,,10.86,Emerging,2026-05-02 19:46:02
878,2cd318ca351b1013df81617233b757e9,R3HAB,One-Hit Wonder,4.39,9,4019979,5.058,0,0,,,10.86,Emerging,2026-05-02 19:46:02
880,b78f4580e56ae69fb1b4f45f5a4dedc5,Cosmopolitancom,Occasional,8.78,18,3845055,4.075,0,0,,,10.85,Emerging,2026-05-02 19:46:02
881,e34a2dc1a304546e47101307ad1bb051,BananaCultureMusic,One-Hit Wonder,0.98,2,2661336,5.806,0,0,,,10.84,Emerging,2026-05-02 19:46:02
882,46c10a822d803834327f67b3c19c437f,NowYouSeeIt,One-Hit Wonder,2.44,5,1196375,5.477,0,0,,,10.83,Emerging,2026-05-02 19:46:02
883,7a9842020bf91cb2958977171e7c2b24,ATT,One-Hit Wonder,2.44,5,2673056,5.469,0,0,,,10.82,Emerging,2026-05-02 19:46:02
884,9846d715dab58b996cb6d263ddd72e6c,ToniBraxtonVEVO,Occasional,8.29,17,25039077,4.161,0,0,,,10.81,Emerging,2026-05-02 19:46:02
885,bbd8fe19178b6ac7d13dd1dd07213193,WFLANewsChannel8,One-Hit Wonder,3.41,7,1717283,5.241,0,0,,,10.8,Emerging,2026-05-02 19:46:02
886,53ed6820f1677733fece3ec4e0d205b1,TheBeatlesVEVO,One-Hit Wonder,1.95,4,1776501,5.553,0,0,,,10.78,Emerging,2026-05-02 19:46:02
886,c6e614bc9f344989f9c013bac915a3fc,Auralnauts,One-Hit Wonder,0.98,2,140784,5.773,0,0,,,10.78,Emerging,2026-05-02 19:46:02
888,d0fa71ad6b4083b71d5816a3206f817a,Variety,Occasional,17.56,36,13571930,2.081,0,0,,,10.77,Emerging,2026-05-02 19:46:02
888,b4487d34bf1371aa78d44087424b33b6,Omaze,Occasional,7.32,15,2506259,4.358,0,0,,,10.77,Emerging,2026-05-02 19:46:02
890,0405367472f15e1337dc9ae7cfd5fec9,HelenAnderson,One-Hit Wonder,1.46,3,232032,5.653,0,0,,,10.76,Emerging,2026-05-02 19:46:02
891,474a88d16fb30487e013e2d6797e1407,IncubusVEVO,One-Hit Wonder,4.88,10,1403575,4.875,0,0,,,10.73,Emerging,2026-05-02 19:46:02
891,9d5aa59c2f3a60b0d9971317b36fbde0,MarcoReps,One-Hit Wonder,3.41,7,225914,5.206,0,0,,,10.73,Emerging,2026-05-02 19:46:02
893,64e0500aa7f6138a1fff92aeb030cb57,SongOfStyle,One-Hit Wonder,2.44,5,129256,5.413,0,0,,,10.72,Emerging,2026-05-02 19:46:02
894,4912f4ebd20ceab4268e9dde6b761fce,EvanescenceVEVO,One-Hit Wonder,4.39,9,2644211,4.965,0,0,,,10.69,Emerging,2026-05-02 19:46:02
895,7b2d9c937810d1fc19b87fb18120fb7c,LukeBryanVEVO,Occasional,7.32,15,1835018,4.304,0,0,,,10.68,Emerging,2026-05-02 19:46:02
895,ddfe21ab9f5690d5f592421e32fcdec2,Tpindell,One-Hit Wonder,3.9,8,4182989,5.065,0,0,,,10.68,Emerging,2026-05-02 19:46:02
897,e80f5f10b4bb0674b23f109a689a9bb4,CarThrottle,One-Hit Wonder,2.44,5,1308578,5.383,0,0,,,10.67,Emerging,2026-05-02 19:46:02
898,9ae422e4819dd8e6483a6932318a25cd,standupmaths,Occasional,7.8,16,2798640,4.19,0,0,,,10.66,Emerging,2026-05-02 19:46:02
898,9a1bbcfee98fda1274d7f0eb7a9111f3,Pitchfork,One-Hit Wonder,2.44,5,1317806,5.381,0,0,,,10.66,Emerging,2026-05-02 19:46:02
900,aa93b9e6dc5cb70d339271d3d28777e1,BrailleSkateboarding,One-Hit Wonder,4.88,10,1397711,4.83,0,0,,,10.65,Emerging,2026-05-02 19:46:02
900,3cd6bd348c890ad1ac3ea51380eb3d62,SabrinaClaudio,One-Hit Wonder,4.39,9,8479401,4.939,0,0,,,10.65,Emerging,2026-05-02 19:46:02
900,0d055beb31fd94ce0399a1981d82afc5,BLACKPINK,One-Hit Wonder,2.44,5,16524026,5.375,0,0,,,10.65,Emerging,2026-05-02 19:46:02
903,338029e7733a3dc8f2541373fec7cb95,JoshGroban,Occasional,9.76,20,2416748,3.741,0,0,,,10.64,Emerging,2026-05-02 19:46:02
903,3f9d65ccf1b1d5cd0f55d21b78b3837f,SeanPaulVEVO,One-Hit Wonder,3.9,8,15162536,5.044,0,0,,,10.64,Emerging,2026-05-02 19:46:02
905,7545c4b164e2bcc81337cf82c66283cf,JCole,Occasional,8.78,18,226451213,3.956,0,0,,,10.63,Emerging,2026-05-02 19:46:02
905,44883722deedb154d56115606a422ded,KYLEHANAGAMI,Occasional,5.37,11,16285016,4.711,0,0,,,10.63,Emerging,2026-05-02 19:46:02
905,1f99771bc3e23e6097509a331544ab65,NASA,One-Hit Wonder,1.46,3,106127,5.579,0,0,,,10.63,Emerging,2026-05-02 19:46:02
908,6779ca4730c80b7dce3b8d77b6bc1933,MrBeast,One-Hit Wonder,3.41,7,22068205,5.058,0.49,0,3383164,10,10.62,Emerging,2026-05-02 19:46:02
908,bf2528a296adb62d041a7519aa77f248,Passenger,One-Hit Wonder,3.41,7,1953666,5.143,0,0,,,10.62,Emerging,2026-05-02 19:46:02
910,67e0971af53f4e5e2c6d248ca96e9ce5,Shaaanxo,One-Hit Wonder,0.98,2,361165,5.673,0,0,,,10.6,Emerging,2026-05-02 19:46:02
911,c59efc92ce22a3397378b20393b367c2,TomStanton,One-Hit Wonder,3.9,8,933815,5.015,0,0,,,10.59,Emerging,2026-05-02 19:46:02
912,14c3a06a4a3cc3ba4376c8aa7be1d412,ClevverNews,Occasional,18.05,37,16618059,1.868,0,0,,,10.58,Emerging,2026-05-02 19:46:02
912,ed9e254589610a8c2121fbd383fb24ee,MarkLinsangan,One-Hit Wonder,0.98,2,18783,5.658,0,0,,,10.58,Emerging,2026-05-02 19:46:02
914,431103f32a17c6093c76ce98a1099e5e,Hevesh5,Occasional,17.56,36,41078824,1.968,0,0,,,10.57,Emerging,2026-05-02 19:46:02
914,a71c9f7951cc9540015045ccb544ae54,PostmodernJukebox,Occasional,6.83,14,5474887,4.354,0,0,,,10.57,Emerging,2026-05-02 19:46:02
914,6c131f5be5c3eab2bf0bf6efe50e9d39,NOLAcom,One-Hit Wonder,3.41,7,167121,5.112,0,0,,,10.57,Emerging,2026-05-02 19:46:02
914,a83207d9db4e1ccce555aa4b860c7507,RickyDillon,One-Hit Wonder,2.93,6,2564513,5.22,0,0,,,10.57,Emerging,2026-05-02 19:46:02
914,90ede656cc3819cddfbd921f4f5a2977,JessieJVEVO,One-Hit Wonder,1.46,3,1647502,5.546,0,0,,,10.57,Emerging,2026-05-02 19:46:02
919,85a953b1122c562df315df613c7b3103,GoodMythicalMORE,Occasional,16.59,34,16400751,2.176,0,0,,,10.55,Emerging,2026-05-02 19:46:02
920,ce2355bbb27c7b443384bd9f71cabb16,NahreSol,One-Hit Wonder,0.49,1,5149,5.749,0,0,,,10.54,Emerging,2026-05-02 19:46:02
921,24536ac7ad2e55c22bc21c0c99aa53c3,PeacefulCuisine,One-Hit Wonder,2.44,5,343037,5.31,0,0,,,10.53,Emerging,2026-05-02 19:46:02
922,bc10a94d0d7cc214a6ec110e219700d3,ChrisStapletonVEVO,Occasional,15.61,32,8750238,2.37,0,0,,,10.51,Emerging,2026-05-02 19:46:02
922,3e8ef479afbb7e0d5651fcb67e787fc0,GigiGorgeous,Occasional,8.29,17,4571493,3.995,0,0,,,10.51,Emerging,2026-05-02 19:46:02
922,89ac931d358ceb382dd4dbcabbe70bae,NikiandGabi,One-Hit Wonder,4.88,10,19531458,4.754,0,0,,,10.51,Emerging,2026-05-02 19:46:02
922,3bbbe728c4ec52c1174761fd75257b21,LaurenElizabeth,One-Hit Wonder,2.44,5,336452,5.299,0,0,,,10.51,Emerging,2026-05-02 19:46:02
926,281c5dc92faf685364a813be92182e14,shakiraVEVO,One-Hit Wonder,3.41,7,122400297,4.5,3.41,2.93,17485757,2.9,10.49,Emerging,2026-05-02 19:46:02
927,a61d00661142b2d5c6ab4e7fcf6d13c6,BBC,Occasional,18.54,38,58054615,1.704,0,0,,,10.48,Emerging,2026-05-02 19:46:02
927,4321ed099d03e94edca27b76725a956e,JessicaClements,Occasional,6.34,13,1773425,4.414,0,0,,,10.48,Emerging,2026-05-02 19:46:02
929,1733218287e370f95510cb2c81915840,TheSquaretoSpare,One-Hit Wonder,2.93,6,495118,5.161,0,0,,,10.46,Emerging,2026-05-02 19:46:02
930,e8c6029741cfca695cd0e25e3ba77d34,Kaplamino,Occasional,11.22,23,16490378,3.311,0,0,,,10.45,Emerging,2026-05-02 19:46:02
930,3bb5141a5a386d82593714e97afa809a,EngineeringExplained,Occasional,9.27,19,6974892,3.744,0,0,,,10.45,Emerging,2026-05-02 19:46:02
932,68f783ae723291a08a2ed1ca53ca62cd,DjEarworm,One-Hit Wonder,3.41,7,3034381,5.035,0,0,,,10.43,Emerging,2026-05-02 19:46:02
932,cf2d3d6ad33453e87e4e846bc3b2ef05,2CELLOS,One-Hit Wonder,0.98,2,432186,5.574,0,0,,,10.43,Emerging,2026-05-02 19:46:02
932,760d506a49365a4ab8a193902934228f,BirdboxStudio,One-Hit Wonder,0.49,1,22695,5.688,0,0,,,10.43,Emerging,2026-05-02 19:46:02
935,2ae4098a50b8311337c23103d491268f,ChannelAwesome,Occasional,8.78,18,10333649,3.834,0,0,,,10.41,Emerging,2026-05-02 19:46:02
935,baa81671b06cec362191b2d4fdd78435,BillGates,Occasional,7.32,15,4162238,4.158,0,0,,,10.41,Emerging,2026-05-02 19:46:02
935,df2c7e463013551c00b02969e516065f,RoxetteArisa,Occasional,5.85,12,6033049,4.485,0,0,,,10.41,Emerging,2026-05-02 19:46:02
935,64bdbb4a42cb3ee0a79904e4bd6c7faf,ChrisandJack,One-Hit Wonder,0.98,2,242990,5.563,0,0,,,10.41,Emerging,2026-05-02 19:46:02
935,0e23f350e7aa18fe0ee13816688a0c06,CartoonHangover,One-Hit Wonder,0.98,2,131083,5.564,0,0,,,10.41,Emerging,2026-05-02 19:46:02
940,a452abfc1813ced5e8fc0726c75c3cf6,RevoltTV,One-Hit Wonder,3.9,8,8055481,4.912,0,0,,,10.4,Emerging,2026-05-02 19:46:02
941,bd9c3108692e7a6f0b7e28df7c67c570,oregon,Occasional,6.34,13,9975728,4.361,0,0,,,10.39,Emerging,2026-05-02 19:46:02
942,d66c6670fea6fc49d024dd2998f78e60,HelpfulVancouverVet,Occasional,10.73,22,60183450,3.374,0,0,,,10.37,Emerging,2026-05-02 19:46:02
942,9a1b5d36b763fbba6e02137c2f3521d7,SenatorChrisMurphy,One-Hit Wonder,3.9,8,371306,4.896,0,0,,,10.37,Emerging,2026-05-02 19:46:02
944,c3078b7050b126a44a01e5016d984f37,LoftyPursuits,One-Hit Wonder,2.44,5,2953345,5.211,0,0,,,10.36,Emerging,2026-05-02 19:46:02
945,48b30ea7890ffd35a04f781d49c5280d,LGR,One-Hit Wonder,1.46,3,613475,5.413,0,0,,,10.33,Emerging,2026-05-02 19:46:02
946,150ab654876bd4fc2ea51a168d70e753,TheWeeknd,Occasional,7.32,15,350967234,2.968,6.83,5.85,24838110,3,10.32,Emerging,2026-05-02 19:46:02
946,d230b2da73b3aa3124d3a456d8e5b1cb,GrandpaKitchen,One-Hit Wonder,3.41,7,3023782,4.977,0,0,,,10.32,Emerging,2026-05-02 19:46:02
946,f9921c2827c75aa6d93566b5bdf98e65,RockRollHallofFame,One-Hit Wonder,0.98,2,11594,5.515,0,0,,,10.32,Emerging,2026-05-02 19:46:02
949,ed7c82df6211e66a38c0a1375f44ff9f,TechSmartt,Occasional,8.78,18,28795673,3.772,0,0,,,10.3,Emerging,2026-05-02 19:46:02
949,1d5f093ce894c6a4c3d3306c554a1d4f,Polyphonic,One-Hit Wonder,0.98,2,294806,5.504,0,0,,,10.3,Emerging,2026-05-02 19:46:02
951,026603c8fb8833086156ec179cfabf72,AdamNeely,One-Hit Wonder,2.44,5,1297318,5.173,0,0,,,10.29,Emerging,2026-05-02 19:46:02
951,b650cc1ef7138c66dfcc74e7d32e114c,HillsongWorship,One-Hit Wonder,1.95,4,632268,5.285,0,0,,,10.29,Emerging,2026-05-02 19:46:02
953,77301e7d3889a97788004f5a435a7a2b,HOT97,One-Hit Wonder,2.93,6,7850299,5.056,0,0,,,10.27,Emerging,2026-05-02 19:46:02
954,9d7d8fadb4ff08869d81139c38a606f8,kimbramusic,One-Hit Wonder,1.46,3,596655,5.375,0,0,,,10.26,Emerging,2026-05-02 19:46:02
955,736f2ca3609fb6db62b0f45109b83fdb,TodayIFoundOut,Occasional,9.27,19,11989085,3.635,0,0,,,10.25,Emerging,2026-05-02 19:46:02
955,ab44bcc2397a1dcc9d901f9612c750bd,StorrorBlog,One-Hit Wonder,0.98,2,1492977,5.474,0,0,,,10.25,Emerging,2026-05-02 19:46:02
957,66ad8dff6317b305d11c268630416a67,JayRockVEVO,One-Hit Wonder,4.88,10,92526244,3.953,3.9,0,10335259,6,10.24,Emerging,2026-05-02 19:46:02
957,a11135b1d58a087a6807130377a61d8f,DavidArchuleta,One-Hit Wonder,2.93,6,786640,5.037,0,0,,,10.24,Emerging,2026-05-02 19:46:02
957,98ba056319cc37be6f5e5099b68082e2,BritishVogue,One-Hit Wonder,2.44,5,7738220,5.149,0,0,,,10.24,Emerging,2026-05-02 19:46:02
960,6f81e6b508141d30fb8d19bbf5f27c6a,DancingWithTheStars,Occasional,19.51,40,21058599,1.348,0,0,,,10.23,Emerging,2026-05-02 19:46:02
960,dd011a99639f8e30da13b74e3142298c,Rudimental,Occasional,9.27,19,24053679,3.624,0,0,,,10.23,Emerging,2026-05-02 19:46:02
962,d2b432b0f22eff55f8b6b60e4f9f0a21,ErinNoelle,One-Hit Wonder,2.44,5,1268878,5.135,0,0,,,10.22,Emerging,2026-05-02 19:46:02
963,3f6fb6f058deeea1407bacefec5265a2,PlayStation,One-Hit Wonder,2.93,6,12312195,5.022,0,0,,,10.21,Emerging,2026-05-02 19:46:02
964,7fea129092b1513a1607cde99895dde6,RyanIsDriving,One-Hit Wonder,2.93,6,14206395,5.017,0,0,,,10.2,Emerging,2026-05-02 19:46:02
965,18a08f46216bdcc8ff5f97a914efeed8,InannaSarkis,Occasional,8.78,18,38703290,3.712,0,0,,,10.19,Emerging,2026-05-02 19:46:02
966,0637b8d17a0b789adad4173e03da1255,Zendaya,One-Hit Wonder,3.41,7,8234661,4.898,0,0,,,10.18,Emerging,2026-05-02 19:46:02
967,5ba71e19b28e66e88cbf7553c072f538,MNEKVEVO,One-Hit Wonder,4.39,9,5898886,4.662,0,0,,,10.15,Emerging,2026-05-02 19:46:02
968,336a920d030ac6afa5786044a649dc88,TmarTn2,Occasional,6.34,13,6312181,4.222,0,0,,,10.14,Emerging,2026-05-02 19:46:02
968,517d92e8f44349fdaaab1b392055d444,MySelfReliance,Occasional,5.85,12,2024741,4.333,0,0,,,10.14,Emerging,2026-05-02 19:46:02
968,1eb3bff27474a8b6cbae73edcdcf3b9a,CSDojo,One-Hit Wonder,1.95,4,599996,5.2,0,0,,,10.14,Emerging,2026-05-02 19:46:02
971,cc0bf4576d6ada0d886daf0fb3ec4e32,DinaTokio,One-Hit Wonder,0.98,2,149928,5.4,0,0,,,10.11,Emerging,2026-05-02 19:46:02
972,332e67e876d799d4cab3cd0174eeb031,AssociatedPress,Occasional,19.02,39,2190037,1.381,0,0,,,10.09,Emerging,2026-05-02 19:46:02
973,3582ae46321bcc9ee77ccf07660db926,SriramMurali,One-Hit Wonder,4.39,9,415228,4.625,0,0,,,10.08,Emerging,2026-05-02 19:46:02
974,203c213bd6fb8d9a56abc318bb7859a0,KMUSIC,Occasional,6.34,13,57173158,4.106,0.49,0,6345613,9,10.07,Emerging,2026-05-02 19:46:02
975,7dde46ece0aa819e03e6ec32693aeda4,Vinheteiro,One-Hit Wonder,3.9,8,1855819,4.719,0,0,,,10.05,Emerging,2026-05-02 19:46:02
976,3910b1e0ccab19bc46fd9db27cca49c9,Samsung,Occasional,6.34,13,80509136,3.195,5.85,0,6553382,6.4,10.04,Emerging,2026-05-02 19:46:02
977,dd7e6c32ddce43f2d82b738828635ca9,XFactorItalia,One-Hit Wonder,0.98,2,407107,5.35,0,0,,,10.02,Emerging,2026-05-02 19:46:02
978,e3ff49f13a4e7be29c8051385adc499c,Muse,One-Hit Wonder,4.39,9,21804186,4.583,0,0,,,10.01,Emerging,2026-05-02 19:46:02
979,152f3058e7520d0a545de14f287703ee,Eater,Occasional,17.07,35,7904341,1.758,0,0,,,9.99,Emerging,2026-05-02 19:46:02
979,17a3fba53be0bb199c27d25009c83641,VICENews,Occasional,15.61,32,6447640,2.082,0,0,,,9.99,Emerging,2026-05-02 19:46:02
981,ad7e341f0b420f81c34976bf1959bd1d,CleanBandit,Occasional,6.83,14,143693858,4.026,0,0,,,9.98,Emerging,2026-05-02 19:46:02
982,0b140829b485e96ab92710321643d70a,TheGrandTour,Occasional,11.22,23,12717282,3.045,0,0,,,9.97,Emerging,2026-05-02 19:46:02
982,6f28454312443b93053221693cbe7234,VetRanch,One-Hit Wonder,2.44,5,1936133,4.995,0,0,,,9.97,Emerging,2026-05-02 19:46:02
984,0b56268995bfe52e5ab340349df1d454,JOLLY,Occasional,10.73,22,6411264,3.151,0,0,,,9.96,Emerging,2026-05-02 19:46:02
984,b029a244060c5d031f5404b484e61894,FancyVlogsByGab,One-Hit Wonder,3.9,8,3907345,4.668,0,0,,,9.96,Emerging,2026-05-02 19:46:02
986,0a37d2fe361265f747d4b492755476c7,DuckSoss,Occasional,5.85,12,32207818,4.228,0,0,,,9.95,Emerging,2026-05-02 19:46:02
986,a34a85f0d3bab01fd3513ef8077edfbd,ThekingofDIY,Occasional,5.85,12,2570304,4.226,0,0,,,9.95,Emerging,2026-05-02 19:46:02
988,b16c018623164e9e0d164aa5dbb4889e,HANSE,One-Hit Wonder,4.88,10,1230525,4.433,0,0,,,9.93,Emerging,2026-05-02 19:46:02
988,84a813aa9aac5e242003de06fa5713c6,JheneAikoVEVO,One-Hit Wonder,2.93,6,12361863,4.866,0,0,,,9.93,Emerging,2026-05-02 19:46:02
990,a1fea8410a4c8b0ea80156e145d02916,LiamGallagher,One-Hit Wonder,1.46,3,651947,5.185,0,0,,,9.92,Emerging,2026-05-02 19:46:02
991,1eb0fd14cb6538fce5e232937530a5fe,RedBullRecords,One-Hit Wonder,1.46,3,18278,5.173,0,0,,,9.9,Emerging,2026-05-02 19:46:02
992,a8465931038d13d28111271f0f95890f,DidYouKnowGaming,Occasional,9.76,20,5893127,3.324,0,0,,,9.89,Emerging,2026-05-02 19:46:02
992,571689518fbda0f76c3b6113526e85a7,AlecSteele,One-Hit Wonder,3.41,7,1285670,4.734,0,0,,,9.89,Emerging,2026-05-02 19:46:02
994,2ec873fe6787935d3acdefcdc09115a2,SugarlandVEVO,Occasional,14.63,30,54881951,2.229,0,0,,,9.86,Emerging,2026-05-02 19:46:02
995,d8b996737a27761e32f31d3b58d38be8,AmazonStudios,Regular,22.44,46,47138808,0.477,0,0,,,9.83,Emerging,2026-05-02 19:46:02
996,b26601ef6f3df078b4764e5a4d42bf31,ZEDDVEVO,Occasional,5.85,12,38631230,3.993,0.98,0,5474801,8,9.82,Emerging,2026-05-02 19:46:02
997,4c0ca462cbd17eb340ddf7aa327b189d,TobyMacVEVO,One-Hit Wonder,2.44,5,1477864,4.904,0,0,,,9.8,Emerging,2026-05-02 19:46:02
998,9ad994573c087de989ac759e54148342,DJKhaledVEVO,Occasional,6.83,14,54670201,3.917,0,0,,,9.78,Emerging,2026-05-02 19:46:02
999,22a1856a7e23f331fc0537ff9e2d568b,PBSNewsHour,Occasional,15.12,31,33086450,1.742,1.95,0,5495069,7.8,9.77,Emerging,2026-05-02 19:46:02
1000,81980fe6f2e02d7d8a66fe66256bb1b5,JJMcCullough,Occasional,5.85,12,2238989,4.123,0,0,,,9.76,Emerging,2026-05-02 19:46:02
1000,8f78269944f07b2517d6e8193a792bc0,HybridNetwork,One-Hit Wonder,0.98,2,17081,5.204,0,0,,,9.76,Emerging,2026-05-02 19:46:02
1002,f1fea9ac4a4c3cef3f9db5dfa1b0216d,KanyeWest,Occasional,11.22,23,177659300,2.924,0,0,,,9.75,Emerging,2026-05-02 19:46:02
1002,481385a0bcbd1acd3774b8a6b1bab544,officer401,One-Hit Wonder,2.44,5,604280,4.875,0,0,,,9.75,Emerging,2026-05-02 19:46:02
1002,5d126bd6d4f7138772e2de0d9c24d918,TheCurrentSource,One-Hit Wonder,1.95,4,14114,4.982,0,0,,,9.75,Emerging,2026-05-02 19:46:02
1005,038a4cb9d868f0f4f5612b7673ac32f4,Munchies,Occasional,9.76,20,8999805,3.244,0,0,,,9.74,Emerging,2026-05-02 19:46:02
1006,d0f191c3d421cd726666ff9a23918d2e,LIVEKellyandRyan,Regular,20.49,42,8422946,0.85,0,0,,,9.73,Emerging,2026-05-02 19:46:02
1006,990bbb2e03bcc503032a80413d33f842,TheModernRogue,One-Hit Wonder,1.95,4,657549,4.971,0,0,,,9.73,Emerging,2026-05-02 19:46:02
1008,2bc55cc52a64f137389883b8014d7ca5,RobBliss,One-Hit Wonder,3.41,7,9701123,4.643,0,0,,,9.72,Emerging,2026-05-02 19:46:02
1008,78691a4d850c4b6497cba446f78a4cf8,AnnaSaccone,One-Hit Wonder,2.44,5,4962538,4.859,0,0,,,9.72,Emerging,2026-05-02 19:46:02
1010,5367a099dd9071a89c80181c79f30d4f,ShayMitchell,Occasional,6.34,13,37649692,3.986,0,0,,,9.71,Emerging,2026-05-02 19:46:02
1011,3cf7cac9bd23d444d9db9841e147c052,truTV,Occasional,16.1,33,13346239,1.812,0,0,,,9.7,Emerging,2026-05-02 19:46:02
1011,b50e102edb700ad73bbce595f20d6b55,BethelMusic,One-Hit Wonder,3.41,7,1257393,4.629,0,0,,,9.7,Emerging,2026-05-02 19:46:02
1013,17b63947dfbc4741bf1a2a9c7d40ca4d,TheXFactorUK,Occasional,6.34,13,28161814,3.809,0.98,0,4985291,8.5,9.69,Emerging,2026-05-02 19:46:02
1013,f9f829f431724227a108ffc70c605350,DaveLee,One-Hit Wonder,4.88,10,3343806,4.297,0,0,,,9.69,Emerging,2026-05-02 19:46:02
1015,bcdd5ee36729e0ec30bd4311ad4d4e97,JuliaMichaelsVEVO,Occasional,8.29,17,23415178,3.522,0,0,,,9.66,Emerging,2026-05-02 19:46:02
1015,535ceb06c986b09996cce349e4d543fb,KylieMinogueOnVEVO,Occasional,7.8,16,10018316,3.636,0,0,,,9.66,Emerging,2026-05-02 19:46:02
1015,8dd0020c0b3064b359b7173e490bba1f,FrenchMontanaVEVO,One-Hit Wonder,3.41,7,18885554,4.611,0,0,,,9.66,Emerging,2026-05-02 19:46:02
1015,104b21dbe403c1030f26dd28083ddb78,PESfilm,One-Hit Wonder,2.44,5,192332,4.827,0,0,,,9.66,Emerging,2026-05-02 19:46:02
1019,4aab5c2f5fdaab1b3bcf3d0bd09ca81e,SiriusXM,Occasional,7.32,15,1805745,3.736,0,0,,,9.65,Emerging,2026-05-02 19:46:02
1019,79281753688d462767278f563bdcf93f,CrashCourse,One-Hit Wonder,2.93,6,261871,4.71,0,0,,,9.65,Emerging,2026-05-02 19:46:02
1019,c1c297a14108a92ccdabaf57513b4bb7,TheLoreMaster,One-Hit Wonder,1.95,4,491300,4.926,0,0,,,9.65,Emerging,2026-05-02 19:46:02
1022,9ac06fd998aeb5e7d7769264fb43c1e7,MustardVEVO,Occasional,9.76,20,29818604,3.189,0,0,,,9.64,Emerging,2026-05-02 19:46:02
1023,e055ddbceee3289c9022a44762cf65d9,ChrisBrownVEVO,One-Hit Wonder,3.41,7,9361727,4.593,0,0,,,9.63,Emerging,2026-05-02 19:46:02
1023,f86e1853af697763ce24d64a5d214d8b,ElvisDuranShow,One-Hit Wonder,2.93,6,95505,4.697,0,0,,,9.63,Emerging,2026-05-02 19:46:02
1023,c695ff762add68c45808be2016864004,PlasmaChannel,One-Hit Wonder,1.95,4,22660,4.919,0,0,,,9.63,Emerging,2026-05-02 19:46:02
1026,8f3182163857c5463c883017ff1cd3cc,Tesla,One-Hit Wonder,4.39,9,8643270,4.366,0,0,,,9.61,Emerging,2026-05-02 19:46:02
1027,059e5aac14ebae21c90251952897e586,AzzyLand,Occasional,7.32,15,9710058,3.702,0,0,,,9.59,Emerging,2026-05-02 19:46:02
1028,e025ad3013d9b77170f3df96f7c71965,MrMobileMichaelFisher,One-Hit Wonder,1.95,4,1155974,4.89,0,0,,,9.58,Emerging,2026-05-02 19:46:02
1029,bdaaf874af6959799b1220eb3283f6ef,3DPrintingNerd,One-Hit Wonder,2.93,6,312437,4.664,0,0,,,9.57,Emerging,2026-05-02 19:46:02
1030,ce86baaf67c7b75ec4bf59c2cc70f37c,TechnologyConnections,One-Hit Wonder,1.95,4,887694,4.876,0,0,,,9.56,Emerging,2026-05-02 19:46:02
1030,2d7ebe944b3b0e6cc1240fff3843dc3e,Bundesliga,One-Hit Wonder,0.98,2,230864,5.092,0,0,,,9.56,Emerging,2026-05-02 19:46:02
1032,fa00be00cfb6b5bb91c2ed44c4234127,CBCNews,Occasional,19.02,39,28169056,1.074,0,0,,,9.54,Emerging,2026-05-02 19:46:02
1032,5193f5354a47f3924117af36dfb4a52d,DesktopMakes,One-Hit Wonder,1.46,3,10741,4.975,0,0,,,9.54,Emerging,2026-05-02 19:46:02
1034,f9ec4623e18ca8bb2031111a7cd5e9a8,Steve1989MREInfo,Occasional,6.83,14,8223632,3.768,0,0,,,9.51,Emerging,2026-05-02 19:46:02
1035,f67c4f5720334161419f3e3784a665a4,FliteTest,Occasional,7.8,16,4276238,3.546,0,0,,,9.5,Emerging,2026-05-02 19:46:02
1036,089cca4122dd5d717ba7f545f93d943b,BURGERKING,Occasional,9.76,20,39556005,3.102,0,0,,,9.49,Emerging,2026-05-02 19:46:02
1037,e910fa693d539f57fbaf6481003f2689,DobreBrothers,Occasional,9.27,19,44382806,3.203,0,0,,,9.47,Emerging,2026-05-02 19:46:02
1038,0972878a48bb065b54662ab2952624a7,ChvrchesVEVO,Occasional,9.76,20,7508337,3.087,0,0,,,9.46,Emerging,2026-05-02 19:46:02
1038,9c112682352e3abe241f78cdc9c71ed5,RachhLoves,Occasional,6.83,14,4337129,3.735,0,0,,,9.46,Emerging,2026-05-02 19:46:02
1038,1cd685b0fdd675a1f2d139b2b0c55964,Blonded,One-Hit Wonder,4.39,9,19030696,4.278,0,0,,,9.46,Emerging,2026-05-02 19:46:02
1041,0d27bf68c7cf76b2ea6c053f6015fa23,GrahamTheChristian,One-Hit Wonder,3.41,7,12484874,4.484,0,0,,,9.44,Emerging,2026-05-02 19:46:02
1042,e4c2477347114cd46f21081d85cebd54,MyVirginKitchen,Occasional,9.76,20,8366042,3.069,0,0,,,9.43,Emerging,2026-05-02 19:46:02
1042,0229fcbb0fb44c136d8059f56f7b92cb,MYSTERYSCIENCETHEATER3000,One-Hit Wonder,4.88,10,229716,4.154,0,0,,,9.43,Emerging,2026-05-02 19:46:02
1044,cdae7d08e41638c44e7bb725bc3b884f,NickyJamTV,Occasional,9.76,20,243713138,3.066,0,0,,,9.42,Emerging,2026-05-02 19:46:02
1044,a78b30b0665723f75d24b9764b23674b,HowToMakeEverything,Occasional,8.29,17,5041776,3.393,0,0,,,9.42,Emerging,2026-05-02 19:46:02
1046,16794717adf2434e2ab0d1d2a3537e8b,KitchenNightmares,Occasional,16.1,33,46187773,1.648,0,0,,,9.41,Emerging,2026-05-02 19:46:02
1047,46f89900ad08451901af6c382d88bd99,AChickCalledAlbert,One-Hit Wonder,3.41,7,22324463,4.301,0.98,0,4103306,10,9.4,Emerging,2026-05-02 19:46:02
1048,85f8a1bd5ab8125e826f4b5c06d3206b,KeyboardCat,One-Hit Wonder,4.39,9,3780490,4.239,0,0,,,9.39,Emerging,2026-05-02 19:46:02
1048,6617c3d3706b4c828f89dc439ffe271b,BleachersVEVO,One-Hit Wonder,2.93,6,692242,4.567,0,0,,,9.39,Emerging,2026-05-02 19:46:02
1050,9f268d46544a6b6761c234406fcec8df,LivingBigInATinyHouse,Occasional,7.8,16,5733413,3.467,0,0,,,9.36,Emerging,2026-05-02 19:46:02
1050,2bdf99c7944293b7ed9054eb2a343ced,GameXplain,Occasional,5.85,12,9494746,3.899,0,0,,,9.36,Emerging,2026-05-02 19:46:02
1052,b5b6a1ccd4c9c96f0f956219e00521ee,LukeCombsVEVO,Occasional,5.85,12,4167194,3.896,0,0,,,9.35,Emerging,2026-05-02 19:46:02
1053,ed38061e6a063fd2211bce336dfde4fc,colourpopcosmetics,One-Hit Wonder,1.95,4,290848,4.758,0,0,,,9.34,Emerging,2026-05-02 19:46:02
1054,92f7198632045c532f5259e8e64ab148,BattleUniverse,Occasional,16.1,33,29612914,1.6,0,0,,,9.32,Emerging,2026-05-02 19:46:02
1055,605af1b26d4aa009c8dbb4ecd43b45a2,TheOfficialPokmonYouTubechannel,Occasional,7.32,15,129493150,3.54,0,0,,,9.3,Emerging,2026-05-02 19:46:02
1055,ec3fc74d352f484ccc6304b9e4e42e53,BillboardNews,One-Hit Wonder,1.95,4,15451,4.731,0,0,,,9.3,Emerging,2026-05-02 19:46:02
1057,1a79ef288933f1c7a1d2e58429a5e1e4,StarWarsCoffee,One-Hit Wonder,3.9,8,220237,4.287,0,0,,,9.28,Emerging,2026-05-02 19:46:02
1057,bb8529d6abf171270fa707ece559cb06,StreetSpeed717,One-Hit Wonder,2.44,5,1166355,4.613,0,0,,,9.28,Emerging,2026-05-02 19:46:02
1059,c858b5d441c2d336f651e5302835a912,AviciiOfficialVEVO,One-Hit Wonder,2.93,6,12421837,4.497,0,0,,,9.27,Emerging,2026-05-02 19:46:02
1060,9d805a14b687aef81558e09dd2a095b3,TylerWilliams,Occasional,7.32,15,33698264,3.515,0,0,,,9.26,Emerging,2026-05-02 19:46:02
1061,537ec8add13675684254a3b24d09a4ad,SolidGoldAquatics,One-Hit Wonder,2.93,6,1509705,4.482,0,0,,,9.24,Emerging,2026-05-02 19:46:02
1061,678ec7b4b63bdf913944907f1f496f9f,TheCincinnatiZooBotanicalGarden,One-Hit Wonder,1.95,4,245722,4.698,0,0,,,9.24,Emerging,2026-05-02 19:46:02
1063,62adb72370c919b56f84b14dce7518cc,PhillyD,One-Hit Wonder,4.88,10,4172827,4.046,0,0,,,9.23,Emerging,2026-05-02 19:46:02
1063,147f3fb821d61c8f46aa8483c8915c16,CatchUpTV,One-Hit Wonder,0.98,2,50019,4.908,0,0,,,9.23,Emerging,2026-05-02 19:46:02
1065,8179eb4d8b6ed32c4637e164d3ae4804,DylanLocke,One-Hit Wonder,0.98,2,75929,4.893,0,0,,,9.2,Emerging,2026-05-02 19:46:02
1065,8a89a29982a1a39eb9f39a03e56f302b,pjmorton,One-Hit Wonder,0.98,2,32837,4.892,0,0,,,9.2,Emerging,2026-05-02 19:46:02
1067,d25c7286a46dbb6eeecc5cfddacd5818,Iris,Occasional,5.37,11,14063802,3.909,0,0,,,9.18,Emerging,2026-05-02 19:46:02
1068,fc11f998c140e5e9e07a074648fa09f3,googledoodles,Occasional,5.85,12,30926810,3.782,0,0,,,9.15,Emerging,2026-05-02 19:46:02
1069,8e1766bc765e89ec8388ec6755dccd08,HONNE,Occasional,8.78,18,9466947,3.129,0,0,,,9.14,Emerging,2026-05-02 19:46:02
1069,78b14475f6b820d3111037c2f17b5361,Corridor,One-Hit Wonder,2.44,5,3098057,4.536,0,0,,,9.14,Emerging,2026-05-02 19:46:02
1071,d0daf7d4ca3daa3eaeb91775e7b93608,ButFirstCoffee,One-Hit Wonder,1.46,3,6073847,4.747,0,0,,,9.13,Emerging,2026-05-02 19:46:02
1072,2a28a35571d46dab9738f159d3549dd1,FXNetworks,Occasional,13.66,28,4767521,2.032,0,0,,,9.12,Emerging,2026-05-02 19:46:02
1072,24d4873f04b3b6707ece09f8d2bad123,SnoopDoggVEVO,Occasional,10.24,21,21307932,2.791,0,0,,,9.12,Emerging,2026-05-02 19:46:02
1072,5a5801e4cf93c744f9f5f95e66fc3748,CapitalFM,One-Hit Wonder,4.39,9,10317977,4.091,0,0,,,9.12,Emerging,2026-05-02 19:46:02
1072,ec6bb975f64b1418c742666f6db56db1,RyanWilliams,One-Hit Wonder,2.44,5,456724,4.525,0,0,,,9.12,Emerging,2026-05-02 19:46:02
1076,0986bfbdf15ebdad408dd26bbdc76ed6,Muselk,One-Hit Wonder,2.93,6,3056994,4.408,0,0,,,9.11,Emerging,2026-05-02 19:46:02
1077,343c8bc991fec3ef0640e307d78ea706,MarteenEstevez,One-Hit Wonder,2.44,5,188200,4.514,0,0,,,9.1,Emerging,2026-05-02 19:46:02
1078,67d27995cdd1347cd6d151af0c30dbe5,MODSUN,One-Hit Wonder,0.49,1,180919,4.942,0,0,,,9.09,Emerging,2026-05-02 19:46:02
1079,526d445d4c16214309f0fd2b3be18a89,Hulu,Occasional,17.56,36,183899276,0.084,6.34,0,7321155,5.9,9.08,Emerging,2026-05-02 19:46:02
1079,0d0e36efdfcdde95148ffc7e55c5b0b6,NileWilson,Occasional,5.37,11,3508054,3.85,0,0,,,9.08,Emerging,2026-05-02 19:46:02
1081,fa7a578c419b4c453c53bef07cdec945,Loudwire,One-Hit Wonder,2.44,5,108570,4.496,0,0,,,9.07,Emerging,2026-05-02 19:46:02
1082,9c40e90641fc79325c4f9a3da51d19ea,ITChannel,One-Hit Wonder,2.93,6,1489992,4.382,0,0,,,9.06,Emerging,2026-05-02 19:46:02
1082,4126acfd9bd89ea0a2d9da8e5d09ba32,ThePianoGuys,One-Hit Wonder,2.93,6,1222405,4.381,0,0,,,9.06,Emerging,2026-05-02 19:46:02
1082,331f354c0ecf346f584cda321d3a97ca,bigclivedotcom,One-Hit Wonder,0.98,2,101100,4.814,0,0,,,9.06,Emerging,2026-05-02 19:46:02
1085,be5470eb0ca5e3845ed08a1b358a5fb9,SELF,Occasional,5.85,12,24945845,3.725,0,0,,,9.05,Emerging,2026-05-02 19:46:02
1086,e75490dcd274624d9b8061c09bd947fa,JVRMusic,Occasional,13.66,28,399614335,1.253,4.39,0,18719346,9.7,9.04,Emerging,2026-05-02 19:46:02
1086,0efda5a913bf818040c13587869a1929,JasonMraz,Occasional,7.32,15,19889568,3.395,0,0,,,9.04,Emerging,2026-05-02 19:46:02
1088,aa11677d237b2c2b435fd7decac0d7ad,CNBC,Occasional,17.07,35,4714530,1.216,0,0,,,9.02,Emerging,2026-05-02 19:46:02
1088,fb910504ad4b0d4cd544445ae2c086c0,FunForLouis,One-Hit Wonder,3.41,7,412642,4.254,0,0,,,9.02,Emerging,2026-05-02 19:46:02
1090,a12ed72ec0bea382a44a4b2e474b3741,HarpersBAZAAR,Occasional,11.71,24,9160988,2.402,0,0,,,9.01,Emerging,2026-05-02 19:46:02
1090,4ec82cf8aec6ced04bc04526d3a62ba6,foofightersVEVO,One-Hit Wonder,3.9,8,3225798,4.137,0,0,,,9.01,Emerging,2026-05-02 19:46:02
1090,38de4f7044dca7d713ca0745de6f2022,thevirts,One-Hit Wonder,1.95,4,447339,4.57,0,0,,,9.01,Emerging,2026-05-02 19:46:02
1093,efbd8257292fc81dab0112940a1bb01e,Ozuna,One-Hit Wonder,0.49,1,1498866,4.893,0,0,,,9,Emerging,2026-05-02 19:46:02
1094,87999da3a524e953e358885e86f1294f,jenniferhudsonVEVO,One-Hit Wonder,3.41,7,2461736,4.226,0,0,,,8.97,Emerging,2026-05-02 19:46:02
1095,e02b34103b00458877150a908cb5e705,MaggieRogersVEVO,Occasional,5.85,12,4072501,3.678,0,0,,,8.96,Emerging,2026-05-02 19:46:02
1096,89b7abacbe0cefbadf6ad5c5ccb4ae15,NBC,Occasional,13.66,28,38306797,1.608,1.95,1.46,7599112,3,8.94,Emerging,2026-05-02 19:46:02
1096,6f59a79fb9cacf4faa44b1ec36881df9,PekingDukVEVO,One-Hit Wonder,0.49,1,26117,4.855,0,0,,,8.94,Emerging,2026-05-02 19:46:02
1098,3654b34017508a963ccce2426e91e4cd,amc,Occasional,11.22,23,11101112,2.467,0,0,,,8.93,Emerging,2026-05-02 19:46:02
1099,0014b2062212788a37b70c87128fbc1a,RealEngineering,One-Hit Wonder,3.9,8,4691494,4.088,0,0,,,8.92,Emerging,2026-05-02 19:46:02
1099,ade73b0a94d174604fb939924cc3fc92,Newsy,One-Hit Wonder,2.93,6,4953,4.303,0,0,,,8.92,Emerging,2026-05-02 19:46:02
1101,7f5d3b32bb2918562ed17ff59c939aae,Turn10Studios,One-Hit Wonder,3.9,8,456379,4.083,0,0,,,8.91,Emerging,2026-05-02 19:46:02
1102,221e28b0e239dee04612d9febfd2e44f,ChrisSmoove,Occasional,11.22,23,16851816,2.452,0,0,,,8.9,Emerging,2026-05-02 19:46:02
1103,bc30f818e1cf239b1eddceff09809867,nickjonas,One-Hit Wonder,4.39,9,495637,3.964,0,0,,,8.89,Emerging,2026-05-02 19:46:02
1103,131b98dac8609f781484f08c22a8abaa,Ryan,One-Hit Wonder,0.49,1,241409,4.832,0,0,,,8.89,Emerging,2026-05-02 19:46:02
1105,e139bcd18eae6269cb7716c62c290f31,DrakeVEVO,Occasional,6.83,14,583521598,2.257,6.83,6.83,41680114,2.5,8.84,Emerging,2026-05-02 19:46:02
1105,7bd4f912b970809b60db4cc504364fe1,ChriselleLim,One-Hit Wonder,1.46,3,102062,4.587,0,0,,,8.84,Emerging,2026-05-02 19:46:02
1107,8a0fd9f8379f112441a35c76c0fd4e51,Gallant,Occasional,11.22,23,9466408,2.402,0,0,,,8.81,Emerging,2026-05-02 19:46:02
1108,d4ea164a024d39504b326a10daaa7279,EverydayAstronaut,Occasional,6.34,13,1697749,3.48,0,0,,,8.8,Emerging,2026-05-02 19:46:02
1108,d76d009fd5c9c5479f79ff1175be5102,HaimVEVO,One-Hit Wonder,2.44,5,1128822,4.346,0,0,,,8.8,Emerging,2026-05-02 19:46:02
1110,6b0a227bd9315bcde12dbcf6c217a9d7,Impulse,Occasional,15.61,32,28132818,1.414,0,0,,,8.79,Emerging,2026-05-02 19:46:02
1110,7ca0b648d0c721b1b6ac170e7fe36d98,AbrahamMateoVEVO,Occasional,8.78,18,229829215,2.364,3.41,0,19699093,8.1,8.79,Emerging,2026-05-02 19:46:02
1110,dadba33d568b418fce8c2f8b8e0c1df6,SummoningSalt,One-Hit Wonder,2.93,6,3854531,4.23,0,0,,,8.79,Emerging,2026-05-02 19:46:02
1113,6320539598db60e71f3208b24cc488df,KaceyMusgravesVEVO,Occasional,14.15,29,14329565,1.727,0,0,,,8.77,Emerging,2026-05-02 19:46:02
1114,175f6fe9a1fd41de1daf687053468e4c,OneBitMusicVEVO,One-Hit Wonder,1.46,3,3110803,4.545,0,0,,,8.76,Emerging,2026-05-02 19:46:02
1115,ca837c3d6d6e966cbe53e3802dc1c02e,TheTimTracker,Occasional,5.85,12,1323979,3.558,0,0,,,8.74,Emerging,2026-05-02 19:46:02
1115,8d90d910e3df938cba8de12c23962f0d,JonB,Occasional,5.85,12,1163281,3.556,0,0,,,8.74,Emerging,2026-05-02 19:46:02
1117,5a73af059cf7f732779d3f489286b9ad,HACKADAY,Occasional,6.83,14,36823,3.333,0,0,,,8.73,Emerging,2026-05-02 19:46:02
1118,34b5870684e9c8a770db9964c6b4ef2f,ParsonJamesVEVO,One-Hit Wonder,3.9,8,706615,3.969,0,0,,,8.7,Emerging,2026-05-02 19:46:02
1118,224e3077bde9b33bb67ef209439a9947,lara6683,One-Hit Wonder,3.41,7,1343869,4.073,0,0,,,8.7,Emerging,2026-05-02 19:46:02
1120,0890632127d82f0fcf3da1babe91754e,AllieGlines,One-Hit Wonder,4.39,9,1186551,3.855,0,0,,,8.69,Emerging,2026-05-02 19:46:02
1121,1cbdb8043b37c7c9ca83582f9218c8b4,FOX,One-Hit Wonder,4.88,10,335797,3.735,0,0,,,8.68,Emerging,2026-05-02 19:46:02
1122,dee6884c34ee5856ac37ab6b83cecc83,devinsupertramp,Occasional,6.34,13,9657002,3.409,0,0,,,8.67,Emerging,2026-05-02 19:46:02
1122,f050bd4010d828484d15a3dbcb64ec54,AdamSmith,One-Hit Wonder,2.93,6,14750793,4.168,0,0,,,8.67,Emerging,2026-05-02 19:46:02
1124,9242533ad4aaa8aae4fcbf21c6e09694,KaneBrownVEVO,Occasional,7.32,15,6086269,3.184,0,0,,,8.66,Emerging,2026-05-02 19:46:02
1125,14d42e76f2330a417c4d0b690113d646,ParamountNetwork,One-Hit Wonder,3.9,8,5482985,3.939,0,0,,,8.65,Emerging,2026-05-02 19:46:02
1125,8e6b2dbc5a4878266d474fdf399dbd20,DavidWindestal,One-Hit Wonder,2.44,5,170351,4.261,0,0,,,8.65,Emerging,2026-05-02 19:46:02
1127,3dc8be1c36ee58b9f781d6e0f993b9a7,weezer,Occasional,7.8,16,56853902,3.069,0,0,,,8.64,Emerging,2026-05-02 19:46:02
1127,cd2137ae28527b39e4c544bc18017706,TechRax,Occasional,5.85,12,18272347,3.499,0,0,,,8.64,Emerging,2026-05-02 19:46:02
1127,46d47dcd69fa2ec1bf4e1cc41aece5b1,AnimalAdventurePark,One-Hit Wonder,4.39,9,1038309,3.823,0,0,,,8.64,Emerging,2026-05-02 19:46:02
1127,b421a1084f5eab62df037cf9b42e12f5,RainerHilland,One-Hit Wonder,2.44,5,190023,4.256,0,0,,,8.64,Emerging,2026-05-02 19:46:02
1131,80b9da45afd41f7269f1f1c42696dcf9,samfryltd,Occasional,6.34,13,19778649,3.387,0,0,,,8.63,Emerging,2026-05-02 19:46:02
1132,04b967a91fde189f359bb2620280d62f,ExploringAlternatives,One-Hit Wonder,1.95,4,466876,4.356,0,0,,,8.62,Emerging,2026-05-02 19:46:02
1133,c27f9c24a154f3d4b147207f59d210a4,MGMTVEVO,One-Hit Wonder,3.41,7,4413729,4.008,0,0,,,8.58,Emerging,2026-05-02 19:46:02
1134,3e0a03b78a33f54d6322f75d3679867d,PortugalTheMan,Occasional,8.78,18,3356296,2.809,0,0,,,8.57,Emerging,2026-05-02 19:46:02
1135,1da04f78affce61e85276c7d43c8efb9,Omeleto,Occasional,6.83,14,11656567,3.229,0,0,,,8.54,Emerging,2026-05-02 19:46:02
1136,bb921f59d78dfb507f732df12e240303,JakeRoper,One-Hit Wonder,3.41,7,1309901,3.958,0,0,,,8.49,Emerging,2026-05-02 19:46:02
1137,07e8ea23178b85cc6fa4b67d56f61722,AlisonWonderlandVEVO,Occasional,5.37,11,2856469,3.515,0,0,,,8.48,Emerging,2026-05-02 19:46:02
1137,4ed0cf38af83258b7def77eb7bc8c449,PinballWiz,One-Hit Wonder,4.39,9,33991190,3.737,0,0,,,8.48,Emerging,2026-05-02 19:46:02
1139,195f0c0e24013154cf31be02f42cc480,LOOKMUMNOCOMPUTER,One-Hit Wonder,4.88,10,15703449,3.62,0,0,,,8.47,Emerging,2026-05-02 19:46:02
1139,1ff73ee95a833f6820bce232f55236f5,BeOurGuest,One-Hit Wonder,2.44,5,513554,4.166,0,0,,,8.47,Emerging,2026-05-02 19:46:02
1141,d6f5824444fc6f28dcfe56751b1828b4,JonOlsson,One-Hit Wonder,1.46,3,693911,4.373,0,0,,,8.46,Emerging,2026-05-02 19:46:02
1142,fd603f38f87ae67b88d03a3d171b38fa,BenTheBondsman,One-Hit Wonder,4.39,9,5478529,3.721,0,0,,,8.45,Emerging,2026-05-02 19:46:02
1143,6636daed2341e0d5eb33c8b9cade313c,Strangeincident,One-Hit Wonder,3.9,8,835050,3.821,0,0,,,8.44,Emerging,2026-05-02 19:46:02
1144,babc5dd9fd8edb80856a7cb4c9016f8c,ILikeToMakeStuff,Occasional,8.29,17,8545733,2.841,0,0,,,8.43,Emerging,2026-05-02 19:46:02
1144,b5430b0d07a6abe8d23c12dd1789c94c,CYNVEVO,One-Hit Wonder,3.41,7,665088,3.924,0,0,,,8.43,Emerging,2026-05-02 19:46:02
1144,79f376a106f9cb89d3e6b0ca3b3e78cf,PopcornwithPeterTravers,One-Hit Wonder,2.44,5,513918,4.143,0,0,,,8.43,Emerging,2026-05-02 19:46:02
1147,810ca41fa5eb04e2aeb5da6d3650b342,ViolinMD,One-Hit Wonder,4.88,10,1151377,3.591,0,0,,,8.42,Emerging,2026-05-02 19:46:02
1148,ab9b5f6a96a162837288f6781a312cc4,Tested,Occasional,9.76,20,4422515,2.506,0,0,,,8.41,Emerging,2026-05-02 19:46:02
1149,8e7abcb86453e3f818231acd6eb9a7a6,RachelandJun,One-Hit Wonder,0.98,2,2284670,4.45,0,0,,,8.4,Emerging,2026-05-02 19:46:02
1150,2c3a5e9bfa13b7050f720928d6844a7f,CarterSharer,Occasional,8.78,18,76043213,2.712,0,0,,,8.39,Emerging,2026-05-02 19:46:02
1151,c939c796feb10c59830fa87c38276993,USAGymnastics,Occasional,8.29,17,8991787,2.814,0,0,,,8.38,Emerging,2026-05-02 19:46:02
1151,ec8fe58068ad5031f377ee7043dfba88,HiHoKids,One-Hit Wonder,0.98,2,293612,4.44,0,0,,,8.38,Emerging,2026-05-02 19:46:02
1153,7452617abae7939334f6c96a87bf38d6,MicrosoftSurface,Occasional,7.8,16,25524002,2.917,0,0,,,8.37,Emerging,2026-05-02 19:46:02
1153,f0b7a6e2f1e86110049851aa70a344bb,StarTalk,One-Hit Wonder,2.44,5,1181596,4.108,0,0,,,8.37,Emerging,2026-05-02 19:46:02
1155,665ce608d9178d3267c926e668b674c0,ZebraCorner,One-Hit Wonder,4.88,10,16838013,3.55,0,0,,,8.34,Emerging,2026-05-02 19:46:02
1155,c38b7beab140015181843946cb4c2896,Wengie,One-Hit Wonder,3.41,7,14437979,3.874,0,0,,,8.34,Emerging,2026-05-02 19:46:02
1155,635a852b01ff33d64e00d40d0859910d,JayZVEVO,One-Hit Wonder,2.44,5,18797516,3.928,0.98,0,5054224,7,8.34,Emerging,2026-05-02 19:46:02
1158,efd134b85071c51ea413e9c80ac0558e,AdultSwim,One-Hit Wonder,3.9,8,38578045,3.267,2.93,0,5471981,6.7,8.32,Emerging,2026-05-02 19:46:02
1159,f066e57bff91b418f3b87498db83ef8e,KyleJennermann,Occasional,5.37,11,1673771,3.425,0,0,,,8.31,Emerging,2026-05-02 19:46:02
1159,59d655603cbe6cd2cd78e165a47922ef,DavidSeymour,One-Hit Wonder,0.49,1,108116,4.51,0,0,,,8.31,Emerging,2026-05-02 19:46:02
1161,7b41501918301fcd01117121a0e38011,FirstAidKit,One-Hit Wonder,1.95,4,70077,4.179,0,0,,,8.3,Emerging,2026-05-02 19:46:02
1162,a8aab4134446d57d004f19977f314fbd,DisneyDescendants,One-Hit Wonder,4.88,10,17563827,3.522,0,0,,,8.29,Emerging,2026-05-02 19:46:02
1162,8524b00703e9602299711077f522ed04,Moby,One-Hit Wonder,2.93,6,817445,3.955,0,0,,,8.29,Emerging,2026-05-02 19:46:02
1164,e21037cdaba57b18696846d1decdf0a2,LindsayWebster,One-Hit Wonder,3.9,8,1178823,3.736,0,0,,,8.28,Emerging,2026-05-02 19:46:02
1165,f65bbd8b21c1a0b6b75c070667537e41,EhBeeFamily,Occasional,9.27,19,26762543,2.535,0,0,,,8.27,Emerging,2026-05-02 19:46:02
1166,2ded0fa3a7ce8b9e8b906eb7f687033a,ViralPaws,One-Hit Wonder,0.98,2,15461,4.37,0,0,,,8.26,Emerging,2026-05-02 19:46:02
1167,e578728248d2c6189a54705f77b11654,BenDeen,One-Hit Wonder,1.46,3,146304,4.259,0,0,,,8.25,Emerging,2026-05-02 19:46:02
1168,6e950b7037364a564ff4e3eac4a8f885,mittromney,One-Hit Wonder,3.41,7,601563,3.818,0,0,,,8.24,Emerging,2026-05-02 19:46:02
1168,1e1872c45ecb58487a70f57d8270a30f,EnterShikari,One-Hit Wonder,0.49,1,99619,4.469,0,0,,,8.24,Emerging,2026-05-02 19:46:02
1170,9c9e70ac6ce30119343db0dca3c6e1a2,PaulSellers,One-Hit Wonder,0.98,2,68025,4.349,0,0,,,8.22,Emerging,2026-05-02 19:46:02
1171,7238badaf274bfb8617218cad530ee3e,RealMadridCF,Occasional,10.73,22,16903969,2.179,0,0,,,8.21,Emerging,2026-05-02 19:46:02
1172,3da769fea1f67104529c8055a4c39feb,BBCAmerica,Occasional,7.8,16,2399932,2.823,0,0,,,8.2,Emerging,2026-05-02 19:46:02
1173,7f42f4c8ef3e7e494adec1c099438195,H3PodcastHighlights,Occasional,8.78,18,15188776,2.601,0,0,,,8.19,Emerging,2026-05-02 19:46:02
1173,298ef50087590a51835e240dc1a9fd79,Hometalk,Occasional,7.32,15,45947903,2.926,0,0,,,8.19,Emerging,2026-05-02 19:46:02
1173,4074d2370efbc324ea228f0f3e6ca112,hpoverload,One-Hit Wonder,3.41,7,6599794,3.792,0,0,,,8.19,Emerging,2026-05-02 19:46:02
1173,a51e8fc4dbc552c708001abe45a19244,SethsBikeHacks,One-Hit Wonder,2.93,6,1302485,3.897,0,0,,,8.19,Emerging,2026-05-02 19:46:02
1177,ad12369ffd84dc0fcc13801b2d5e0f9d,5MinuteCrafts,Occasional,10.73,22,249591883,1.02,6.83,1.46,17055192,4.6,8.18,Emerging,2026-05-02 19:46:02
1177,b1b39af6de1e7eed42dc64f9d8db393f,LadBabyOfficial,One-Hit Wonder,4.88,10,1911447,3.46,0,0,,,8.18,Emerging,2026-05-02 19:46:02
1179,1c5079e422992dfc16c45ea4352e41dd,BloombergPolitics,One-Hit Wonder,2.93,6,64316,3.89,0,0,,,8.17,Emerging,2026-05-02 19:46:02
1179,ed4e595d083c1ba52ff505320c46cd35,AllDefDigital,One-Hit Wonder,1.46,3,1807153,4.217,0,0,,,8.17,Emerging,2026-05-02 19:46:02
1181,01012bc75c391cc9a42966fb7d03edd3,SisterCircleLive,Occasional,6.83,14,2428870,3.01,0,0,,,8.15,Emerging,2026-05-02 19:46:02
1182,2c4622eb441dad580d82c23db09be98d,MarkWiens,Occasional,5.37,11,10950511,3.327,0,0,,,8.14,Emerging,2026-05-02 19:46:02
1183,3aaacd2790c2ec05fe2db80c4218cae5,MoviencoUK,One-Hit Wonder,1.95,4,124733,4.083,0,0,,,8.13,Emerging,2026-05-02 19:46:02
1184,1b34200654a6fdc446296cae2ebb15f2,AlJazeeraEnglish,Occasional,12.68,26,1849646,1.694,0,0,,,8.12,Emerging,2026-05-02 19:46:02
1185,ba11a72c381e801b53553ad234ccb00a,PressTube,Occasional,9.76,20,59744512,2.334,0,0,,,8.11,Emerging,2026-05-02 19:46:02
1186,aed4197bd4f2cdb755f9aeff98893851,BarcroftAnimals,One-Hit Wonder,4.39,9,245627,3.525,0,0,,,8.1,Emerging,2026-05-02 19:46:02
1187,657b99ee05d373f25cdcbbfb0ca2a08e,ThirdLegStudios,Occasional,6.34,13,3217651,3.084,0,0,,,8.09,Emerging,2026-05-02 19:46:02
1187,a09a30ff89ae6571243a87b15c1377fc,DoctorWho,One-Hit Wonder,4.39,9,11648381,3.52,0,0,,,8.09,Emerging,2026-05-02 19:46:02
1189,d4cca9aec519d1a632340b59eebad882,GPhase,Occasional,6.34,13,19332330,3.08,0,0,,,8.08,Emerging,2026-05-02 19:46:02
1189,596a4e27a69d4d8bc8002c02a01d3d5d,RickyMartinVEVO,One-Hit Wonder,2.93,6,2298173,3.839,0,0,,,8.08,Emerging,2026-05-02 19:46:02
1189,eba162ff45145c105d895fbbbbccffb6,TheCubician,One-Hit Wonder,2.93,6,1724081,3.835,0,0,,,8.08,Emerging,2026-05-02 19:46:02
1192,50f60b7260ff2aea0f14e712f8a8c36c,AndyGrammer,One-Hit Wonder,0.98,2,74566,4.265,0,0,,,8.07,Emerging,2026-05-02 19:46:02
1193,1996483bbe1a01de42ef9e1f4ead7f57,WUSA9,One-Hit Wonder,4.88,10,7438228,3.395,0,0,,,8.06,Emerging,2026-05-02 19:46:02
1194,e5cae2e452131038be44796cf4157281,Alesso,One-Hit Wonder,3.41,7,7786569,3.713,0,0,,,8.05,Emerging,2026-05-02 19:46:02
1195,f22e53b89745ae7df26ce2a7d6744700,BrettYoungVEVO,Occasional,8.29,17,19850358,2.62,0,0,,,8.03,Emerging,2026-05-02 19:46:02
1195,bca09d9959506c5e9b4b89df8e508748,COVERGIRL,One-Hit Wonder,2.44,5,53276,3.92,0,0,,,8.03,Emerging,2026-05-02 19:46:02
1197,059ebb3e84bff924ef16e4ec517b73df,JackWhiteVEVO,Occasional,5.85,12,6361229,3.158,0,0,,,8.02,Emerging,2026-05-02 19:46:02
1198,e7c99e431de0fd858b036a92c5f7d5f2,PeroLike,One-Hit Wonder,2.93,6,2329316,3.799,0,0,,,8.01,Emerging,2026-05-02 19:46:02
1199,965b11a46418878a13732a04b3db07b3,Nike,One-Hit Wonder,4.88,10,25776205,3.361,0,0,,,8,Emerging,2026-05-02 19:46:02
1199,1f95a483f89a730d822158392d2c8aac,ASMRDarling,One-Hit Wonder,3.41,7,7316390,3.684,0,0,,,8,Emerging,2026-05-02 19:46:02
1201,275673d003620c5913b0842e82d25f6f,NatGeoWILD,Occasional,10.73,22,18822664,2.051,0,0,,,7.98,Emerging,2026-05-02 19:46:02
1201,6c50158dfdc4df26b357870c07badeb7,DaveySwatpaz,One-Hit Wonder,0.98,2,18832,4.214,0,0,,,7.98,Emerging,2026-05-02 19:46:02
1203,28ea4849b639a652a49dc8e678410f9e,MissouriStarQuiltCompany,One-Hit Wonder,4.39,9,401909,3.439,0,0,,,7.95,Emerging,2026-05-02 19:46:02
1203,70d683a00e66c05f76927aeac01f4ec7,ARIKITCHEN,One-Hit Wonder,1.95,4,1120759,3.982,0,0,,,7.95,Emerging,2026-05-02 19:46:02
1205,a4869d0be7226ce32aa8c89c79a0dc4f,Illumination,Occasional,7.8,16,144498919,1.536,6.83,0,10053991,7.8,7.93,Emerging,2026-05-02 19:46:02
1205,98d86bef2dc1f14c287347a3ff29f3a8,LilWayne,One-Hit Wonder,4.39,9,42913354,3.025,2.44,0.49,5820604,5,7.93,Emerging,2026-05-02 19:46:02
1207,5f52e6ff61bbf1eb3ba21052c9feaf4b,CodysLab,One-Hit Wonder,3.9,8,2892443,3.531,0,0,,,7.92,Emerging,2026-05-02 19:46:02
1207,87de196febbec4a0cde4c3ed7947a55c,TheThoughtEmporium,One-Hit Wonder,2.93,6,519630,3.747,0,0,,,7.92,Emerging,2026-05-02 19:46:02
1207,6e624197fc97a545fb5ae404713139c9,MITCHELLWIGGS,One-Hit Wonder,1.46,3,4549074,4.073,0,0,,,7.92,Emerging,2026-05-02 19:46:02
1207,3c6310e6ef2fdf0e57ed5f965b1f6642,shurap,One-Hit Wonder,1.46,3,240246,4.075,0,0,,,7.92,Emerging,2026-05-02 19:46:02
1211,45a84d0cb444d0cdd60f25ed2150ec75,TheMeanKitty,Occasional,6.83,14,5306784,2.877,0,0,,,7.91,Emerging,2026-05-02 19:46:02
1212,1295effa14d77265dc320c936fa04a88,WaterjetChannel,Occasional,10.73,22,22762408,1.999,0,0,,,7.89,Emerging,2026-05-02 19:46:02
1213,54c182a24f624ddf2c92ffb975782219,BachelorsPadTv,One-Hit Wonder,2.93,6,5489920,3.726,0,0,,,7.88,Emerging,2026-05-02 19:46:02
1214,fa8550a38b75217ca9a82cbd560433a6,TannerBraungardt,One-Hit Wonder,3.41,7,15722889,3.6,0,0,,,7.84,Emerging,2026-05-02 19:46:02
1214,3bdb5a6c401e51c8fde4806817f86ef6,YogaWithAdriene,One-Hit Wonder,3.41,7,3397020,3.595,0,0,,,7.84,Emerging,2026-05-02 19:46:02
1214,e4e921e59c936476cfbc773170bd6e48,FRANKIEmusicVEVO,One-Hit Wonder,0.98,2,14223,4.137,0,0,,,7.84,Emerging,2026-05-02 19:46:02
1217,fdc29889505a588b9bdd1407499f6743,ABCTelevisionNetwork,Occasional,11.71,24,38567664,1.745,0,0,,,7.83,Emerging,2026-05-02 19:46:02
1218,edd1f8191969137064919942e4b99358,PBSSpaceTime,Occasional,5.85,12,3975296,3.042,0,0,,,7.82,Emerging,2026-05-02 19:46:02
1219,fd55ca2d38ca024af9ebe0fc550f4231,altJ,One-Hit Wonder,3.41,7,2769646,3.581,0,0,,,7.81,Emerging,2026-05-02 19:46:02
1219,9fe604540c0af2c15c51e63fe3a9fbae,JuJuSmithSchuster,One-Hit Wonder,1.95,4,1704488,3.905,0,0,,,7.81,Emerging,2026-05-02 19:46:02
1221,654807c478cff58acc673e9aea695b72,DiscoveryUK,Occasional,14.15,29,70566954,1.187,0,0,,,7.8,Emerging,2026-05-02 19:46:02
1222,b11cc9ad84502b27a63fa7a8d813ef6a,Nickelodeon,Occasional,6.83,14,6904110,2.812,0,0,,,7.79,Emerging,2026-05-02 19:46:02
1223,4b5778029a86cdfb2163357e9cae9083,Vevo,One-Hit Wonder,3.9,8,110333348,2.878,3.41,2.44,15066682,3.3,7.76,Emerging,2026-05-02 19:46:02
1224,50004efca2972731c7e01170d350ee6e,JasonAldeanVEVO,Occasional,9.27,19,12693076,2.24,0,0,,,7.74,Emerging,2026-05-02 19:46:02
1225,71336f1561c3e5bcbf00527ef747e38b,HighlightHeaven,Occasional,7.32,15,15912747,2.654,0,0,,,7.71,Emerging,2026-05-02 19:46:02
1226,227dfdfee7c9f0d167650dc6657b9737,TMobile,Occasional,7.8,16,117979039,1.892,3.9,0.49,14448773,6.4,7.7,Emerging,2026-05-02 19:46:02
1227,cf0f4a2b457b68c7cfac2477dec3b97c,davematthewsbandVEVO,Occasional,11.22,23,7500468,1.772,0,0,,,7.68,Emerging,2026-05-02 19:46:02
1228,54feb99512566ce02da3b7e18ff1b214,wdwmagic,One-Hit Wonder,4.88,10,9265854,3.175,0,0,,,7.67,Emerging,2026-05-02 19:46:02
1228,c5be99afd97f14443da9cde77f5a496a,CrusoetheCelebrityDachshund,One-Hit Wonder,4.39,9,1525704,3.285,0,0,,,7.67,Emerging,2026-05-02 19:46:02
1230,70c13e20424fef20d367fb77fdd1abf0,BUILDSeries,Occasional,5.37,11,663095,3.051,0,0,,,7.64,Emerging,2026-05-02 19:46:02
1231,3e4e3953602867618984f7a2ec0aa7d0,GordonRamsay,Occasional,11.22,23,89733691,1.747,0,0,,,7.63,Emerging,2026-05-02 19:46:02
1231,46b7ec808f135cd4dc11fce25751855e,AnimalWised,Occasional,5.85,12,4934303,2.937,0,0,,,7.63,Emerging,2026-05-02 19:46:02
1231,6111164e74d733f34c05f091c64692d4,MandisaVEVO,One-Hit Wonder,2.44,5,765649,3.699,0,0,,,7.63,Emerging,2026-05-02 19:46:02
1234,21bdca5d48e595429c6f7eb324c5231f,GentleWhisperingASMR,Occasional,7.32,15,17945431,2.602,0,0,,,7.61,Emerging,2026-05-02 19:46:02
1235,5145a17f6514647af84a5e66ed45b337,johnlegendVEVO,Occasional,5.85,12,26492866,2.919,0,0,,,7.59,Emerging,2026-05-02 19:46:02
1236,49223aaa19f3a1b8150c4f56d6cd149e,mayratouchofglam,One-Hit Wonder,1.46,3,345015,3.888,0,0,,,7.58,Emerging,2026-05-02 19:46:02
1237,bffa69616bbeca0018a0153cf9e9df3b,KingdomHearts,One-Hit Wonder,1.46,3,3800738,3.879,0,0,,,7.57,Emerging,2026-05-02 19:46:02
1238,aa15d744f2013d0b0e6bf4fce120e88b,ABC7,One-Hit Wonder,3.41,7,5506919,3.445,0,0,,,7.56,Emerging,2026-05-02 19:46:02
1239,5702ddf5eff70b6a34baf150f53a5b6a,NHL,Occasional,12.68,26,34975176,1.374,0,0,,,7.55,Emerging,2026-05-02 19:46:02
1239,3b7af8c0654cdbfb938d2c6058df8614,JessGlynne,Occasional,9.76,20,80671323,2.028,0,0,,,7.55,Emerging,2026-05-02 19:46:02
1239,028205cb2e8a22fcfa8dcc14335dc843,ObamaFoundation,One-Hit Wonder,1.46,3,169118,3.868,0,0,,,7.55,Emerging,2026-05-02 19:46:02
1242,06918184ef34f67fc1a93673015786f6,BlueOrigin,Occasional,8.29,17,4721687,2.333,0,0,,,7.52,Emerging,2026-05-02 19:46:02
1242,c80aec04aec2aea2b63f225e0d7f70c9,KevinDurant,One-Hit Wonder,1.95,4,728354,3.747,0,0,,,7.52,Emerging,2026-05-02 19:46:02
1242,d2375a98d581c2fa400f76fd529df5aa,IzacLess,One-Hit Wonder,1.46,3,276540,3.854,0,0,,,7.52,Emerging,2026-05-02 19:46:02
1245,9a8ad597160022f6c5f16725abe5a857,PONYSyndrome,One-Hit Wonder,3.41,7,3473591,3.408,0,0,,,7.5,Emerging,2026-05-02 19:46:02
1245,2acdc6d7f2bfddb617ce77da49ed399c,CandideThovex,One-Hit Wonder,2.93,6,6997284,3.513,0,0,,,7.5,Emerging,2026-05-02 19:46:02
1247,951fa4796df89e321a909da43344444b,TheRoyalFamilyChannel,Occasional,13.17,27,11657887,1.235,0,0,,,7.49,Emerging,2026-05-02 19:46:02
1247,fa4db08bb89c97907be030b1e693d8e5,Dorkly,One-Hit Wonder,2.93,6,7276493,3.511,0,0,,,7.49,Emerging,2026-05-02 19:46:02
1247,c597bf97b6fac03033b763299fb85910,Cultaholic,One-Hit Wonder,2.44,5,847019,3.617,0,0,,,7.49,Emerging,2026-05-02 19:46:02
1250,4de90e841193b9f0ea7d1764e2dcf23f,KidRock,Occasional,5.85,12,4950866,2.853,0,0,,,7.48,Emerging,2026-05-02 19:46:02
1251,c37bb8edda4b4d87eee99fd4dcfc586a,TannerFox,Occasional,6.34,13,15521455,2.739,0,0,,,7.47,Emerging,2026-05-02 19:46:02
1252,79e9f9f346fe77f44bb5b53b8cad819e,HowlOfADog,One-Hit Wonder,2.44,5,6549569,3.595,0,0,,,7.45,Emerging,2026-05-02 19:46:02
1253,8ac92d95df4ebb8db828265db1d54faf,CampoSantoProductions,One-Hit Wonder,3.41,7,1935545,3.37,0,0,,,7.43,Emerging,2026-05-02 19:46:02
1254,f0e2fa1cdf1a4b5184ccb728fb2b6a46,TheTalk,Occasional,12.68,26,3181976,1.304,0,0,,,7.42,Emerging,2026-05-02 19:46:02
1254,ddaf05696389d154a09742d42ff7cb4b,KylieMinogue,One-Hit Wonder,4.39,9,3164649,3.144,0,0,,,7.42,Emerging,2026-05-02 19:46:02
1254,b6348f8ee7a76574984017817b998981,IsraeliPM,One-Hit Wonder,0.98,2,7681,3.907,0,0,,,7.42,Emerging,2026-05-02 19:46:02
1257,b49882eae96bb41a7fa1feb6aa7acc18,MTV,Occasional,11.22,23,15883738,1.621,0,0,,,7.41,Emerging,2026-05-02 19:46:02
1257,55cbed1bbc15fe823df45ed8561d5653,Riverdale,Occasional,5.37,11,7872450,2.922,0,0,,,7.41,Emerging,2026-05-02 19:46:02
1257,bebdce55a453ba50f699f680b8c877f6,TheCGBros,One-Hit Wonder,1.95,4,106718,3.684,0,0,,,7.41,Emerging,2026-05-02 19:46:02
1260,3f6670d1f274429680118f5c730e00bc,5MadMovieMakers,Occasional,8.29,17,32955977,2.011,1.46,0,5310921,9.7,7.37,Emerging,2026-05-02 19:46:02
1260,ca3e5b3baad17b61fbf4cd884d877af5,FunnyOrDie,Occasional,5.37,11,670002,2.9,0,0,,,7.37,Emerging,2026-05-02 19:46:02
1260,9dcc8234ebd8f4a3893d2a8b6e7ecd38,4given4ever1,One-Hit Wonder,2.93,6,1386051,3.442,0,0,,,7.37,Emerging,2026-05-02 19:46:02
1260,c958c256590280e0fcdd982ca6f25e31,TheHoonigans,One-Hit Wonder,2.44,5,1770190,3.554,0,0,,,7.37,Emerging,2026-05-02 19:46:02
1264,6b36fb2030ce1b5fb056a6cfe66d92af,IFCFilms,Occasional,12.68,26,23690594,1.273,0,0,,,7.36,Emerging,2026-05-02 19:46:02
1265,9e97c81710490e5cfe4097a1d79f0e98,LeagueofLegends,Occasional,6.34,13,32520360,2.664,0,0,,,7.33,Emerging,2026-05-02 19:46:02
1265,a0d2f351df9430de7976bddaf15af5c3,CHRISRS,One-Hit Wonder,2.93,6,12914827,3.423,0,0,,,7.33,Emerging,2026-05-02 19:46:02
1267,6468d3d2c54de86ed75d433bd30d566f,Vat19,Occasional,12.68,26,100669052,1.251,0,0,,,7.32,Emerging,2026-05-02 19:46:02
1267,2979a494b21d266eb8c254d5cf4998a0,WatchMojocom,Occasional,8.78,18,31183964,2.113,0,0,,,7.32,Emerging,2026-05-02 19:46:02
1269,d3d4b6d5204907aef8d101a535aed19f,Cyberpunk2077,One-Hit Wonder,0.98,2,14823250,3.842,0,0,,,7.31,Emerging,2026-05-02 19:46:02
1270,9c0e67754c69ea7fc8647926e49cbf45,LilyPebbles,One-Hit Wonder,0.49,1,91167,3.947,0,0,,,7.3,Emerging,2026-05-02 19:46:02
1271,11baf66f10fde6c15ea5ade1ddc2a3e9,HuxleyBergStudios,One-Hit Wonder,4.39,9,4262244,3.076,0,0,,,7.29,Emerging,2026-05-02 19:46:02
1271,dd1a9bb531766a8b323fdb41e4da3e34,BeyondTheTrailer,One-Hit Wonder,3.41,7,879400,3.29,0,0,,,7.29,Emerging,2026-05-02 19:46:02
1273,d3b595f1b1bcf8c02e782355977c64cc,TheNocturnalAlchemist,One-Hit Wonder,0.98,2,3712,3.826,0,0,,,7.28,Emerging,2026-05-02 19:46:02
1274,c29dc2a6b04ae7c328e24c98c4df8935,ELivefromtheRedCarpet,Occasional,10.73,22,7849951,1.652,0,0,,,7.27,Emerging,2026-05-02 19:46:02
1274,77ee6ddb887487acc7f47d8fff4b1db1,EricStrebel,One-Hit Wonder,4.88,10,41509,2.952,0,0,,,7.27,Emerging,2026-05-02 19:46:02
1274,401ed6e08b490f963436bf19a324dfa5,TheUnipiper,One-Hit Wonder,2.44,5,368536,3.494,0,0,,,7.27,Emerging,2026-05-02 19:46:02
1277,b9df97cd6a143f8571ab6b8b78e77c63,MBCentertainment,Occasional,11.22,23,79645131,1.537,0,0,,,7.25,Emerging,2026-05-02 19:46:02
1277,98473088eaf32d3be69e250e17a91111,HANSON,One-Hit Wonder,4.88,10,688533,2.941,0,0,,,7.25,Emerging,2026-05-02 19:46:02
1277,543d32cb2230db67ff867804a9a7b51a,HowItShouldHaveEnded,One-Hit Wonder,1.46,3,16880390,3.704,0,0,,,7.25,Emerging,2026-05-02 19:46:02
1280,130a49d71cb33b2a0e5d5be667d014db,MoorInfo,One-Hit Wonder,2.93,6,958422,3.373,0,0,,,7.24,Emerging,2026-05-02 19:46:02
1281,46250d0fe7ede2cf0ed31459d1c07d87,NBAonTNT,Occasional,11.22,23,13114688,1.517,0,0,,,7.22,Emerging,2026-05-02 19:46:02
1281,6a5753b76c2362da2c997ddf68325108,CarlaResendiz,One-Hit Wonder,3.9,8,6692044,3.142,0,0,,,7.22,Emerging,2026-05-02 19:46:02
1283,55fec98833e2d420d1bac43bc943a6b2,ReactionTime,Occasional,7.32,15,41154059,2.374,0,0,,,7.2,Emerging,2026-05-02 19:46:02
1284,38ce2b7cc8597ac12eb9a205b59f3797,FIFATV,One-Hit Wonder,2.93,6,1812795,3.341,0,0,,,7.19,Emerging,2026-05-02 19:46:02
1284,35f43c30c377607393f5bece2b8a7282,MaddieLymburner,One-Hit Wonder,1.95,4,104116,3.561,0,0,,,7.19,Emerging,2026-05-02 19:46:02
1284,3f0623189ea5326fed22ac0f860fa658,BowlFullofAwesome,One-Hit Wonder,1.46,3,356034,3.67,0,0,,,7.19,Emerging,2026-05-02 19:46:02
1287,be4a65f02b227176411bd6614e73265a,WHATSINSIDEFAMILY,Occasional,6.34,13,1544788,2.574,0,0,,,7.17,Emerging,2026-05-02 19:46:02
1288,32f26979602935a329b55cb5b6afe11b,PrimitiveSurvivalTool,Occasional,12.68,26,115323362,1.162,0,0,,,7.16,Emerging,2026-05-02 19:46:02
1289,a8d609c7dacd416c5cb9d4d29155fc9e,LikeStoriesofOld,One-Hit Wonder,1.46,3,527044,3.645,0,0,,,7.15,Emerging,2026-05-02 19:46:02
1290,91170d067a43f8619af31c7dc293988c,DanAndShay,Occasional,11.71,24,73213624,1.359,0,0,,,7.13,Emerging,2026-05-02 19:46:02
1291,acbc20f95ec8c4f23a014ccbc4d9d970,LiveOverflow,One-Hit Wonder,1.46,3,141366,3.63,0,0,,,7.12,Emerging,2026-05-02 19:46:02
1292,0a1bd009fc61a23a5e8f760cab486086,JasonYu,One-Hit Wonder,2.93,6,2615721,3.294,0,0,,,7.1,Emerging,2026-05-02 19:46:02
1292,870de661c0cff9207823b64abd5172f5,Hak5,One-Hit Wonder,0.98,2,22417,3.726,0,0,,,7.1,Emerging,2026-05-02 19:46:02
1294,bc5882d9d263acc1e5a6d958d7edbf5e,Madmorda,One-Hit Wonder,0.49,1,4541,3.832,0,0,,,7.09,Emerging,2026-05-02 19:46:02
1295,67dbe9ca8ca03d6ca52bb2ce172c7f9b,MattandKim,One-Hit Wonder,2.93,6,922543,3.28,0,0,,,7.08,Emerging,2026-05-02 19:46:02
1296,855e795665197eb66210c437de34140d,CBSNewYork,Occasional,6.34,13,4489513,2.512,0,0,,,7.06,Emerging,2026-05-02 19:46:02
1297,aaef4220c71c0f4a8f2756eadce1d153,DisneyOnBroadway,Occasional,6.83,14,13064760,2.397,0,0,,,7.05,Emerging,2026-05-02 19:46:02
1298,572972c8417404f5da2148b2e2e25046,CharlieCorts,Occasional,7.32,15,27739310,2.282,0,0,,,7.04,Emerging,2026-05-02 19:46:02
1299,067e343594c6da6f2cf8b2aba8638e29,BBCSport,Occasional,5.37,11,3462232,2.71,0,0,,,7.03,Emerging,2026-05-02 19:46:02
1299,913930a8baf3ed504c8c0625ef563ba9,BrantleyGilbertVEVO,One-Hit Wonder,3.41,7,2363589,3.145,0,0,,,7.03,Emerging,2026-05-02 19:46:02
1299,cb5c793269985cdf0097e38c1475617e,AdultSwimUK,One-Hit Wonder,2.44,5,186062,3.363,0,0,,,7.03,Emerging,2026-05-02 19:46:02
1302,b9353fa605950d0a4c3196a0f6b56383,WaterTowerMusic,One-Hit Wonder,3.9,8,3433129,3.033,0,0,,,7.02,Emerging,2026-05-02 19:46:02
1302,40b676ab7331c3171ed0c286993e9540,TheJuicyJVEVO,One-Hit Wonder,1.46,3,1225957,3.576,0,0,,,7.02,Emerging,2026-05-02 19:46:02
1304,b52f3cf6c9482dcffc7b643f9f414e58,StingVEVO,One-Hit Wonder,3.9,8,5102092,3.028,0,0,,,7.01,Emerging,2026-05-02 19:46:02
1305,c4e8eedd32e4782f8dba908d97bbf601,VidCon,One-Hit Wonder,1.46,3,594962,3.563,0,0,,,7,Emerging,2026-05-02 19:46:02
1305,643d6a39d5719cd1aed7369fc650a85d,EntertainmentVevo,One-Hit Wonder,0.49,1,845262,3.782,0,0,,,7,Emerging,2026-05-02 19:46:02
1307,1104718965c350f1d340f42d631b9daa,SnowPatrolVEVO,Occasional,6.83,14,17315483,2.365,0,0,,,6.99,Emerging,2026-05-02 19:46:02
1307,60cd2e91510d814f6f38aefece31cfc0,BraxenMcConnell,One-Hit Wonder,2.44,5,46980,3.339,0,0,,,6.99,Emerging,2026-05-02 19:46:02
1307,b2218a03d7b2b134a23f18f5982afe10,SaggyJ,One-Hit Wonder,0.98,2,1005159,3.668,0,0,,,6.99,Emerging,2026-05-02 19:46:02
1310,672aae1b260936e883ba0a31396a8cc8,CardsAgainstHumanity,One-Hit Wonder,3.9,8,9186934,3.011,0,0,,,6.98,Emerging,2026-05-02 19:46:02
1310,675e88d1e6aef7e5dc2f77da4af49216,EsteLalonde,One-Hit Wonder,1.46,3,405897,3.551,0,0,,,6.98,Emerging,2026-05-02 19:46:02
1312,97c8f692a928a55577aaf6cd98c56bb5,Prince,Occasional,9.27,19,70170796,1.812,0,0,,,6.97,Emerging,2026-05-02 19:46:02
1312,cd05b6f7d47c9350a3cfa8d32b6f60af,PatrickNan,One-Hit Wonder,2.44,5,5960191,3.332,0,0,,,6.97,Emerging,2026-05-02 19:46:02
1314,a29411112d0567eefc64c29ad2889a34,euronewsinEnglish,Occasional,12.2,25,7353875,1.156,0,0,,,6.96,Emerging,2026-05-02 19:46:02
1314,b372b44f4670f4cb5e3bf90a9c19161c,BethesdaSoftworks,One-Hit Wonder,1.46,3,14411766,3.541,0,0,,,6.96,Emerging,2026-05-02 19:46:02
1316,0fd94c82949e29de6b3d9bb9447919c1,SailingLaVagabonde,One-Hit Wonder,1.95,4,822255,3.427,0,0,,,6.95,Emerging,2026-05-02 19:46:02
1317,1adedfe78ee00535689848a4804bcc10,Beats1Radio,Occasional,7.8,16,10396883,2.117,0,0,,,6.93,Emerging,2026-05-02 19:46:02
1317,c815f041594af00e7fe280dc938729de,TheAnnaEdit,One-Hit Wonder,0.49,1,112510,3.74,0,0,,,6.93,Emerging,2026-05-02 19:46:02
1319,35519890098d3127781ea8eeb38923fa,Motherboard,One-Hit Wonder,4.39,9,4144798,2.86,0,0,,,6.9,Emerging,2026-05-02 19:46:02
1319,28cafe26d5310f974913c7d645f1494e,JamesBlakeVEVO,One-Hit Wonder,2.93,6,1894274,3.18,0,0,,,6.9,Emerging,2026-05-02 19:46:02
1321,053e8e16ce349f9d90fa116f9338a7fd,FreddieTwenty,One-Hit Wonder,3.9,8,3255433,2.96,0,0,,,6.89,Emerging,2026-05-02 19:46:02
1321,4fcddef17598da69917592cb08dc4381,Shesez,One-Hit Wonder,2.44,5,1785251,3.284,0,0,,,6.89,Emerging,2026-05-02 19:46:02
1321,20d3550ffbf511b5412763b9bc04bfb5,TraceyThornVEVO,One-Hit Wonder,2.44,5,101406,3.288,0,0,,,6.89,Emerging,2026-05-02 19:46:02
1324,93865e25ae13756bae7034023a7fe4f4,FoundFlix,Occasional,8.29,17,31672161,1.979,0,0,,,6.88,Emerging,2026-05-02 19:46:02
1324,e4122e4ab715d3a2632e87cdf6f4c7d6,GuyTang,One-Hit Wonder,3.41,7,7508430,3.063,0,0,,,6.88,Emerging,2026-05-02 19:46:02
1326,cccdd3ea34a64cdd09ccc244b80985ae,FORMULA1,Occasional,10.73,22,37085380,1.428,0,0,,,6.86,Emerging,2026-05-02 19:46:02
1327,8f3e4141f0dba85d75817a5b392adfb1,JKBrickworks,One-Hit Wonder,2.93,6,586820,3.149,0,0,,,6.84,Emerging,2026-05-02 19:46:02
1328,1f887dd38d42519e9c3526151bb1f9c9,ShawnJohnsonEast,One-Hit Wonder,4.88,10,3866858,2.703,0,0,,,6.82,Emerging,2026-05-02 19:46:02
1328,aa1169beb80b34808b26f57e5230a087,HALO,One-Hit Wonder,1.46,3,6849514,3.467,0,0,,,6.82,Emerging,2026-05-02 19:46:02
1330,5577bda46d23760ad9e6e941f673bc1c,BrentPella,One-Hit Wonder,3.9,8,10586842,2.919,0,0,,,6.81,Emerging,2026-05-02 19:46:02
1331,250c51527f347066847969f002be67a2,CBS,One-Hit Wonder,4.88,10,2132937,2.696,0,0,,,6.8,Emerging,2026-05-02 19:46:02
1331,d9cba213aed5c66ca29d615d77c19a93,PitchPerfect,One-Hit Wonder,3.9,8,21021349,2.665,1.46,0,3844240,8.3,6.8,Emerging,2026-05-02 19:46:02
1333,1362836fcf1442099c077d4dd336ddea,RachelPlattenVEVO,One-Hit Wonder,2.44,5,326520,3.225,0,0,,,6.78,Emerging,2026-05-02 19:46:02
1334,271373e9164dd0899316d801399e87bd,BretBaier,One-Hit Wonder,3.41,7,820339,2.996,0,0,,,6.76,Emerging,2026-05-02 19:46:02
1335,7bf5e147e458854e196501b8da09358c,ATPWorldTour,One-Hit Wonder,1.46,3,171452,3.423,0,0,,,6.75,Emerging,2026-05-02 19:46:02
1336,a35f4e398adf181df61e4452712094bc,BETNetworks,One-Hit Wonder,3.9,8,1143074,2.876,0,0,,,6.74,Emerging,2026-05-02 19:46:02
1336,c2cce379444c67315a6c508494c118dd,Brat,One-Hit Wonder,3.41,7,20658205,2.906,0.49,0,3322855,9,6.74,Emerging,2026-05-02 19:46:02
1338,88c2e86f4c1361f382cd67c63b115a56,NIXOLAS,One-Hit Wonder,3.9,8,680855,2.875,0,0,,,6.73,Emerging,2026-05-02 19:46:02
1339,a1bf8ef99e6fd3e7a2a11be8063734e1,RockmeJoeySantiago,Occasional,6.83,14,7806618,2.212,0,0,,,6.71,Emerging,2026-05-02 19:46:02
1340,bbdc540278b5668d87fb19e30f1ed957,AmeliaLiana,One-Hit Wonder,1.46,3,186306,3.393,0,0,,,6.69,Emerging,2026-05-02 19:46:02
1341,02ecab9a8e364704a927c5c76e5fb7e1,RussellHoward,One-Hit Wonder,1.46,3,1669230,3.384,0,0,,,6.68,Emerging,2026-05-02 19:46:02
1342,7d53fcc9075c7348ab4384a0006b947c,AvE,One-Hit Wonder,2.93,6,4460171,3.053,0,0,,,6.67,Emerging,2026-05-02 19:46:02
1343,6a66877e97e6b0718f386eefbefa890c,CaravanCarolyn,One-Hit Wonder,1.95,4,97321,3.264,0,0,,,6.66,Emerging,2026-05-02 19:46:02
1344,11c0cb04a6f7496ef72fb734a270bb8b,AmericasGotTalent,Occasional,7.32,15,43601945,2.058,0,0,,,6.63,Emerging,2026-05-02 19:46:02
1345,9344c1a7b9a0a229b1d620a30a5b3c86,TVPromos,Occasional,9.76,20,3665480,1.504,0,0,,,6.61,Emerging,2026-05-02 19:46:02
1345,db8ccbd2909ea42ddffb3d79d2b55412,SamsungMobileUSA,One-Hit Wonder,3.41,7,405964,2.914,0,0,,,6.61,Emerging,2026-05-02 19:46:02
1347,0cf37600c4ca016e8c7af2372179dced,ChicagoSunTimes,One-Hit Wonder,3.41,7,337585,2.908,0,0,,,6.6,Emerging,2026-05-02 19:46:02
1348,cfa1b665089505c449adb2e8630c4440,theHacksmith,Occasional,6.34,13,26804701,2.252,0,0,,,6.59,Emerging,2026-05-02 19:46:02
1349,b8029ac5f2ff0c3ab0efd550c80e5471,PeopleareAwesome,One-Hit Wonder,4.39,9,4151749,2.68,0,0,,,6.58,Emerging,2026-05-02 19:46:02
1349,cb90bc7290de136e31dab9bf7e317ab9,hwow,One-Hit Wonder,3.41,7,1215647,2.897,0,0,,,6.58,Emerging,2026-05-02 19:46:02
1351,a0fc86b954c65b185b356fdfd08ba0db,ThomasRhettVEVO,Occasional,5.37,11,48557588,1.961,2.93,0,6188249,7,6.56,Emerging,2026-05-02 19:46:02
1352,b8c38e0606d62c8b6f7a086b85164710,UEFAtv,One-Hit Wonder,3.9,8,1676862,2.761,0,0,,,6.53,Emerging,2026-05-02 19:46:02
1352,0dcfd3b2543f48f7833af24e02fc72ca,Rainsford,One-Hit Wonder,1.95,4,29054,3.195,0,0,,,6.53,Emerging,2026-05-02 19:46:02
1354,ecc246dfc3831394727b28afcac9e20e,LiverpoolFC,One-Hit Wonder,4.88,10,34856951,2.539,0,0,,,6.52,Emerging,2026-05-02 19:46:02
1354,4d0c46bc8110f5e2e7d5994a085fa3b8,RebelWilson,One-Hit Wonder,4.39,9,3426561,2.645,0,0,,,6.52,Emerging,2026-05-02 19:46:02
1354,15f5e29dd34b7ae9016a79a3c56daa54,legofreedom1,One-Hit Wonder,2.44,5,81709,3.08,0,0,,,6.52,Emerging,2026-05-02 19:46:02
1357,bb9ff9be46106e65e9abc7122cd02178,ComedyCentral,Occasional,10.24,21,10787749,1.342,0,0,,,6.51,Emerging,2026-05-02 19:46:02
1358,5b4eda9390d1e58256507e8859a00fd4,Highsnobiety,One-Hit Wonder,2.44,5,144133,3.063,0,0,,,6.49,Emerging,2026-05-02 19:46:02
1359,4858482890e4991a9e7716b9996e68ee,KrisHarbour,Occasional,6.34,13,7334058,2.186,0,0,,,6.47,Emerging,2026-05-02 19:46:02
1360,3d66de9037c1eb02aa33355836ede120,gamelovercommercials,One-Hit Wonder,2.93,6,123153,2.937,0,0,,,6.46,Emerging,2026-05-02 19:46:02
1361,5ba0a769430febc0d17c7b6f9ea67f0f,DerekHough,One-Hit Wonder,4.39,9,693299,2.61,0,0,,,6.45,Emerging,2026-05-02 19:46:02
1361,597b5f5eeee367a1a34f666580e9521b,IndiaSurvivalGuide,One-Hit Wonder,1.46,3,1256995,3.258,0,0,,,6.45,Emerging,2026-05-02 19:46:02
1363,e311cbc8bb4579c40a42926302ae565e,NJcom,Occasional,8.78,18,13321604,1.624,0,0,,,6.44,Emerging,2026-05-02 19:46:02
1363,fa5afdfbbec12acb8032176bf5a523ee,KensukeKoike,Occasional,7.8,16,20459327,1.843,0,0,,,6.44,Emerging,2026-05-02 19:46:02
1363,be034163aebf1ef34beefeaf7a6e9f4f,Clicknetwork,Occasional,6.34,13,3250942,2.167,0,0,,,6.44,Emerging,2026-05-02 19:46:02
1363,31207a9da3eb9621a7c5e9c9ad49935a,HinNya,One-Hit Wonder,0.49,1,218855,3.471,0,0,,,6.44,Emerging,2026-05-02 19:46:02
1367,abc04787e2f2196dc59ee2063a41cbf6,lugeyps3,One-Hit Wonder,1.46,3,75807,3.241,0,0,,,6.42,Emerging,2026-05-02 19:46:02
1368,3a21e60fffd334344ebcbcaaf88676d1,STARZ,Occasional,8.29,17,9679166,1.717,0,0,,,6.41,Emerging,2026-05-02 19:46:02
1369,66abd2e351e5650f43f47f7464b30839,MeanGirlsonBroadway,Occasional,5.37,11,4588362,2.363,0,0,,,6.4,Emerging,2026-05-02 19:46:02
1369,a2c7316073e7f639ce30acde65431d0c,SiggasNation,One-Hit Wonder,0.49,1,10525,3.449,0,0,,,6.4,Emerging,2026-05-02 19:46:02
1371,2959a556492e78e4c71743e2f09d58fe,FlashRahbbit,One-Hit Wonder,0.98,2,13361,3.332,0,0,,,6.39,Emerging,2026-05-02 19:46:02
1372,66842aafea33f59b0b3a6312d9fb262b,RealNewsNetworkMedia,One-Hit Wonder,1.46,3,82700,3.222,0,0,,,6.38,Emerging,2026-05-02 19:46:02
1373,b6f772086eb1306abba0528a541bc0df,BenKronengold,One-Hit Wonder,1.46,3,8216537,3.202,0,0,,,6.35,Emerging,2026-05-02 19:46:02
1374,73da020f06017b8392e54e50b976bbe4,BachelorNationonABC,Occasional,12.68,26,4541991,0.707,0,0,,,6.34,Emerging,2026-05-02 19:46:02
1374,fa4fa2940a3fbd80d437c5d2f382b33e,Nobrand,One-Hit Wonder,1.95,4,464396,3.091,0,0,,,6.34,Emerging,2026-05-02 19:46:02
1376,e069fecfeda81768cccd8606944270cd,ThePetCollective,One-Hit Wonder,4.39,9,5730942,2.539,0,0,,,6.33,Emerging,2026-05-02 19:46:02
1377,5083ec253a05acdc5f6df41de3a6602e,BaconLegs,One-Hit Wonder,2.93,6,1330172,2.861,0,0,,,6.32,Emerging,2026-05-02 19:46:02
1378,cf22bcfcd4057cb3bd686f21be2c3dc6,GerryLitwin,Occasional,5.85,12,38140887,2.203,0,0,,,6.31,Emerging,2026-05-02 19:46:02
1378,4e821038e56e14e8377eee7792f6596f,KoreanEnglishman,One-Hit Wonder,2.93,6,5963784,2.857,0,0,,,6.31,Emerging,2026-05-02 19:46:02
1380,301877491313d8f4d07a5091cb8ef2b0,InsidetheMagic,One-Hit Wonder,4.39,9,3189718,2.526,0,0,,,6.3,Emerging,2026-05-02 19:46:02
1381,de777fd3bd37e1c2deaa1d5c01bb4218,FreeDawkins,Occasional,5.37,11,419881,2.303,0,0,,,6.29,Emerging,2026-05-02 19:46:02
1382,bc283a9d71b579ffa9c48df462f17ce2,DoodleChaos,One-Hit Wonder,2.44,5,1578502,2.947,0,0,,,6.28,Emerging,2026-05-02 19:46:02
1383,9fb4b729579cadd6fbc9f0b574023212,notnotryan,Occasional,5.85,12,28773069,2.173,0,0,,,6.25,Emerging,2026-05-02 19:46:02
1383,fa1168fd80395d5da069efb94634fc19,mikem,One-Hit Wonder,0.49,1,102560,3.366,0,0,,,6.25,Emerging,2026-05-02 19:46:02
1385,0f9baf630858986a0aaf0f7db852423d,TroomTroom,Occasional,6.34,13,60865590,1.244,4.88,0.49,5201679,7.4,6.24,Emerging,2026-05-02 19:46:02
1386,601e4b7e900b61183ab8fda50ecbc688,RadioPhysicsandElectronics,One-Hit Wonder,1.95,4,13958,3.025,0,0,,,6.23,Emerging,2026-05-02 19:46:02
1387,15e03dcc3cd289fd4d873e3c2d5a37ee,JohnVarvatos,One-Hit Wonder,1.46,3,12281,3.133,0,0,,,6.22,Emerging,2026-05-02 19:46:02
1388,75ca1b5ba51ce258cff3c403610c3ed7,TheRoyalFamily,One-Hit Wonder,4.39,9,19939567,2.477,0,0,,,6.21,Emerging,2026-05-02 19:46:02
1388,e7ce2586bfcbcf8946311981d99789b7,EndofZeWorld,One-Hit Wonder,2.44,5,1251036,2.909,0,0,,,6.21,Emerging,2026-05-02 19:46:02
1390,13cbd3f655c452aae46058464fd31218,TinaNguyen,One-Hit Wonder,2.44,5,105157,2.898,0,0,,,6.19,Emerging,2026-05-02 19:46:02
1391,e2eb74ded603c5526594a2e639682583,Comicbookcom,Occasional,7.32,15,5697214,1.809,0,0,,,6.18,Emerging,2026-05-02 19:46:02
1391,8d8fae5ed888f40e243cd8584b4654db,TheBackyardScientist,One-Hit Wonder,3.41,7,6037569,2.678,0,0,,,6.18,Emerging,2026-05-02 19:46:02
1393,66b65f94fe3948bc4216832dcdf34a51,SadeVEVO,Occasional,5.85,12,11189872,2.128,0,0,,,6.17,Emerging,2026-05-02 19:46:02
1394,7a5442f3edeb865eacc58e4dacb94b0a,DrSandraLeeakaDrPimplePopper,Occasional,5.85,12,2176096,2.123,0,0,,,6.16,Emerging,2026-05-02 19:46:02
1394,5f703ee17b5796992a9e8d3991442028,JPJulia,One-Hit Wonder,3.41,7,2167138,2.666,0,0,,,6.16,Emerging,2026-05-02 19:46:02
1396,42b4d74736584e10c4a55c8a872a1b57,KylieMoy,One-Hit Wonder,3.41,7,9822694,2.656,0,0,,,6.14,Emerging,2026-05-02 19:46:02
1396,0374e0458cf1467c6e88041ec70e9490,MaxSkipper,One-Hit Wonder,3.41,7,2000143,2.652,0,0,,,6.14,Emerging,2026-05-02 19:46:02
1398,d0789c4117bf45b568e0dee46a94e3d1,NCAAMarchMadness,Occasional,11.22,23,9724163,0.912,0,0,,,6.13,Emerging,2026-05-02 19:46:02
1398,1eb55c879a22c44874101b5d2bdf1b2e,Blossom,Occasional,8.78,18,265680950,0.723,4.39,0,17070025,8.7,6.13,Emerging,2026-05-02 19:46:02
1398,8d336bd84a1af88e3fb3198ba97bd8a2,VictoriasSecret,One-Hit Wonder,3.41,7,2316654,2.649,0,0,,,6.13,Emerging,2026-05-02 19:46:02
1401,584db1f93a476a1027513eace8052e0a,UFCUltimateFightingChampionship,Occasional,9.27,19,9743593,1.341,0,0,,,6.12,Emerging,2026-05-02 19:46:02
1402,448150e6b929f5601160be43ac01ba7a,UrAvgConsumer,One-Hit Wonder,3.9,8,6017708,2.528,0,0,,,6.11,Emerging,2026-05-02 19:46:02
1402,5ab7e5ea2788ef5abc61ab781abc4750,BRIGHTSIDE,One-Hit Wonder,2.44,5,6582622,2.851,0,0,,,6.11,Emerging,2026-05-02 19:46:02
1404,05921b8c09fdc0546c1ae7bb61a9acd7,DishNation,One-Hit Wonder,1.46,3,33230,3.065,0,0,,,6.1,Emerging,2026-05-02 19:46:02
1405,e6799e4ee1115cdc82f9c9603200edef,WallStreetJournal,Occasional,7.8,16,2347736,1.65,0,0,,,6.09,Emerging,2026-05-02 19:46:02
1406,1b9297d4e0f141fdc90f76d30706ec12,WarpedPerception,Occasional,6.34,13,17859579,1.966,0,0,,,6.07,Emerging,2026-05-02 19:46:02
1406,b288aabd6335d908fda5cb9ece587791,JordanWilson,One-Hit Wonder,4.39,9,15308631,2.398,0,0,,,6.07,Emerging,2026-05-02 19:46:02
1406,be9034a2eeef62a1d251e8e1606cb167,RAPDAILY,One-Hit Wonder,3.41,7,6732940,2.617,0,0,,,6.07,Emerging,2026-05-02 19:46:02
1409,a4de967e297585c00425b122ca0d2866,cineytele,One-Hit Wonder,0.98,2,467030,3.142,0,0,,,6.05,Emerging,2026-05-02 19:46:02
1410,1510b6189128a17ff0265927bb67034e,WhatsUpMoms,One-Hit Wonder,2.44,5,1811012,2.811,0,0,,,6.04,Emerging,2026-05-02 19:46:02
1410,b43b770788d71abc92442cc450c4c966,rockon,One-Hit Wonder,2.44,5,507954,2.811,0,0,,,6.04,Emerging,2026-05-02 19:46:02
1412,354cb948721168a56ff17877b3403a36,HollywoodLife,Occasional,9.27,19,39219073,0.884,2.44,0,4407073,9.2,6.03,Emerging,2026-05-02 19:46:02
1412,ecf7668e0761589baacbb3b4458ca492,SquirrelMonkey,One-Hit Wonder,3.9,8,1172874,2.483,0,0,,,6.03,Emerging,2026-05-02 19:46:02
1414,2cd4ae01762935b397c7ec389badabca,CNNMoney,Occasional,6.83,14,5385040,1.825,0,0,,,6.02,Emerging,2026-05-02 19:46:02
1415,9e0c2b5323033dfa4b171bee52d2e3a3,ParksandRecreation,One-Hit Wonder,3.41,7,432930,2.57,0,0,,,5.99,Emerging,2026-05-02 19:46:02
1415,fe6fb724d06c11439aeaa2b84238d289,EASPORTSFIFA,One-Hit Wonder,2.93,6,4566662,2.676,0,0,,,5.99,Emerging,2026-05-02 19:46:02
1417,c369fc5ff135a4eeee314e06bf110b66,BlakeShelton,Occasional,6.83,14,25055794,1.798,0,0,,,5.97,Emerging,2026-05-02 19:46:02
1417,1faba010a7d3356517b8a2a1904538f3,cicigoodies2011,One-Hit Wonder,2.93,6,109664,2.666,0,0,,,5.97,Emerging,2026-05-02 19:46:02
1419,d33f06a430ec88ade87a93ec18618d8e,Beats1onAppleMusic,One-Hit Wonder,3.41,7,14229748,2.554,0,0,,,5.96,Emerging,2026-05-02 19:46:02
1419,e2d2319c250d36d76eec25771f9f21fe,KISSFMUK,One-Hit Wonder,2.93,6,506043,2.66,0,0,,,5.96,Emerging,2026-05-02 19:46:02
1421,ef77d21f30545b4de8ff1806d535db29,FilmIndependent,Occasional,6.34,13,3219754,1.894,0,0,,,5.95,Emerging,2026-05-02 19:46:02
1422,ddd9ee4de39c8a5b615c53a1aa5836b6,NZPoliceRecruitment,One-Hit Wonder,2.93,6,3921025,2.65,0,0,,,5.94,Emerging,2026-05-02 19:46:02
1423,5a36fb1447b97a68c423cc67981858c8,Tide,One-Hit Wonder,4.88,10,39538681,2.212,0,0,,,5.93,Emerging,2026-05-02 19:46:02
1423,eef116dbb0720349f3677dd9d3e78563,BeckVEVO,One-Hit Wonder,3.41,7,2386317,2.539,0,0,,,5.93,Emerging,2026-05-02 19:46:02
1423,86408593c34af77fdd90df932f8b5261,Function,One-Hit Wonder,3.41,7,344879,2.539,0,0,,,5.93,Emerging,2026-05-02 19:46:02
1423,0f29213743c4b833fbc210604a4f5648,TimandFaithVEVO,One-Hit Wonder,2.44,5,254519,2.754,0,0,,,5.93,Emerging,2026-05-02 19:46:02
1423,3ea4e76eabb43f17de0d11c6c629b760,iDB,One-Hit Wonder,0.98,2,8436,3.079,0,0,,,5.93,Emerging,2026-05-02 19:46:02
1428,75b06e1ba10b44433c9a17190be65581,ABCNewsAustralia,Occasional,12.2,25,123714373,0.571,0,0,,,5.91,Emerging,2026-05-02 19:46:02
1428,f6b61d671e9a1036371a6e7ab4664db2,UFCONFOX,Occasional,12.2,25,23423234,0.573,0,0,,,5.91,Emerging,2026-05-02 19:46:02
1430,7380f409ebb89a053fbd4157a3c9e816,monatheband,One-Hit Wonder,0.98,2,296708,3.061,0,0,,,5.9,Emerging,2026-05-02 19:46:02
1431,5339df5d361503e09a18178ed9a0ab2a,FightHypecom,Occasional,8.78,18,2680141,1.32,0,0,,,5.89,Emerging,2026-05-02 19:46:02
1432,fd539ca17a17132049c4fef4619df638,Spotify,One-Hit Wonder,4.39,9,2261008,2.292,0,0,,,5.88,Emerging,2026-05-02 19:46:02
1433,8b04ad9dc504a38acf6e1467697b839a,EvaLundeBentley,One-Hit Wonder,3.9,8,2671536,2.394,0,0,,,5.87,Emerging,2026-05-02 19:46:02
1434,b9348fb9a8d470ed10790511044d8a5b,MLive,Occasional,7.8,16,17672778,1.52,0,0,,,5.86,Emerging,2026-05-02 19:46:02
1434,943a15d17ad89516412f2a052a581d64,KeithUrban,One-Hit Wonder,2.93,6,1962651,2.605,0,0,,,5.86,Emerging,2026-05-02 19:46:02
1436,a8e53f6b10930594583e61d9b0fb99c7,YoutubeTea,One-Hit Wonder,3.9,8,413650,2.38,0,0,,,5.84,Emerging,2026-05-02 19:46:02
1437,67c8120756075f442af6321c52bc565c,ABCActionNews,Occasional,9.27,19,15050755,1.166,0,0,,,5.81,Emerging,2026-05-02 19:46:02
1437,f2f5e3a5abcde5d02395dcf8922b7109,StarWarsHQ,One-Hit Wonder,1.95,4,603859,2.794,0,0,,,5.81,Emerging,2026-05-02 19:46:02
1439,c77494f147f69d421a0d6d98cb22bcf4,LosAngelesTimes,One-Hit Wonder,4.88,10,256597,2.14,0,0,,,5.8,Emerging,2026-05-02 19:46:02
1439,bb4f438cc824e2e712daf017829a022b,JustJaredJr,One-Hit Wonder,4.39,9,1881672,2.248,0,0,,,5.8,Emerging,2026-05-02 19:46:02
1441,704406c23f0ce33c24d7d6a1859a6a3f,BeAmazed,One-Hit Wonder,2.44,5,350207,2.674,0,0,,,5.79,Emerging,2026-05-02 19:46:02
1441,6ac20b105bbc3255d1f91149ab210f42,SRTrailersandInterviews,One-Hit Wonder,1.95,4,81445,2.782,0,0,,,5.79,Emerging,2026-05-02 19:46:02
1443,7026b156cea58e9dc82a712c115c8f29,TheNewYorker,Occasional,11.22,23,163610853,0.72,0,0,,,5.78,Emerging,2026-05-02 19:46:02
1443,e7148a2c004819743e46aabfab84a9bb,WEtv,Occasional,6.34,13,361732,1.802,0,0,,,5.78,Emerging,2026-05-02 19:46:02
1443,9e75666bbcc8e0f224c45b5b11f8a94d,StoryCorps,One-Hit Wonder,2.44,5,162346,2.67,0,0,,,5.78,Emerging,2026-05-02 19:46:02
1446,697d123e53099778be93b1389ebeed13,camelsandfriends,Occasional,10.24,21,88564793,0.932,0,0,,,5.77,Emerging,2026-05-02 19:46:02
1447,3ef2decf2427f64c23f2b139730ab5f1,MiddleKidsVEVO,One-Hit Wonder,0.98,2,32433,2.971,0,0,,,5.74,Emerging,2026-05-02 19:46:02
1448,88dc22720c1e34d529a4b71f2ced223b,AlmazanKitchen,One-Hit Wonder,0.98,2,291454,2.966,0,0,,,5.73,Emerging,2026-05-02 19:46:02
1448,2d7d37e7eb8ce7b4a92add961fd4974a,JarJarAbrams,One-Hit Wonder,0.49,1,643117,3.077,0,0,,,5.73,Emerging,2026-05-02 19:46:02
1450,d5404ed7ce849ea1a3dd4c105371c12b,MoulinRougetheMusical,One-Hit Wonder,4.88,10,3283729,2.095,0,0,,,5.72,Emerging,2026-05-02 19:46:02
1451,7d0cc7b5a0b1de0eb37a3ed0aeea2aa2,SupremeSounds,One-Hit Wonder,0.98,2,1044035,2.956,0,0,,,5.71,Emerging,2026-05-02 19:46:02
1452,2bda3883f0ee3aeffa693aeec82c42e5,BenPluimer,Occasional,6.34,13,42801449,1.657,0.49,0,4086889,10,5.67,Emerging,2026-05-02 19:46:02
1453,7776bdd8ee88af476d68b80ab34fb8f6,HuwParkinson,One-Hit Wonder,2.93,6,82573,2.493,0,0,,,5.66,Emerging,2026-05-02 19:46:02
1454,6c5b329802d2bc70aef36af1a92687e2,TwinShadow,One-Hit Wonder,2.44,5,182815,2.595,0,0,,,5.65,Emerging,2026-05-02 19:46:02
1455,8ac9c74f04e5fade80642db28f160200,ChrisYoungVEVO,Occasional,7.8,16,9740916,1.4,0,0,,,5.64,Emerging,2026-05-02 19:46:02
1455,2090a83c2d5c3833d556e01c89fa1433,TraceCyrus,One-Hit Wonder,3.9,8,2066333,2.269,0,0,,,5.64,Emerging,2026-05-02 19:46:02
1457,5ddb9e793d4cb0b122aa96940a3eeff7,KaceyMusgravesTopic,Occasional,5.37,11,1188840,1.936,0,0,,,5.63,Emerging,2026-05-02 19:46:02
1458,0af8822f7a624901146dbb903cf898c8,TheWendyWilliamsShow,Occasional,7.32,15,8645563,1.494,0,0,,,5.62,Emerging,2026-05-02 19:46:02
1458,d37916f9ed1c3eec625b35594c8b89e9,PeopleTV,Occasional,5.85,12,1438792,1.823,0,0,,,5.62,Emerging,2026-05-02 19:46:02
1458,30dcb7045893838b1da136571f3d2f35,MountainDew,One-Hit Wonder,0.98,2,721569,2.904,0,0,,,5.62,Emerging,2026-05-02 19:46:02
1461,d7a056b10815fa5882fcc4df36c33854,VICELAND,Occasional,5.85,12,11409373,1.818,0,0,,,5.61,Emerging,2026-05-02 19:46:02
1462,7b9e949e5f4425d9319a1d9466e93618,FOXSports,Occasional,10.24,21,3328895,0.834,0,0,,,5.6,Emerging,2026-05-02 19:46:02
1463,ce86d7d02a229acfaca4b63f01a1171b,matt,One-Hit Wonder,3.9,8,6110345,2.237,0,0,,,5.59,Emerging,2026-05-02 19:46:02
1464,b459695bc26d559f1e76b5ca8bf4d09c,CarrieUnderwood,Occasional,7.8,16,41806753,1.368,0,0,,,5.58,Emerging,2026-05-02 19:46:02
1465,7db848a1fa1b348364a6f7d980d78ee8,MTVInternational,One-Hit Wonder,2.93,6,1969687,2.444,0,0,,,5.57,Emerging,2026-05-02 19:46:02
1465,32b7239ac7895495790e538663852d56,DrMachakil,One-Hit Wonder,1.46,3,77798,2.769,0,0,,,5.57,Emerging,2026-05-02 19:46:02
1467,5346682d948cc3f683635b6918f9b3d0,KFC,One-Hit Wonder,3.41,7,3225221,2.331,0,0,,,5.56,Emerging,2026-05-02 19:46:02
1468,14253114106e501cfcf45c9a41600b4b,PittsburghDad,One-Hit Wonder,2.93,6,1302909,2.423,0,0,,,5.53,Emerging,2026-05-02 19:46:02
1468,a1053c4f69a1cd502ec77579f1ac68cb,ToScale,One-Hit Wonder,2.93,6,1288270,2.422,0,0,,,5.53,Emerging,2026-05-02 19:46:02
1470,d3e50c3b366f5d4a099904fb7d77b66c,MLB,Occasional,9.76,20,20671345,0.891,0,0,,,5.51,Emerging,2026-05-02 19:46:02
1470,d6c462030fca420f6fc77a4deb5f5d1b,DaveHax,Occasional,8.29,17,20292643,1.217,0,0,,,5.51,Emerging,2026-05-02 19:46:02
1470,7135569fa44b7d42b509adda5877b6be,CamVEVO,One-Hit Wonder,4.39,9,2507442,2.087,0,0,,,5.51,Emerging,2026-05-02 19:46:02
1470,f3b4767886e3a2ad380426a4a6391e9c,JohnnyQ90,One-Hit Wonder,2.44,5,487665,2.52,0,0,,,5.51,Emerging,2026-05-02 19:46:02
1474,f403168270aba9242cef7f47538b367a,Jeopardy,Occasional,10.24,21,24861087,0.78,0,0,,,5.5,Emerging,2026-05-02 19:46:02
1475,79ceafee58f79707f7b736e1a16d2808,Mrwhosetheboss,One-Hit Wonder,1.46,3,2730387,2.724,0,0,,,5.49,Emerging,2026-05-02 19:46:02
1475,046a11ade8e23213ca2bcd444a42c8ea,BrothersGreenEats,One-Hit Wonder,0.49,1,77630,2.94,0,0,,,5.49,Emerging,2026-05-02 19:46:02
1477,2e9e161da60e2208b0442042fa62d373,nothorwitzer,One-Hit Wonder,3.9,8,317049,2.179,0,0,,,5.48,Emerging,2026-05-02 19:46:02
1477,40a15f1624a870b6c74e315dd09f8ceb,PhakeNam,One-Hit Wonder,3.41,7,864560,2.284,0,0,,,5.48,Emerging,2026-05-02 19:46:02
1479,972a9b32853b2ac6e78a34193bf1c088,PieceOfMeTourPlanetHollywood,One-Hit Wonder,3.9,8,3206710,2.172,0,0,,,5.47,Emerging,2026-05-02 19:46:02
1480,7f9ede86e4bc23501ede96f1c23f192b,mmschocolate,Occasional,7.32,15,4856227,1.409,0,0,,,5.46,Emerging,2026-05-02 19:46:02
1480,5ee52026a704332d70d930a720348193,Oscars,One-Hit Wonder,3.9,8,11704560,2.169,0,0,,,5.46,Emerging,2026-05-02 19:46:02
1482,7ddf961bfa9275c2054f28adccc8ab56,Freeform,One-Hit Wonder,0.49,1,7978,2.921,0,0,,,5.45,Emerging,2026-05-02 19:46:02
1483,e97b5d974c95e5e34568a582f3d5d9b6,AnthemGame,One-Hit Wonder,2.44,5,10823557,2.48,0,0,,,5.44,Emerging,2026-05-02 19:46:02
1484,ebaccf6eca1e6fba4b7791a791cbf5e9,VicDibitetto,One-Hit Wonder,1.95,4,753604,2.573,0,0,,,5.41,Emerging,2026-05-02 19:46:02
1484,091177cf806c409282db3bc79832b16d,Hollyscoop,One-Hit Wonder,1.46,3,79137,2.68,0,0,,,5.41,Emerging,2026-05-02 19:46:02
1486,ef77d1efa1272980c3429102fe5d7249,BleeckerStreet,Occasional,10.73,22,43264804,0.374,1.46,0,4485375,7,5.4,Emerging,2026-05-02 19:46:02
1486,532d3dccfa720078095ca0ec7b8261bb,UnechtErfunden,Occasional,7.32,15,8691274,1.374,0,0,,,5.4,Emerging,2026-05-02 19:46:02
1486,7f39ac71e81132daad44925b3bdfde5a,NW,One-Hit Wonder,4.88,10,2819916,1.914,0,0,,,5.4,Emerging,2026-05-02 19:46:02
1486,b631fbd4efaec7c522654d67267a621a,Steeper33,One-Hit Wonder,1.46,3,201706,2.675,0,0,,,5.4,Emerging,2026-05-02 19:46:02
1490,b7c5b3cea190e86238eccdc4ee5daf5c,Olympic,Occasional,8.29,17,5390310,1.151,0,0,,,5.39,Emerging,2026-05-02 19:46:02
1490,f8cb39e509a644f1343a1153408264a0,DougEllison,Occasional,6.34,13,23832561,1.587,0,0,,,5.39,Emerging,2026-05-02 19:46:02
1490,cdeb1427dc57bb3726bdeb69e4850d03,SpinachDippa,One-Hit Wonder,0.98,2,111661,2.774,0,0,,,5.39,Emerging,2026-05-02 19:46:02
1493,18b9e7075781f482a3f88cae5ac39b8e,DisneyParks,Occasional,9.76,20,2676627,0.821,0,0,,,5.38,Emerging,2026-05-02 19:46:02
1493,85b5d481b5cb2e1069c3e4e056555c2e,PopSportsHQ,One-Hit Wonder,0.49,1,305899,2.878,0,0,,,5.38,Emerging,2026-05-02 19:46:02
1495,f1737ba64e9ad803edcb8cb961713e6f,Empire,One-Hit Wonder,1.46,3,73730,2.652,0,0,,,5.36,Emerging,2026-05-02 19:46:02
1496,ba13c8a1104fe9dd5d9152d82aa3cb74,AIAawards,One-Hit Wonder,3.41,7,558585,2.213,0,0,,,5.35,Emerging,2026-05-02 19:46:02
1497,8cfac2d66a8a02b29001418208c1b5e1,DeepLook,Occasional,7.32,15,14884759,1.333,0,0,,,5.33,Emerging,2026-05-02 19:46:02
1497,1506dfdb9a425e99d49e777483775cfe,ENews,Occasional,7.32,15,378952,1.335,0,0,,,5.33,Emerging,2026-05-02 19:46:02
1499,c08f57ee1ba1d976ba62b6e758bc36a7,BeyondSlowMotion,One-Hit Wonder,0.49,1,12468,2.839,0,0,,,5.31,Emerging,2026-05-02 19:46:02
1500,1d10de1ef758a503df842f402f0d8029,Jalopnik,One-Hit Wonder,2.44,5,234387,2.403,0,0,,,5.3,Emerging,2026-05-02 19:46:02
1500,d0c01d79e35d1db9fa0efff90aec5f68,UbisoftNorthAmerica,One-Hit Wonder,0.98,2,1593483,2.727,0,0,,,5.3,Emerging,2026-05-02 19:46:02
1502,13049b8754d1f930dd770f893e2d25a7,NASAGoddard,Occasional,7.32,15,16824471,1.308,0,0,,,5.28,Emerging,2026-05-02 19:46:02
1503,14cbcf095e72902e80938f6a021a176c,Looper,Occasional,6.34,13,11484255,1.518,0,0,,,5.27,Emerging,2026-05-02 19:46:02
1504,333ac94a0402811b57f6ef4e5a0969f8,AltosAdventure,One-Hit Wonder,3.41,7,1025636,2.157,0,0,,,5.25,Emerging,2026-05-02 19:46:02
1504,58df93db90b59b56077f0c6a679c3c1f,BAFTA,One-Hit Wonder,2.44,5,133203,2.376,0,0,,,5.25,Emerging,2026-05-02 19:46:02
1506,b5860b171e192cb6649989ee1bc42ec3,WXYZTVDetroitChannel7,One-Hit Wonder,3.41,7,4545273,2.147,0,0,,,5.23,Emerging,2026-05-02 19:46:02
1507,047ea820ce826519e2ec2741c4b262d7,ScottyMcCreeryVEVO,One-Hit Wonder,3.41,7,1152025,2.144,0,0,,,5.22,Emerging,2026-05-02 19:46:02
1508,40447753f1052e83b15f6316d5e75446,CBSSundayMorning,Occasional,5.85,12,3450547,1.588,0,0,,,5.2,Emerging,2026-05-02 19:46:02
1508,6dc95daea09b19d147f757746073c7b2,ItsaSouthernThing,One-Hit Wonder,2.93,6,1572514,2.237,0,0,,,5.2,Emerging,2026-05-02 19:46:02
1508,82dcec779cf5d97f319a8310b72ed64d,DonutMedia,One-Hit Wonder,1.95,4,482313,2.458,0,0,,,5.2,Emerging,2026-05-02 19:46:02
1511,39caf1bbef7754155a5527184ed694f9,NASAJetPropulsionLaboratory,Occasional,7.8,16,10006275,1.149,0,0,,,5.19,Emerging,2026-05-02 19:46:02
1512,ed10c8bdb2ec512923af06fd0d33fa49,BethanyWilhelm,Occasional,5.85,12,17674210,1.58,0,0,,,5.18,Emerging,2026-05-02 19:46:02
1512,cd375f38f54e7e6769e74b1e3ca57a33,TheAtlantic,Occasional,5.37,11,400933,1.684,0,0,,,5.18,Emerging,2026-05-02 19:46:02
1514,7b3bfc8d029ea3e5633d033ab6917947,slaymeclarksonc,One-Hit Wonder,3.9,8,1282029,1.998,0,0,,,5.16,Emerging,2026-05-02 19:46:02
1514,b4eb90b379513a7562910a42334818b9,thegameawards,One-Hit Wonder,2.93,6,8454016,2.216,0,0,,,5.16,Emerging,2026-05-02 19:46:02
1514,51dfd06ce155f4dd3a5977c5fb03a315,FiftyShades,One-Hit Wonder,1.46,3,5697328,2.543,0,0,,,5.16,Emerging,2026-05-02 19:46:02
1514,a5dd1aa79074303944c1aadfc0dc55ac,WhitneyPort,One-Hit Wonder,0.49,1,55398,2.758,0,0,,,5.16,Emerging,2026-05-02 19:46:02
1518,4fbef7f90cfbb6f8bd52d0753a5088e4,WhistleSports,Occasional,5.85,12,32007446,1.56,0,0,,,5.15,Emerging,2026-05-02 19:46:02
1518,a67e623a1a0c6f5ec88a66030070afc2,TopKoreanNews,One-Hit Wonder,3.9,8,1876334,1.997,0,0,,,5.15,Emerging,2026-05-02 19:46:02
1518,b54b60bf9af470a2c9f22690f6568566,KipMooreVEVO,One-Hit Wonder,2.93,6,857590,2.212,0,0,,,5.15,Emerging,2026-05-02 19:46:02
1518,d36b9f9000c062dd7a38f4be9c1b1b91,TimGray,One-Hit Wonder,2.44,5,1013352,2.317,0,0,,,5.15,Emerging,2026-05-02 19:46:02
1522,9461cd71b44420aa1d0e6487f1b7bb60,Legendary,One-Hit Wonder,3.41,7,37558556,1.607,2.93,0,6009741,8,5.14,Emerging,2026-05-02 19:46:02
1522,3fdd99f53a3bf578cdf16c5e88b2493d,RealWorldRecords,One-Hit Wonder,1.95,4,66888,2.422,0,0,,,5.14,Emerging,2026-05-02 19:46:02
1524,8768361d96f8752dfe2ea96fab4cf09b,BBCMusic,One-Hit Wonder,1.46,3,3293506,2.526,0,0,,,5.13,Emerging,2026-05-02 19:46:02
1525,5a21891a3e4ec571e1b07c62ec949455,BenActis,One-Hit Wonder,3.9,8,10455839,1.975,0,0,,,5.12,Emerging,2026-05-02 19:46:02
1525,d12c1c748a3581297f567995d3476656,OneListOneLife,One-Hit Wonder,2.93,6,241520,2.192,0,0,,,5.12,Emerging,2026-05-02 19:46:02
1527,72e292b67aa5363f35a971284e4cee96,Shyrynne,One-Hit Wonder,0.49,1,1035381,2.728,0,0,,,5.11,Emerging,2026-05-02 19:46:02
1528,6bc28252c14133d21331dc54856c1797,GoogleDevelopers,Occasional,7.32,15,43362746,1.204,0,0,,,5.1,Emerging,2026-05-02 19:46:02
1529,bec7945f447571604832c24f06dd70b6,PBComps,One-Hit Wonder,2.93,6,3038266,2.171,0,0,,,5.08,Emerging,2026-05-02 19:46:02
1529,2e3f61fe633524eb7533fd4dd231f637,dope2111,One-Hit Wonder,1.95,4,6915252,2.389,0,0,,,5.08,Emerging,2026-05-02 19:46:02
1531,c0a078b77d8c80449fa142dc709a8b23,DisneylandExperience,One-Hit Wonder,1.46,3,28303,2.492,0,0,,,5.07,Emerging,2026-05-02 19:46:02
1532,a03451e023c92d6020192c293bc7976a,mvtias,One-Hit Wonder,1.46,3,383216,2.481,0,0,,,5.05,Emerging,2026-05-02 19:46:02
1533,a566df78b30d56fb1e8418723d4fd568,JOEie,Occasional,6.34,13,5954363,1.39,0,0,,,5.04,Emerging,2026-05-02 19:46:02
1533,77f3f2bbb4187a34060eee98daa02c45,BBALLBREAKDOWN,One-Hit Wonder,2.44,5,1265138,2.258,0,0,,,5.04,Emerging,2026-05-02 19:46:02
1535,9aa545d6149f966d0c59d364eec21bf7,News5Cleveland,Occasional,5.85,12,13229181,1.497,0,0,,,5.03,Emerging,2026-05-02 19:46:02
1535,2d5446387b0431a04d3d8f9bafb60918,DreamWorksTV,One-Hit Wonder,2.93,6,30950233,2.141,0,0,,,5.03,Emerging,2026-05-02 19:46:02
1537,9bdcb327ddaeb5b058fd5744bde2c57e,MajorLeagueSoccer,Occasional,6.34,13,57886185,1.375,0,0,,,5.01,Emerging,2026-05-02 19:46:02
1537,92e5cf9f0dcba90e7897e025a544cc9a,BlurredCulture,One-Hit Wonder,2.93,6,1005042,2.132,0,0,,,5.01,Emerging,2026-05-02 19:46:02
1537,e964a34ce386b18349e96e1fb9a82c1b,FaeryInLoveInc,One-Hit Wonder,1.95,4,226629,2.351,0,0,,,5.01,Emerging,2026-05-02 19:46:02
1540,bec290a698681e6ba218f8a688a2d709,ChillyWilly,One-Hit Wonder,3.9,8,13124922,1.912,0,0,,,5,Emerging,2026-05-02 19:46:02
1541,852dcd38fb871cc1bbb15d1364d3817e,ThemeParkReview,Occasional,5.37,11,961799,1.58,0,0,,,4.99,Emerging,2026-05-02 19:46:02
1542,1d1c1b37863a1fa802c754e7cea71847,ignoramusky,Occasional,6.83,14,5343886,1.247,0,0,,,4.98,Emerging,2026-05-02 19:46:02
1542,e49512235b7c3f24df4fc39a7ba4f0d8,TMZSports,Occasional,5.37,11,9122816,1.573,0,0,,,4.98,Emerging,2026-05-02 19:46:02
1542,af654b383ce86874a2daafc1a282195e,AmandaMoorCraftIdeas,One-Hit Wonder,1.95,4,64719,2.333,0,0,,,4.98,Emerging,2026-05-02 19:46:02
1545,09625c156f5e01d219e8daa1c0671052,ELLEUKTV,One-Hit Wonder,3.41,7,3091426,2.005,0,0,,,4.97,Emerging,2026-05-02 19:46:02
1545,207765cd44f2aba38f8eccabcf8e312e,Shmee150,One-Hit Wonder,1.95,4,1528667,2.325,0,0,,,4.97,Emerging,2026-05-02 19:46:02
1547,2d4fa757d53423deb8e7cc84ee431a3b,MagnoliaPicturesMagnetReleasing,Occasional,8.29,17,3330261,0.906,0,0,,,4.95,Emerging,2026-05-02 19:46:02
1548,25eea709838adcf6cfa687b3debf02eb,TheCuddleSquad,One-Hit Wonder,4.39,9,634593,1.764,0,0,,,4.93,Emerging,2026-05-02 19:46:02
1548,43b022f2d880f688cd36a95b5b55123a,GuinnessWorldRecords,One-Hit Wonder,0.49,1,28539,2.631,0,0,,,4.93,Emerging,2026-05-02 19:46:02
1550,ed8f585f62cf3201342c060dac642ce3,IFC,One-Hit Wonder,3.9,8,1189632,1.864,0,0,,,4.92,Emerging,2026-05-02 19:46:02
1551,f74f953d3cac41cb1841bd9681f50f26,OKGo,One-Hit Wonder,3.41,7,41183174,1.474,2.93,0.98,6427472,5.5,4.9,Emerging,2026-05-02 19:46:02
1552,b0f07da94ded671ce8bca1c1c20d4dd1,AustralianOpenTV,Occasional,8.29,17,9035474,0.873,0,0,,,4.89,Emerging,2026-05-02 19:46:02
1552,20818698f35e95881e8ec41ce2bd5102,Shade45,One-Hit Wonder,3.9,8,1927753,1.852,0,0,,,4.89,Emerging,2026-05-02 19:46:02
1552,2a0af972b0496a92567c19eef5272579,DougJonesforSenate,One-Hit Wonder,3.9,8,893385,1.852,0,0,,,4.89,Emerging,2026-05-02 19:46:02
1555,b4592c88ce34bc463826a54352c5b764,MercedesBenz,One-Hit Wonder,0.98,2,82801,2.488,0,0,,,4.87,Emerging,2026-05-02 19:46:02
1555,793514409cd3a793594b74f506b884c6,Lamborghini,One-Hit Wonder,0.98,2,43585,2.488,0,0,,,4.87,Emerging,2026-05-02 19:46:02
1557,8c44666aa32d9ce818a4dff7c11b2c15,FOODINSIDER,Occasional,6.83,14,23971240,1.183,0,0,,,4.86,Emerging,2026-05-02 19:46:02
1558,8ce7de2734df30a42fced8dbf746f1b9,WouldntChangeaThing,One-Hit Wonder,4.88,10,33064622,1.61,0,0,,,4.85,Emerging,2026-05-02 19:46:02
1558,6a4a93802990b0956d4db89e34dd7c37,StanDrawsSpaceships,One-Hit Wonder,1.95,4,668487,2.262,0,0,,,4.85,Emerging,2026-05-02 19:46:02
1560,2eaf9ccc62c73712c037194b9b9651f9,taalkcom,One-Hit Wonder,1.46,3,3757,2.365,0,0,,,4.84,Emerging,2026-05-02 19:46:02
1561,e4684242d191020db032d4b663246fdd,XenonJohn,One-Hit Wonder,4.39,9,445768,1.705,0,0,,,4.83,Emerging,2026-05-02 19:46:02
1561,c3cd32e83d50dcc326cbe313e47a95dc,EASPORTS,One-Hit Wonder,2.44,5,3963227,2.141,0,0,,,4.83,Emerging,2026-05-02 19:46:02
1563,8d13294647dcae68cf7cfb6643b356c4,ChrisTurner,One-Hit Wonder,3.41,7,2791032,1.916,0,0,,,4.81,Emerging,2026-05-02 19:46:02
1563,2fdbfa58bf1ca03706e4adcebf86bf75,TheOfficeUS,One-Hit Wonder,1.46,3,642444,2.347,0,0,,,4.81,Emerging,2026-05-02 19:46:02
1565,371e2db06e2d93e3948e25631590fc85,Newsflare,One-Hit Wonder,2.93,6,1813073,2.016,0,0,,,4.8,Emerging,2026-05-02 19:46:02
1566,ed5c1434ce8c4362360cf200a408a6a3,GoDucksdotcom,One-Hit Wonder,0.98,2,1391,2.445,0,0,,,4.79,Emerging,2026-05-02 19:46:02
1567,fb7567bb9690ef896024b9c94cdca0a3,FoxSearchlight,Occasional,6.83,14,8425103,1.121,0,0,,,4.75,Emerging,2026-05-02 19:46:02
1567,8b8509cc04613ad6fa76d26025d1996a,TheOrchardMovies,One-Hit Wonder,4.88,10,3136894,1.554,0,0,,,4.75,Emerging,2026-05-02 19:46:02
1567,94f6b9e06045d4bb0d2cf09bd018ad92,UniqueVibes,One-Hit Wonder,2.44,5,94323,2.094,0,0,,,4.75,Emerging,2026-05-02 19:46:02
1570,f268d97f574ca2c5381acc1ded12844a,SPORTSNET,Occasional,8.29,17,2465357,0.79,0,0,,,4.74,Emerging,2026-05-02 19:46:02
1570,a0fc1ad7604b28bfcae173e2eb047287,SufficientlyAdvanced,One-Hit Wonder,3.9,8,2348034,1.765,0,0,,,4.74,Emerging,2026-05-02 19:46:02
1572,746df63c16f7372e0f08a2979aac3c4c,RedlineReviews,One-Hit Wonder,1.95,4,454709,2.196,0,0,,,4.73,Emerging,2026-05-02 19:46:02
1572,cc6b8e64f213bfd6c79a9ca7e136cc7a,PopularWoodworking,One-Hit Wonder,1.95,4,191448,2.193,0,0,,,4.73,Emerging,2026-05-02 19:46:02
1574,8c256f3cc981294830775dce896f31da,Maymo,One-Hit Wonder,4.39,9,14521677,1.649,0,0,,,4.72,Emerging,2026-05-02 19:46:02
1574,6bb51908aa8d368bfa377bcc535a0a6c,NitroV2,One-Hit Wonder,2.93,6,524217,1.972,0,0,,,4.72,Emerging,2026-05-02 19:46:02
1574,8ab49281d32ab29149d1ffd38a0f9837,NowThisWorld,One-Hit Wonder,2.44,5,3513639,2.082,0,0,,,4.72,Emerging,2026-05-02 19:46:02
1577,c2f391ce8dd111d64927e162f11244cc,BusinessInsiderUK,Occasional,6.34,13,593058,1.205,0,0,,,4.71,Emerging,2026-05-02 19:46:02
1577,fba6f029f22bfb0d32e6f9d7ba3530b7,LandRover,One-Hit Wonder,3.41,7,14019124,1.857,0,0,,,4.71,Emerging,2026-05-02 19:46:02
1577,a7249f666d7cbc762e6ce9d469f76c88,HouzzTV,One-Hit Wonder,3.41,7,3003540,1.861,0,0,,,4.71,Emerging,2026-05-02 19:46:02
1577,2d693a1b11dedb74039fca181d98a985,EntertainmentWeekly,One-Hit Wonder,2.93,6,21321,1.965,0,0,,,4.71,Emerging,2026-05-02 19:46:02
1581,3937e9469cb29715094aaf1b2390c457,MattBentkowski,Occasional,7.32,15,46887692,0.98,0,0,,,4.69,Emerging,2026-05-02 19:46:02
1582,8efd99a90851f9825edbba37057667fa,CalvinKlein,Occasional,5.85,12,55848828,0.891,2.44,0.98,11019311,4,4.68,Emerging,2026-05-02 19:46:02
1582,2b5049cbe1903a13aa50fd69ec0cb4b2,DawidSzmandra,One-Hit Wonder,3.9,8,2324333,1.736,0,0,,,4.68,Emerging,2026-05-02 19:46:02
1582,e842683ec42e97df30d6ce80d1d47f2e,JnIlavsk,One-Hit Wonder,1.95,4,3281173,2.165,0,0,,,4.68,Emerging,2026-05-02 19:46:02
1585,3dee48c102a40b8157f9d4b8fc0986a8,TrailersPromosTeasers,Occasional,6.83,14,1651713,1.074,0,0,,,4.67,Emerging,2026-05-02 19:46:02
1585,7bb352e63a94df23c1a44ca4b1df400b,WhatCultureWrestling,One-Hit Wonder,2.93,6,2226514,1.942,0,0,,,4.67,Emerging,2026-05-02 19:46:02
1585,74bd6c409f5bfee0ba0d79b79d1408b3,Peloton,One-Hit Wonder,2.44,5,495919,2.05,0,0,,,4.67,Emerging,2026-05-02 19:46:02
1588,f00925104a28192964c01ac8e980c799,ESPNUK,One-Hit Wonder,4.39,9,12155968,1.607,0,0,,,4.65,Emerging,2026-05-02 19:46:02
1589,4d2ea3c941dbcd34af1c69485fd5dda3,Pepsi,Occasional,5.37,11,17501532,1.305,0.49,0,4077280,9,4.64,Emerging,2026-05-02 19:46:02
1590,cf75ae5fb13602ce5010b9bf55afc0f7,Kotaku,One-Hit Wonder,2.93,6,684418,1.914,0,0,,,4.62,Emerging,2026-05-02 19:46:02
1591,996861d614fe5231119a9accc89efb2e,LoeyLane,One-Hit Wonder,3.41,7,1716674,1.804,0,0,,,4.61,Emerging,2026-05-02 19:46:02
1591,2922e24a6c7c2bf4b099bbae3b826c77,AnimalPlanet,One-Hit Wonder,3.41,7,1418374,1.802,0,0,,,4.61,Emerging,2026-05-02 19:46:02
1593,e14fa369470035d46923c4994346efea,littlerobotgirl,One-Hit Wonder,4.39,9,7167019,1.581,0,0,,,4.6,Emerging,2026-05-02 19:46:02
1594,380cdc921a8456a69a2351fabfb3c908,TurboTax,Occasional,5.37,11,4370697,1.356,0,0,,,4.59,Emerging,2026-05-02 19:46:02
1595,74613571872810eaf56ff880dfa1e485,ITV,One-Hit Wonder,4.88,10,2988445,1.459,0,0,,,4.58,Emerging,2026-05-02 19:46:02
1595,71df4e70719be60e1d56394cf1c51bd4,GwenStefaniVEVO,One-Hit Wonder,2.93,6,1414601,1.894,0,0,,,4.58,Emerging,2026-05-02 19:46:02
1595,b77e66880bd5b1b076d89d4ae2c199d4,BruceLand,One-Hit Wonder,2.93,6,500381,1.894,0,0,,,4.58,Emerging,2026-05-02 19:46:02
1598,bd820dcfb0e80499a265768d07bf00cf,McDonalds,Occasional,8.29,17,22941265,0.696,0,0,,,4.57,Emerging,2026-05-02 19:46:02
1598,618f08ac8f79066ac2876cc02b615ee5,Technomanila,One-Hit Wonder,2.93,6,197714,1.885,0,0,,,4.57,Emerging,2026-05-02 19:46:02
1598,e4ad5e72257232636269744e1743b4cb,KerryWong,One-Hit Wonder,1.46,3,10247,2.216,0,0,,,4.57,Emerging,2026-05-02 19:46:02
1601,68c735ed147e03ed05e2cf40341c6369,DopeBoyTroy,One-Hit Wonder,2.44,5,83768,1.982,0,0,,,4.54,Emerging,2026-05-02 19:46:02
1601,028859072d6725ec3b3e1f85a0046da4,NathanRobinson,One-Hit Wonder,1.95,4,1067078,2.089,0,0,,,4.54,Emerging,2026-05-02 19:46:02
1601,0280d8e6daff700da39edfbc74a15981,Billions,One-Hit Wonder,1.95,4,804500,2.091,0,0,,,4.54,Emerging,2026-05-02 19:46:02
1604,88b93be7016bd70495505d7ed46f81c8,MaccabeatsVideos,One-Hit Wonder,2.93,6,922695,1.861,0,0,,,4.52,Emerging,2026-05-02 19:46:02
1604,84810e334ec07f3e0556f58e82941f03,LaneAnderson,One-Hit Wonder,1.46,3,1679819,2.187,0,0,,,4.52,Emerging,2026-05-02 19:46:02
1606,332e685621934ab6b5ed9de0553547c6,CrowsEyeProductions,One-Hit Wonder,2.44,5,2122761,1.966,0,0,,,4.51,Emerging,2026-05-02 19:46:02
1607,1f4aec5e332eec33e7854f3156816517,SnekTek,One-Hit Wonder,1.46,3,204398,2.178,0,0,,,4.5,Emerging,2026-05-02 19:46:02
1608,7cd6249ca667b1e253bdda924ad9e152,MrTreknation,One-Hit Wonder,3.41,7,1181377,1.734,0,0,,,4.49,Emerging,2026-05-02 19:46:02
1609,f88f2bc966f4531fa42038640c62e5db,KBAKKBFXEyewitnessNewsBakersfieldNow,One-Hit Wonder,3.9,8,8080063,1.622,0,0,,,4.48,Emerging,2026-05-02 19:46:02
1610,7e2426921aa9fb37ef71d3cd54b86efe,WildTurkeyBourbon,One-Hit Wonder,3.9,8,715119,1.618,0,0,,,4.47,Emerging,2026-05-02 19:46:02
1610,66e275a43ddafbd2df48af48b77dfa74,ChrisRosa,One-Hit Wonder,2.44,5,14377600,1.778,0.98,0,2884108,10,4.47,Emerging,2026-05-02 19:46:02
1610,ad6f37c4c2ae8e63db52f61378769c2f,ZachSimmons,One-Hit Wonder,2.44,5,291189,1.943,0,0,,,4.47,Emerging,2026-05-02 19:46:02
1613,75ed95a96342def8d7709c26f5cc1606,JohnnyJansen,Occasional,5.37,11,3564086,1.286,0,0,,,4.46,Emerging,2026-05-02 19:46:02
1614,855898c47b1243746544797651d91d28,MarcosHoracio,One-Hit Wonder,1.95,4,35332,2.038,0,0,,,4.45,Emerging,2026-05-02 19:46:02
1615,8ca948356d4af244bca7526bb0ba0015,FOX17WXMI,Occasional,7.32,15,31903521,0.839,0,0,,,4.44,Emerging,2026-05-02 19:46:02
1615,f2f7eef099580b9ea8c00e7edc854e14,RecordingAcademyGRAMMYs,One-Hit Wonder,3.41,7,7054634,1.71,0,0,,,4.44,Emerging,2026-05-02 19:46:02
1615,009dc003bcf6ca453b1411fd0e1bd653,AsthmaticKittyRecords,One-Hit Wonder,2.93,6,1839807,1.816,0,0,,,4.44,Emerging,2026-05-02 19:46:02
1618,8f116d732e1e5aa66ff33d4f41360c2b,Quartz,One-Hit Wonder,2.93,6,1354015,1.811,0,0,,,4.43,Emerging,2026-05-02 19:46:02
1619,889afd7cedcc892c88670bf13249cc29,AustinBurk,One-Hit Wonder,2.93,6,45967,1.806,0,0,,,4.42,Emerging,2026-05-02 19:46:02
1620,0b4a824d61a41d0fb021ee78e4917a1b,UniversityofRochesterEEOCComplainants,One-Hit Wonder,1.95,4,3773,2.014,0,0,,,4.41,Emerging,2026-05-02 19:46:02
1621,64eae8b968572d9eb0c2da720812b790,BrasherN,One-Hit Wonder,3.41,7,14114169,1.685,0,0,,,4.4,Emerging,2026-05-02 19:46:02
1621,ceeff19eda958b4571e1f38756e64945,TheRinger,One-Hit Wonder,2.44,5,116487,1.904,0,0,,,4.4,Emerging,2026-05-02 19:46:02
1623,06398a1c36515814a7408b1c100fa163,GohmertTX01,One-Hit Wonder,2.93,6,260000,1.788,0,0,,,4.39,Emerging,2026-05-02 19:46:02
1623,d4da252b30315665852f666288073b91,EVNautilus,One-Hit Wonder,0.49,1,89132,2.328,0,0,,,4.39,Emerging,2026-05-02 19:46:02
1625,f8aa085c778cc6888ecc22744feb97dc,ImWithHer,One-Hit Wonder,0.49,1,6148,2.326,0,0,,,4.38,Emerging,2026-05-02 19:46:02
1626,51f82f916cba92c928f03b83c9ef7ac7,GoldenStateWarriors,One-Hit Wonder,1.95,4,513465,1.981,0,0,,,4.35,Emerging,2026-05-02 19:46:02
1627,6c752c2927342da9a4de3d4ccbda9ef5,BTSport,One-Hit Wonder,4.88,10,7036213,1.326,0,0,,,4.34,Emerging,2026-05-02 19:46:02
1628,de0f78a9c3b599d36188521b92788995,ToyotaGlobal,One-Hit Wonder,3.41,7,3730960,1.645,0,0,,,4.33,Emerging,2026-05-02 19:46:02
1628,2b5aa67d97f0b9dee827fd8a941dd8cd,NewEnglandPatriots,One-Hit Wonder,3.41,7,697340,1.65,0,0,,,4.33,Emerging,2026-05-02 19:46:02
1630,cf0d92a7be8cb153c57b66ca07d21e0f,ThisIsUs,One-Hit Wonder,3.9,8,1899806,1.53,0,0,,,4.31,Emerging,2026-05-02 19:46:02
1630,4a62797cd2d0bb3727513d8ceec35de8,Sherylcrow,One-Hit Wonder,1.95,4,204105,1.962,0,0,,,4.31,Emerging,2026-05-02 19:46:02
1632,b41753f0d41aacd0de228fbe51a7b34b,SHOWTIMESports,Occasional,5.85,12,2126512,1.09,0,0,,,4.3,Emerging,2026-05-02 19:46:02
1633,7b0484e0ded31bf6d2271e0e3207c893,RoadsideFlix,Occasional,7.32,15,7750034,0.759,0,0,,,4.29,Emerging,2026-05-02 19:46:02
1633,8ccb2eae4bbfdd63094359f862761a0d,MustLoveScience,One-Hit Wonder,0.98,2,11924,2.165,0,0,,,4.29,Emerging,2026-05-02 19:46:02
1635,b1a66de05b0469ef6b2dd29b0795f4a2,BRITs,One-Hit Wonder,1.95,4,600504,1.943,0,0,,,4.28,Emerging,2026-05-02 19:46:02
1636,301a2ab239b08cf03a97f8796d7b6ac5,NFLWorld,One-Hit Wonder,2.93,6,351884,1.719,0,0,,,4.27,Emerging,2026-05-02 19:46:02
1637,f3322b13eba23f9d67fece919673ac49,RihannaNavyVevo,One-Hit Wonder,0.49,1,10754,2.26,0,0,,,4.26,Emerging,2026-05-02 19:46:02
1638,bd9da6708e7f9de9477b45df6e7585e3,NASCAR,One-Hit Wonder,4.39,9,469585,1.374,0,0,,,4.23,Emerging,2026-05-02 19:46:02
1639,1c836c4c2c54e860aa9cdfcc1beefd36,reputationswift,One-Hit Wonder,2.93,6,195058,1.696,0,0,,,4.22,Emerging,2026-05-02 19:46:02
1640,b837e1a2e1d53e2be37b117b0d13d3dc,theCHIVE,One-Hit Wonder,3.9,8,7706805,1.473,0,0,,,4.21,Emerging,2026-05-02 19:46:02
1641,09378d3d9d508e53495273c8e62f10a0,TheWeatherChannel,One-Hit Wonder,4.39,9,7784540,1.36,0,0,,,4.2,Emerging,2026-05-02 19:46:02
1641,14b17e9460859b434efaa163b71c54da,SKITTLESbrand,One-Hit Wonder,3.9,8,1700600,1.466,0,0,,,4.2,Emerging,2026-05-02 19:46:02
1641,b22b157eb6eea33191947203ced39c8f,ChoirChoirChoir,One-Hit Wonder,1.95,4,376955,1.898,0,0,,,4.2,Emerging,2026-05-02 19:46:02
1644,1122597cdff70cc89a2f7a245e6b9495,MikeAustin,One-Hit Wonder,4.39,9,42503849,0.783,3.41,0,5113434,7.6,4.19,Emerging,2026-05-02 19:46:02
1644,50c242c9af46a84878a6788980badb1a,MichaelCallaghan,One-Hit Wonder,2.93,6,179013,1.677,0,0,,,4.19,Emerging,2026-05-02 19:46:02
1646,a8dc750ce3c9870dd9d1d22254afa82a,BenKatz,Occasional,6.83,14,45644739,0.797,0,0,,,4.17,Emerging,2026-05-02 19:46:02
1646,9fa96a435c43bb761ee582e955d1ff73,Camron,One-Hit Wonder,2.44,5,4193017,1.775,0,0,,,4.17,Emerging,2026-05-02 19:46:02
1648,535ef17f4bda9c15b5c1449cf6782ba3,HudsonMoore,One-Hit Wonder,3.9,8,1581744,1.445,0,0,,,4.16,Emerging,2026-05-02 19:46:02
1648,f2509b8387a41d48e67315ba5f0789be,TheAngieMartinezShow,One-Hit Wonder,2.44,5,180119,1.768,0,0,,,4.16,Emerging,2026-05-02 19:46:02
1650,8ae6b261bd4bd59768c25fae45415095,RecantoEcolgicoRiodaPrata,Occasional,5.85,12,21405421,1.005,0,0,,,4.15,Emerging,2026-05-02 19:46:02
1650,7dc29f8a8c3f2f123f9626830ce5957d,FreedomofthePressFoundation,Occasional,5.85,12,4278714,1.008,0,0,,,4.15,Emerging,2026-05-02 19:46:02
1652,f80350e48990bdc465b23b76ae4e6d23,NetflixAsia,One-Hit Wonder,3.41,7,4228105,1.535,0,0,,,4.13,Emerging,2026-05-02 19:46:02
1652,728b4ce5d3dcaae1c7428d5ed75832a9,tonyvera1902,One-Hit Wonder,2.93,6,2633276,1.644,0,0,,,4.13,Emerging,2026-05-02 19:46:02
1654,b693097bff18c387736a9952ee40d80c,DragTimes,Occasional,5.37,11,1577536,1.093,0,0,,,4.12,Emerging,2026-05-02 19:46:02
1654,cd5177804d21b62c7b352cc318aded1d,TrainVEVO,One-Hit Wonder,0.49,1,30021,2.182,0,0,,,4.12,Emerging,2026-05-02 19:46:02
1656,df4754ec03e7ef9ca67dc7ff35fba08f,DietCoke,One-Hit Wonder,3.9,8,3660760,1.416,0,0,,,4.11,Emerging,2026-05-02 19:46:02
1657,ea8a1a99f6c94c275a58dcd78f418c1f,AE,One-Hit Wonder,4.88,10,8258936,1.192,0,0,,,4.1,Emerging,2026-05-02 19:46:02
1657,8e831523be8946b1f07dae239962bbc6,MaxHertan,One-Hit Wonder,1.95,4,34746,1.845,0,0,,,4.1,Emerging,2026-05-02 19:46:02
1659,8715a1a652a95c641addce6d2726b520,SpecializedBicycles,One-Hit Wonder,1.95,4,208577,1.84,0,0,,,4.09,Emerging,2026-05-02 19:46:02
1660,6966c9ea04a0e651f69f113113a45e27,CrossFit,Occasional,6.34,13,6825034,0.853,0,0,,,4.07,Emerging,2026-05-02 19:46:02
1661,7ed6ffad71657f6bcc548adefd11826f,BennandGear,One-Hit Wonder,0.98,2,57047,2.037,0,0,,,4.06,Emerging,2026-05-02 19:46:02
1662,05589f939fe8507506ff0e19869521dc,TheJointForcesChannel,One-Hit Wonder,4.39,9,2145023,1.272,0,0,,,4.05,Emerging,2026-05-02 19:46:02
1662,471e3666b9d086a0c52be70677c049f1,SparkeeMusic,One-Hit Wonder,2.44,5,516750,1.709,0,0,,,4.05,Emerging,2026-05-02 19:46:02
1662,208421fcbc090a62f099f85472ded9ba,Bloomberg,One-Hit Wonder,0.98,2,50503,2.033,0,0,,,4.05,Emerging,2026-05-02 19:46:02
1665,9771f776a3b5ef0eb23704bfc366827a,BobbyBones,Occasional,8.29,17,14536534,0.404,0,0,,,4.04,Emerging,2026-05-02 19:46:02
1666,39fc92c386524d3a69aae96ccc2cd472,AccessHollywood,Occasional,6.83,14,1163042,0.722,0,0,,,4.03,Emerging,2026-05-02 19:46:02
1666,3d01f699060601274b8c4c3fd1b48f1c,UnitedLaunchAlliance,Occasional,6.34,13,2776246,0.832,0,0,,,4.03,Emerging,2026-05-02 19:46:02
1666,8aad67d7dba1c5bf028569336116209e,KittyHawk,Occasional,5.85,12,8038124,0.937,0,0,,,4.03,Emerging,2026-05-02 19:46:02
1669,1cef6a9d625164d2001c0437590820c5,GreggPeterson,One-Hit Wonder,1.46,3,20581,1.89,0,0,,,3.99,Emerging,2026-05-02 19:46:02
1670,a20f3367d7c0e1dbdc350cf462ddc8e4,WarnerBrosUK,One-Hit Wonder,3.41,7,4750222,1.453,0,0,,,3.98,Emerging,2026-05-02 19:46:02
1670,3b369c2717bf42c7cffcde2024df7189,AlexGilbert,One-Hit Wonder,3.41,7,1717257,1.454,0,0,,,3.98,Emerging,2026-05-02 19:46:02
1670,c2cfe38672275d3aa80a6ff02aa2a413,PhiladelphiaEagles,One-Hit Wonder,2.93,6,2101312,1.56,0,0,,,3.98,Emerging,2026-05-02 19:46:02
1673,d66542ed1265437f9739a57d4aa6e61d,BrainfooTV,Occasional,6.34,13,19644583,0.798,0,0,,,3.97,Emerging,2026-05-02 19:46:02
1673,36a12a753997a4032c351f4c6a12c416,HM,One-Hit Wonder,3.9,8,2623070,1.339,0,0,,,3.97,Emerging,2026-05-02 19:46:02
1675,7e31dc89280a5ed358ff577585c486cb,ScienceMagazine,Occasional,7.8,16,40217177,0.453,0,0,,,3.94,Emerging,2026-05-02 19:46:02
1675,3ae94a2f4626a7410446ed342d1230f4,RyanCalme,One-Hit Wonder,1.46,3,578771,1.862,0,0,,,3.94,Emerging,2026-05-02 19:46:02
1677,2d0d4809e6bdb6f4db3e547f27b1873c,amazon,One-Hit Wonder,4.88,10,27952435,1.009,0.49,0,9627575,7,3.92,Emerging,2026-05-02 19:46:02
1678,3dcb0d665404c4927c46fe9ccdeeff16,FreddieLister,One-Hit Wonder,3.41,7,7151971,1.417,0,0,,,3.91,Emerging,2026-05-02 19:46:02
1679,1063c91e6d10e5419df0fc9333295f30,SteveTVShow,One-Hit Wonder,4.39,9,533630,1.176,0,0,,,3.87,Emerging,2026-05-02 19:46:02
1679,cf7a98f7185be7804d7c185ab1d623ec,FILMWEBTV,One-Hit Wonder,2.44,5,1338498,1.61,0,0,,,3.87,Emerging,2026-05-02 19:46:02
1679,fb601a360a69948ab45eff0d8713c246,ClarkZhu,One-Hit Wonder,1.95,4,49596,1.715,0,0,,,3.87,Emerging,2026-05-02 19:46:02
1682,197dd362608599af8fd82383695b3730,DavidSistaro,One-Hit Wonder,3.41,7,797804,1.388,0,0,,,3.86,Emerging,2026-05-02 19:46:02
1682,c0c947d35a1348b376536d85c0af93c7,PLAYERUNKNOWNSBATTLEGROUNDS,One-Hit Wonder,2.93,6,2892032,1.494,0,0,,,3.86,Emerging,2026-05-02 19:46:02
1684,2110e3f2e3f7aad1bec653b5556c88a5,ChangeofplanZ,One-Hit Wonder,2.93,6,2826033,1.483,0,0,,,3.84,Emerging,2026-05-02 19:46:02
1684,4d01193a9b3975670998799547a1358c,LameVideos,One-Hit Wonder,1.46,3,2583029,1.808,0,0,,,3.84,Emerging,2026-05-02 19:46:02
1686,51866c5c4e9cc72bb64d82ae616f2417,STXEntertainment,Occasional,8.29,17,50893355,0.284,0,0,,,3.83,Emerging,2026-05-02 19:46:02
1686,3ae1d28f784af72f81629ff17baccaab,Mashed,One-Hit Wonder,3.41,7,5488331,1.369,0,0,,,3.83,Emerging,2026-05-02 19:46:02
1686,c5ce66356cb11f9f19c0663cae50eb94,InterscopeRecords,One-Hit Wonder,1.95,4,705137,1.694,0,0,,,3.83,Emerging,2026-05-02 19:46:02
1686,6d4283b01d3bf6cc04f7a52e086de876,CyclingTips,One-Hit Wonder,0.98,2,9911,1.912,0,0,,,3.83,Emerging,2026-05-02 19:46:02
1690,3ae5dabea04cba4ce60fa41dfaf36eec,Beyonce,One-Hit Wonder,2.44,5,9578073,1.579,0,0,,,3.82,Emerging,2026-05-02 19:46:02
1691,6624cb4b84b03cf510827b5eefcf51b7,FrankMay,One-Hit Wonder,1.95,4,1669331,1.682,0,0,,,3.81,Emerging,2026-05-02 19:46:02
1692,d3b72727233230f81e6f0a5ca0c01b14,GRBrally,Occasional,5.85,12,3362723,0.811,0,0,,,3.8,Emerging,2026-05-02 19:46:02
1693,ff44e404b2800e0512a84370585c626e,DespiertaAmrica,One-Hit Wonder,2.93,6,249627,1.454,0,0,,,3.79,Emerging,2026-05-02 19:46:02
1694,06008196e2c5ae21ae1a01ecf5e6b0f1,BrianKlug,One-Hit Wonder,2.93,6,302393,1.45,0,0,,,3.78,Emerging,2026-05-02 19:46:02
1694,71a74ae8f54db95cf95af04ecfb35284,ChrisLee,One-Hit Wonder,2.44,5,1065691,1.557,0,0,,,3.78,Emerging,2026-05-02 19:46:02
1694,e39c3d6ce8550b7b69c01e49992989e9,SkellyRobot,One-Hit Wonder,0.49,1,4767,1.993,0,0,,,3.78,Emerging,2026-05-02 19:46:02
1697,beb75dcfb476cb9abd4b5ac630a91dfb,Waymo,One-Hit Wonder,4.88,10,3612765,1.008,0,0,,,3.77,Emerging,2026-05-02 19:46:02
1697,a8bec6b42b413d2e881f320a3596bb10,AnewStart,One-Hit Wonder,2.93,6,2082164,1.444,0,0,,,3.77,Emerging,2026-05-02 19:46:02
1699,0d3ddad0ab29b1f8c942b2da72c10d4f,LexusVehicles,Occasional,5.85,12,9653435,0.785,0,0,,,3.75,Emerging,2026-05-02 19:46:02
1699,4a0556ab16d47ad840034468030da4df,Doritos,One-Hit Wonder,0.98,2,1881906,1.867,0,0,,,3.75,Emerging,2026-05-02 19:46:02
1701,7227b80edee584debab957e4f7b57d94,CFLInsider,One-Hit Wonder,2.44,5,228099,1.528,0,0,,,3.73,Emerging,2026-05-02 19:46:02
1701,2428aa88a43011901fd6acf8998c9811,RadovanLazic,One-Hit Wonder,0.98,2,2956469,1.852,0,0,,,3.73,Emerging,2026-05-02 19:46:02
1703,906f72b5c0a2690dbe8bae81696ede65,MotionStation,One-Hit Wonder,4.88,10,4093682,0.979,0,0,,,3.71,Emerging,2026-05-02 19:46:02
1703,8434913d6b6dab9348f75e124bb961dc,AllisArt,One-Hit Wonder,4.39,9,30618743,0.842,1.46,0,5111757,9,3.71,Emerging,2026-05-02 19:46:02
1703,4c3a962d787867f748581619cd93bc42,PokmonGO,One-Hit Wonder,3.41,7,11537586,1.306,0,0,,,3.71,Emerging,2026-05-02 19:46:02
1703,7b310637c673ecd122606ce43a27f935,MercedesAMGPetronasMotorsport,One-Hit Wonder,3.41,7,1267986,1.305,0,0,,,3.71,Emerging,2026-05-02 19:46:02
1703,e39911f26b0ae17cd8f303c0684af223,RadioAndy,One-Hit Wonder,2.93,6,276219,1.409,0,0,,,3.71,Emerging,2026-05-02 19:46:02
1708,900e10571dd29b495b727b566a8d4ca5,EuropeanSpaceAgencyESA,One-Hit Wonder,2.44,5,659754,1.511,0,0,,,3.7,Emerging,2026-05-02 19:46:02
1708,9e722ddfec276abc191d41a1e5bf764f,JAY,One-Hit Wonder,1.95,4,304415,1.624,0,0,,,3.7,Emerging,2026-05-02 19:46:02
1708,454495c8a4de356f7187780502d993ee,DonaldJTrumpTopic,One-Hit Wonder,1.46,3,1155214,1.732,0,0,,,3.7,Emerging,2026-05-02 19:46:02
1711,739d41e6023cb73dab57469366d42a1d,NewOrleansSaintsonNOLAcom,One-Hit Wonder,4.39,9,3175208,1.069,0,0,,,3.68,Emerging,2026-05-02 19:46:02
1711,af166a4078d324a41b055d923daafed5,EstherBellido,One-Hit Wonder,2.44,5,3292899,1.5,0,0,,,3.68,Emerging,2026-05-02 19:46:02
1713,42ae2d145ddd8555e9c2a7a1da9c8d0f,Avocado,One-Hit Wonder,0.98,2,6245242,1.819,0,0,,,3.67,Emerging,2026-05-02 19:46:02
1714,266fbd3e5f30cf5dd44837f25e37f7e5,ChristopherDavis,One-Hit Wonder,3.41,7,503761,1.275,0,0,,,3.66,Emerging,2026-05-02 19:46:02
1715,b2c0c29430341943356ebcc22284292d,eLLcartoons,One-Hit Wonder,2.93,6,929378,1.379,0,0,,,3.65,Emerging,2026-05-02 19:46:02
1715,949b9100d896f5f371a83f32359ddb35,42FabMetalworkingandMultiMediumFabrication,One-Hit Wonder,2.44,5,212046,1.488,0,0,,,3.65,Emerging,2026-05-02 19:46:02
1715,91a21389b835663a6944e4d14819a395,TheScamOnDemand,One-Hit Wonder,1.46,3,5107,1.706,0,0,,,3.65,Emerging,2026-05-02 19:46:02
1718,68cc3e09717d9f04ef7ff2029fa32385,CBSChicago,One-Hit Wonder,2.93,6,135585,1.371,0,0,,,3.64,Emerging,2026-05-02 19:46:02
1718,caf2c5c05e07525c30ded2a7fcbae10b,neilyoungchannel,One-Hit Wonder,0.98,2,149839,1.805,0,0,,,3.64,Emerging,2026-05-02 19:46:02
1720,d9b904cc497e199758ff2dfbe9d0ebb8,MitchellMoon,One-Hit Wonder,3.9,8,2241594,1.148,0,0,,,3.63,Emerging,2026-05-02 19:46:02
1720,f9f1e19959459c107f5d5112595098f4,AndrewRowland,One-Hit Wonder,2.44,5,1888321,1.477,0,0,,,3.63,Emerging,2026-05-02 19:46:02
1722,8e9975d3deb6991448d6b45065029384,MarkSales,One-Hit Wonder,4.39,9,11206205,1.037,0,0,,,3.62,Emerging,2026-05-02 19:46:02
1722,3ed8d415ab1bbac628429a85851e53b6,TNT,One-Hit Wonder,3.41,7,563674,1.254,0,0,,,3.62,Emerging,2026-05-02 19:46:02
1722,99ce2ea4de279c28bb0315848da8a486,Summit,One-Hit Wonder,2.44,5,81647,1.469,0,0,,,3.62,Emerging,2026-05-02 19:46:02
1725,a83329f9b1b26c341e5dd9d7b6c9b000,MercuryNews,One-Hit Wonder,4.88,10,6684053,0.923,0,0,,,3.61,Emerging,2026-05-02 19:46:02
1725,9ef23a446a119387586d089c425f2d55,Verizon,One-Hit Wonder,3.41,7,3222759,1.245,0,0,,,3.61,Emerging,2026-05-02 19:46:02
1725,cbde249a6080c49d50ee4e3efe633677,KyleGunderson,One-Hit Wonder,2.44,5,355321,1.464,0,0,,,3.61,Emerging,2026-05-02 19:46:02
1725,b2798488425881f46fa9d0dfdaf3db67,SBSTVx,One-Hit Wonder,0.98,2,191934,1.788,0,0,,,3.61,Emerging,2026-05-02 19:46:02
1729,ac5e4097586d66b5d2ad757ee7c9b7da,OWN,One-Hit Wonder,3.9,8,2073181,1.136,0,0,,,3.6,Emerging,2026-05-02 19:46:02
1730,e244951bde7096b9c4bcec4753870ac7,AttaullahMalik,One-Hit Wonder,3.9,8,14177068,1.122,0,0,,,3.58,Emerging,2026-05-02 19:46:02
1730,b911c928b7706f5b935c29bb95ba037e,MashableDaily,One-Hit Wonder,2.93,6,4292643,1.338,0,0,,,3.58,Emerging,2026-05-02 19:46:02
1732,3c9f32769e4a8699e5f290284f1d659a,NFLNetwork,One-Hit Wonder,4.39,9,12777656,1.01,0,0,,,3.57,Emerging,2026-05-02 19:46:02
1732,6f9db2b9e5f8c43d4131c5e88a476a18,INQUIRERnet,One-Hit Wonder,4.39,9,815327,1.007,0,0,,,3.57,Emerging,2026-05-02 19:46:02
1734,a42ca6fbd86a1b820bec0b517854606a,CBSEveningNews,One-Hit Wonder,4.88,10,1607245,0.885,0,0,,,3.55,Emerging,2026-05-02 19:46:02
1734,85b180b23ccd63c73ecbad3643f53f5f,POPSUGAR,One-Hit Wonder,1.95,4,695497,1.541,0,0,,,3.55,Emerging,2026-05-02 19:46:02
1734,352c373977fb184709b474334850ad31,XFL,One-Hit Wonder,1.95,4,102749,1.54,0,0,,,3.55,Emerging,2026-05-02 19:46:02
1737,2866372f922d65137aef9671c597f434,MonsterEnergy,One-Hit Wonder,0.98,2,213682,1.741,0,0,,,3.53,Emerging,2026-05-02 19:46:02
1738,d2f7bf46bc1b7e923a584fb06111252a,CoinDaddy,One-Hit Wonder,0.49,1,9577,1.848,0,0,,,3.52,Emerging,2026-05-02 19:46:02
1739,43d169d5f0662aae7b5f95789ff8841d,SaintLouisChessClub,Occasional,5.37,11,1196820,0.758,0,0,,,3.51,Emerging,2026-05-02 19:46:02
1740,fccd4c7120b656b0bd4cda0d836e087c,AppleSupport,One-Hit Wonder,2.44,5,90362,1.396,0,0,,,3.49,Emerging,2026-05-02 19:46:02
1740,c42030f59a0870d55dee03404911afdc,DavidJardine,One-Hit Wonder,1.95,4,136175,1.503,0,0,,,3.49,Emerging,2026-05-02 19:46:02
1742,4442e4af0916f53a07fb8ca9a49b98ed,Australia,One-Hit Wonder,4.39,9,6365560,0.959,0,0,,,3.48,Emerging,2026-05-02 19:46:02
1742,6348c2f4761becf7709019340fda6de7,MovieAccessTrailers,One-Hit Wonder,1.46,3,55746,1.61,0,0,,,3.48,Emerging,2026-05-02 19:46:02
1744,69193b1ca1f815dc22a5afdc86a8917a,NBAStatsAllSeasons,One-Hit Wonder,2.44,5,768746,1.378,0,0,,,3.46,Emerging,2026-05-02 19:46:02
1744,9b838163771a236f86287e3b98b7f9c4,yovo68,One-Hit Wonder,0.98,2,684547,1.706,0,0,,,3.46,Emerging,2026-05-02 19:46:02
1746,e6759c4c84d19ac275f46f324142443a,SBLIICommercials,One-Hit Wonder,4.39,9,6377720,0.94,0,0,,,3.45,Emerging,2026-05-02 19:46:02
1747,158e5f5060a2dc0303f17982379fbfab,ThePlayersTribune,One-Hit Wonder,1.46,3,47122,1.589,0,0,,,3.44,Emerging,2026-05-02 19:46:02
1748,a07a4b9b4b009726204b5131f0c1238d,DustonWard,One-Hit Wonder,3.9,8,8898135,1.039,0,0,,,3.43,Emerging,2026-05-02 19:46:02
1748,89846ab37058b9cc56a94701596179ba,EltonJohn,One-Hit Wonder,2.93,6,408977,1.253,0,0,,,3.43,Emerging,2026-05-02 19:46:02
1750,068b440644f1bdd318d783642a80af3a,KylieJenner,One-Hit Wonder,4.88,10,461064419,0,4.88,4.88,46106442,1,3.42,Emerging,2026-05-02 19:46:02
1750,da0dcf3ce7b8872b38ded764e7153e85,GlobalNews,One-Hit Wonder,4.88,10,7338261,0.814,0,0,,,3.42,Emerging,2026-05-02 19:46:02
1750,02d2322ecedce395611223f7832e5ea0,WTHR,One-Hit Wonder,3.41,7,199435,1.14,0,0,,,3.42,Emerging,2026-05-02 19:46:02
1750,ec138050accf88bb3549e8d2c0233891,WritersGuildofAmericaEast,One-Hit Wonder,1.46,3,85459,1.574,0,0,,,3.42,Emerging,2026-05-02 19:46:02
1754,c16ea279f51adceceec53da8c69f02cd,AutoGuidecom,One-Hit Wonder,1.46,3,164656,1.571,0,0,,,3.41,Emerging,2026-05-02 19:46:02
1754,74008876d21f6f783abb10518a9a7ef1,SciencevsCinema,One-Hit Wonder,0.49,1,6320,1.788,0,0,,,3.41,Emerging,2026-05-02 19:46:02
1756,e627a392a37593f80ffba456f52bc587,TonyBerza,One-Hit Wonder,0.98,2,63448,1.669,0,0,,,3.4,Emerging,2026-05-02 19:46:02
1757,b5a4b72245ac81e8732ecf011e89b216,MaryGiannone,One-Hit Wonder,3.9,8,5104265,1.019,0,0,,,3.39,Emerging,2026-05-02 19:46:02
1758,d91da452410586439451ab1e764600e5,SauberF1Team,One-Hit Wonder,3.41,7,1164276,1.112,0,0,,,3.37,Emerging,2026-05-02 19:46:02
1759,5e3f4406e326aa05999f204c5967ec97,Vat19Nvjds,One-Hit Wonder,1.46,3,48416,1.54,0,0,,,3.36,Emerging,2026-05-02 19:46:02
1759,2a8f966ff164f8a44df409912d2e17ae,RepresentUs,One-Hit Wonder,1.46,3,34212,1.544,0,0,,,3.36,Emerging,2026-05-02 19:46:02
1761,8bd666289982b4c54477d4015f929742,MassLive,One-Hit Wonder,3.41,7,696323,1.1,0,0,,,3.34,Emerging,2026-05-02 19:46:02
1761,70c4d58fc5c91009e523129a4d4a5925,DannySapko,One-Hit Wonder,0.98,2,1018573,1.638,0,0,,,3.34,Emerging,2026-05-02 19:46:02
1763,155fd4f96e3fcc859283033aaa6d9c72,SeeYouYang,One-Hit Wonder,2.93,6,1217826,1.2,0,0,,,3.33,Emerging,2026-05-02 19:46:02
1764,7062d277e69de5e64d52f0c264bf858f,HorizonProductionsSFL,One-Hit Wonder,4.39,9,11218319,0.87,0,0,,,3.32,Emerging,2026-05-02 19:46:02
1764,0f3e75dcdfe2f87fc53741ce0f5084a0,ALLURBANCENTRAL,One-Hit Wonder,3.9,8,5491645,0.977,0,0,,,3.32,Emerging,2026-05-02 19:46:02
1766,47b35ee39f6273d54de450e3559df59d,AliciaKeys,One-Hit Wonder,0.49,1,95944,1.722,0,0,,,3.3,Emerging,2026-05-02 19:46:02
1766,c921207c11dd0c655762b04c3beb2573,revlon,One-Hit Wonder,0.49,1,7130,1.725,0,0,,,3.3,Emerging,2026-05-02 19:46:02
1768,866442b6934e826933af7e384dce1cf1,RyanCanty,One-Hit Wonder,2.44,5,11715543,1.123,0.98,0,3251011,8.5,3.29,Emerging,2026-05-02 19:46:02
1768,ffc94317e52804edcb501917f7dff959,KTVU,One-Hit Wonder,2.44,5,1567786,1.286,0,0,,,3.29,Emerging,2026-05-02 19:46:02
1768,161feb9990eb81d517a4203767a5704e,ClashofClans,One-Hit Wonder,1.46,3,25142750,1.504,0,0,,,3.29,Emerging,2026-05-02 19:46:02
1771,3c8fc7b5744dd709e6670dccf86c0f76,QuickenLoans,One-Hit Wonder,4.39,9,5021256,0.836,0,0,,,3.26,Emerging,2026-05-02 19:46:02
1771,725c922122ffddae427d3ef88a7b12fc,JustWowme,One-Hit Wonder,3.9,8,15864924,0.943,0,0,,,3.26,Emerging,2026-05-02 19:46:02
1771,1daacd8adb70cc78f2be615f19616b18,TurboConqueringMegaEagle,One-Hit Wonder,1.46,3,60624,1.486,0,0,,,3.26,Emerging,2026-05-02 19:46:02
1771,cd732c427bd9c4cf30ea91c76b90876b,ElbowVEVO,One-Hit Wonder,0.98,2,335100,1.591,0,0,,,3.26,Emerging,2026-05-02 19:46:02
1775,7b18a52e1bdbe67ea2de6c394ae0b00e,SesameStreet,One-Hit Wonder,1.95,4,1811365,1.36,0,0,,,3.23,Emerging,2026-05-02 19:46:02
1776,ce362217a1e9c89c327b7d713e0b3a50,TuFan,One-Hit Wonder,0.49,1,82087,1.681,0,0,,,3.22,Emerging,2026-05-02 19:46:02
1777,33c36688c859dbe20efabd2e0c28aeb2,52Skillz,One-Hit Wonder,1.95,4,164490,1.35,0,0,,,3.21,Emerging,2026-05-02 19:46:02
1778,df13c9acbfb12448eb2cd6f10f7a22c3,TheSportsKing,One-Hit Wonder,2.44,5,111141,1.235,0,0,,,3.2,Emerging,2026-05-02 19:46:02
1779,9ee1c4e570f52d18356c54fcbb4311b0,AnnapurnaChannel,Occasional,5.85,12,22427789,0.47,0,0,,,3.19,Emerging,2026-05-02 19:46:02
1779,e7194a4e8d2f07a5f459b0b40350e9dd,HushKit,One-Hit Wonder,2.44,5,1241321,1.231,0,0,,,3.19,Emerging,2026-05-02 19:46:02
1779,15283a7ac8ad8fdd8e62c2a845a38756,Fontgod,One-Hit Wonder,2.44,5,63389,1.231,0,0,,,3.19,Emerging,2026-05-02 19:46:02
1779,4741ce230db02cd40091b8e900df534b,JohnLewis,One-Hit Wonder,1.95,4,30557393,1.013,1.95,0.49,7639348,4,3.19,Emerging,2026-05-02 19:46:02
1779,6289ffd877750d74f419b28d80886881,FailArmy,One-Hit Wonder,1.46,3,6610961,1.449,0,0,,,3.19,Emerging,2026-05-02 19:46:02
1784,a43af92771487ef713e9a23cb6da77d2,NewYorkDailyNews,One-Hit Wonder,3.9,8,2430114,0.897,0,0,,,3.17,Emerging,2026-05-02 19:46:02
1784,5d87535390a5491a82f53d5c2b093171,BenRohrbach,One-Hit Wonder,2.44,5,89113,1.22,0,0,,,3.17,Emerging,2026-05-02 19:46:02
1786,76df50f341884ee187d965c5146849a4,RamTrucks,One-Hit Wonder,4.39,9,110711462,0.453,1.95,1.95,25218707,2,3.16,Emerging,2026-05-02 19:46:02
1786,a5d4e9cc5a763a57720926ef136cde8f,BarstoolSports,One-Hit Wonder,3.41,7,168760,0.999,0,0,,,3.16,Emerging,2026-05-02 19:46:02
1788,5a86ff91e252d211ed95881dbf00cffa,JimmyBuilt,Occasional,5.37,11,3939399,0.543,0,0,,,3.13,Emerging,2026-05-02 19:46:02
1788,2295f780ba9029acfa76fa8cb347c30a,TheBachelorInsider,One-Hit Wonder,1.95,4,267381,1.303,0,0,,,3.13,Emerging,2026-05-02 19:46:02
1790,fa23d54927075601bef588c9469710c7,DennisKapatos,One-Hit Wonder,2.93,6,976061,1.08,0,0,,,3.12,Emerging,2026-05-02 19:46:02
1791,08064333112b617659ec63002890db05,SamChui,One-Hit Wonder,2.93,6,11779203,1.074,0,0,,,3.11,Emerging,2026-05-02 19:46:02
1791,b6fe14ca79c18f1de4141644ac5b809c,KortneySteury,One-Hit Wonder,1.95,4,1450041,1.297,0,0,,,3.11,Emerging,2026-05-02 19:46:02
1791,68d472d8cf28fcca33fc4b75262c95cd,RossKempsell,One-Hit Wonder,0.98,2,6027,1.51,0,0,,,3.11,Emerging,2026-05-02 19:46:02
1794,61ff31771b72151d74e679451d433ea5,Lorraine,One-Hit Wonder,4.88,10,1567723,0.636,0,0,,,3.1,Emerging,2026-05-02 19:46:02
1795,0005001d0712f8df34b9f25d3e5fa35e,KATC,One-Hit Wonder,2.44,5,1680353,1.175,0,0,,,3.09,Emerging,2026-05-02 19:46:02
1795,b58baab81a221548af85d47eac66be26,DesusMero,One-Hit Wonder,1.95,4,566387,1.285,0,0,,,3.09,Emerging,2026-05-02 19:46:02
1797,c02bcd80e21b401b510dd77008152f22,PomegranateSunshine,One-Hit Wonder,2.93,6,459914,1.052,0,0,,,3.07,Emerging,2026-05-02 19:46:02
1797,2115922def44d0be99c2c3ec81d62594,AndreWillDoIt,One-Hit Wonder,2.44,5,16032054,1.163,0,0,,,3.07,Emerging,2026-05-02 19:46:02
1797,2fec392304a5c23ac138da22847f9b7c,PHP,One-Hit Wonder,2.44,5,10962577,1.166,0,0,,,3.07,Emerging,2026-05-02 19:46:02
1797,0848ca1e5eb5cb23f8de3af75df9cbca,Roadshow,One-Hit Wonder,1.95,4,213860,1.272,0,0,,,3.07,Emerging,2026-05-02 19:46:02
1797,745ced9100e013025e598950f4a1e05e,MOBOAwards,One-Hit Wonder,1.95,4,139451,1.271,0,0,,,3.07,Emerging,2026-05-02 19:46:02
1802,96f459e16830e7d7620bdbd8cfe660b7,ODE,One-Hit Wonder,2.44,5,328132,1.157,0,0,,,3.06,Emerging,2026-05-02 19:46:02
1803,c689316a28490cd1b1eb4dc3f429f92f,SportsIllustrated,One-Hit Wonder,2.93,6,755643,1.042,0,0,,,3.05,Emerging,2026-05-02 19:46:02
1803,385565e3fcc7db6f15fbb765f37cf3b7,DreamCastle629,One-Hit Wonder,2.93,6,333734,1.042,0,0,,,3.05,Emerging,2026-05-02 19:46:02
1803,de0445f73ab323cdc0b58441193c4c86,FamilyFeud,One-Hit Wonder,1.46,3,9007919,1.372,0,0,,,3.05,Emerging,2026-05-02 19:46:02
1806,3ab7806fac7c2de105704d4ff29dd581,UJ,One-Hit Wonder,2.44,5,271369,1.146,0,0,,,3.04,Emerging,2026-05-02 19:46:02
1807,a24343559ef9ec8905da3da6d13c0e37,GlobalRoadEntertainment,Occasional,7.32,15,176540219,0.049,0,0,,,3.02,Emerging,2026-05-02 19:46:02
1807,19dadef94f745e1e958d59c85fb44337,NewsFunnies,One-Hit Wonder,4.39,9,1353790,0.703,0,0,,,3.02,Emerging,2026-05-02 19:46:02
1807,c3398512137f57feab4181769045604a,HalfwayAnywhere,One-Hit Wonder,1.95,4,231541,1.245,0,0,,,3.02,Emerging,2026-05-02 19:46:02
1810,75ed6cefaea800b337e09e0e13660767,FamousCelebritiesSnaps,Occasional,5.37,11,4437501,0.478,0,0,,,3.01,Emerging,2026-05-02 19:46:02
1810,cda74ae08d27d0d6b3e7d135ef205153,Grist,One-Hit Wonder,0.49,1,3133,1.564,0,0,,,3.01,Emerging,2026-05-02 19:46:02
1812,e50c66a92483b968f31252a43df77a74,WGAWest,One-Hit Wonder,2.44,5,69555,1.108,0,0,,,2.97,Emerging,2026-05-02 19:46:02
1812,7f79f0b246a2dec6d4ce080ef832d7f6,MARIOTESTINO,One-Hit Wonder,2.44,5,36452,1.106,0,0,,,2.97,Emerging,2026-05-02 19:46:02
1814,06511860179998a45aea6da1068ec444,StudiocanalUK,One-Hit Wonder,3.41,7,580660,0.889,0,0,,,2.96,Emerging,2026-05-02 19:46:02
1815,b5648826ef987ec26be9f8ee5dea2805,CircusHalliGalli,One-Hit Wonder,3.41,7,1417632,0.879,0,0,,,2.95,Emerging,2026-05-02 19:46:02
1815,65c4de915fd401fcd15ca0b239594cc1,SportHub,One-Hit Wonder,2.93,6,276569,0.986,0,0,,,2.95,Emerging,2026-05-02 19:46:02
1817,7f14493af106db956fda5abfda7ebe2b,YTNNEWS,One-Hit Wonder,3.9,8,1419929,0.765,0,0,,,2.94,Emerging,2026-05-02 19:46:02
1818,e7c78e6d90c27ec437072fb80ae4ec52,YBFChic,Occasional,5.37,11,36719,0.43,0,0,,,2.92,Emerging,2026-05-02 19:46:02
1819,b6a63a7b00573e5b5b822afc96a5fb64,SuperNetvid,One-Hit Wonder,0.49,1,3014847,1.504,0,0,,,2.9,Emerging,2026-05-02 19:46:02
1819,99523695e9c029e6dc4e1631e2104863,DaleDai,One-Hit Wonder,0.49,1,1392244,1.501,0,0,,,2.9,Emerging,2026-05-02 19:46:02
1821,940a42e21a69b008620eb412bcd4cd50,SwishDaily,One-Hit Wonder,4.39,9,13573799,0.632,0,0,,,2.89,Emerging,2026-05-02 19:46:02
1822,1c0672b4aee40036af0c2a53c29490e3,AusAntarctic,Occasional,5.37,11,4998725,0.408,0,0,,,2.88,Emerging,2026-05-02 19:46:02
1823,3730643252377883c8ed7db7c54abe32,BudLight,One-Hit Wonder,3.41,7,104489909,0.268,3.41,2.93,14927130,3.6,2.87,Emerging,2026-05-02 19:46:02
1823,0ee0ebf7f186e0329d83648c00bbf0fe,SoIHadThisIdea,One-Hit Wonder,0.49,1,97217,1.484,0,0,,,2.87,Emerging,2026-05-02 19:46:02
1825,7c90a47bf8afe7bccb0b75e90f0ec084,PiesAreAwesome,One-Hit Wonder,1.46,3,5373,1.253,0,0,,,2.84,Emerging,2026-05-02 19:46:02
1826,31ffa8548c49dd1b9458dcf90c7b6ace,Terrormink,One-Hit Wonder,2.44,5,109170,1.028,0,0,,,2.83,Emerging,2026-05-02 19:46:02
1826,8674540d9e679c1271522cc208c97527,PACENTRETENIMENTODJIVANDAVIS,One-Hit Wonder,1.46,3,548778,1.245,0,0,,,2.83,Emerging,2026-05-02 19:46:02
1828,4f73e0357aca7109d34e0363ff20d5ac,NathanC,One-Hit Wonder,2.44,5,215552,1.022,0,0,,,2.82,Emerging,2026-05-02 19:46:02
1828,9f3cf764a14fef58ecd2ebcd1df2297b,ROMEREPORTSinEnglish,One-Hit Wonder,1.46,3,30508,1.244,0,0,,,2.82,Emerging,2026-05-02 19:46:02
1828,da7ca1d111984e1f3be2529f82c0bc1e,ChadKroeger,One-Hit Wonder,0.49,1,412812,1.456,0,0,,,2.82,Emerging,2026-05-02 19:46:02
1831,4db40384e6be66a9400d4ded8b698d0f,HyundaiUSA,Occasional,5.37,11,83086102,0.041,1.95,0,15287211,7,2.81,Emerging,2026-05-02 19:46:02
1831,387f05e5091b9cdd75e81c88f7bf8034,RapidTrailer,One-Hit Wonder,4.88,10,2544518,0.476,0,0,,,2.81,Emerging,2026-05-02 19:46:02
1831,6fad50840dd41242695277924e4a6f16,Lyft,One-Hit Wonder,4.39,9,10113686,0.585,0,0,,,2.81,Emerging,2026-05-02 19:46:02
1834,197bbb96c9611f382eaf84feabc555e7,gzumwalt,One-Hit Wonder,2.93,6,81483,0.904,0,0,,,2.8,Emerging,2026-05-02 19:46:02
1834,d59e0e9852ee23191c4407b669278087,BigTenNetwork,One-Hit Wonder,2.44,5,416925,1.016,0,0,,,2.8,Emerging,2026-05-02 19:46:02
1834,b6f02cc209c38789488c61b67021cdc4,Chevrolet,One-Hit Wonder,1.95,4,312930,1.124,0,0,,,2.8,Emerging,2026-05-02 19:46:02
1837,343cd218de634993d4206b5abfc08f4c,blayze999,One-Hit Wonder,4.88,10,2337126,0.468,0,0,,,2.79,Emerging,2026-05-02 19:46:02
1837,eedc190ec9b38f6452a7631ac49be41a,ETCanada,One-Hit Wonder,2.93,6,5124037,0.9,0,0,,,2.79,Emerging,2026-05-02 19:46:02
1837,d27929b3d2c4fc498653dcd238ead9a8,startelegramvideo,One-Hit Wonder,1.95,4,339941,1.118,0,0,,,2.79,Emerging,2026-05-02 19:46:02
1840,4d8f0585b9c7eef8327ff80024d6a4b3,TheOregonian,One-Hit Wonder,4.39,9,3023652,0.569,0,0,,,2.78,Emerging,2026-05-02 19:46:02
1840,844c56840b5fc26d414cf238381a5f1a,Honda,One-Hit Wonder,2.93,6,347229,0.892,0,0,,,2.78,Emerging,2026-05-02 19:46:02
1840,3628dc177fcdb8196768b84fa192bdc4,MomWillBeProud,One-Hit Wonder,0.98,2,56466,1.327,0,0,,,2.78,Emerging,2026-05-02 19:46:02
1840,cfd95dda0b548819127f1ce01f13ea83,ClevelandBrowns,One-Hit Wonder,0.98,2,2416,1.327,0,0,,,2.78,Emerging,2026-05-02 19:46:02
1840,be85d2fcf6cd77d3f00c29b76c2aef2e,MaggieSmithKhn,One-Hit Wonder,0.49,1,3411,1.437,0,0,,,2.78,Emerging,2026-05-02 19:46:02
1845,c8d9514dc87938663ad16b9b74494170,TromaMovies,One-Hit Wonder,3.9,8,8823516,0.67,0,0,,,2.77,Emerging,2026-05-02 19:46:02
1846,25812bf456959aa5f28dc570f341a3ba,Topic,One-Hit Wonder,1.95,4,58585,1.101,0,0,,,2.76,Emerging,2026-05-02 19:46:02
1847,d36f1400749d5dfcc1056850c964052b,MquinaVoadora,One-Hit Wonder,2.93,6,942188,0.874,0,0,,,2.75,Emerging,2026-05-02 19:46:02
1847,401c06146c034542a0a837be2f4ebcd9,EastIdahoNews,One-Hit Wonder,2.93,6,317988,0.875,0,0,,,2.75,Emerging,2026-05-02 19:46:02
1849,abcf9374958cc5c945ad990296d06cf4,AdamsApple,One-Hit Wonder,2.44,5,2063267,0.981,0,0,,,2.74,Emerging,2026-05-02 19:46:02
1850,3c0a28d488d47570b5afe90b9a0c1581,VOsprey22,One-Hit Wonder,2.93,6,18856,0.866,0,0,,,2.73,Emerging,2026-05-02 19:46:02
1851,ce1c3fe61a44cbff69aa384a5e57b227,MissUniverse,One-Hit Wonder,2.93,6,3889363,0.861,0,0,,,2.72,Emerging,2026-05-02 19:46:02
1852,47052a20a6b98633c5ef0da0bb0cdd7b,BerkleyLovesTori,One-Hit Wonder,3.41,7,1405747,0.747,0,0,,,2.71,Emerging,2026-05-02 19:46:02
1852,31cae5501c2d10507583da529263bb2f,Recode,One-Hit Wonder,2.93,6,203127,0.857,0,0,,,2.71,Emerging,2026-05-02 19:46:02
1852,4c27ffde4f3d03f10f0d39f0b64f1dbd,Gustawny,One-Hit Wonder,2.44,5,934099,0.961,0,0,,,2.71,Emerging,2026-05-02 19:46:02
1852,1b88ca33bedafcc5894c29e329968bab,ChiliKlaus,One-Hit Wonder,1.46,3,2343247,1.183,0,0,,,2.71,Emerging,2026-05-02 19:46:02
1856,34d4a7bf69c7d5912794f7bf5edcd3d2,OfficialCharts,One-Hit Wonder,4.88,10,218781,0.413,0,0,,,2.7,Emerging,2026-05-02 19:46:02
1857,6eb4ddaa991eef3a0f7ad6920afa6066,CrashRacing,One-Hit Wonder,3.9,8,22199905,0.627,0,0,,,2.69,Emerging,2026-05-02 19:46:02
1857,e3f00a7218d7a3366055c9852527a817,TkyoSam,One-Hit Wonder,1.46,3,1742243,1.172,0,0,,,2.69,Emerging,2026-05-02 19:46:02
1857,9460f5399a4c5deb8c2e44e010ec1ae1,blvckKing,One-Hit Wonder,1.46,3,110416,1.171,0,0,,,2.69,Emerging,2026-05-02 19:46:02
1857,ae8318621e6839b79fd84e829b34ef56,MDNASKIN,One-Hit Wonder,0.98,2,109222,1.276,0,0,,,2.69,Emerging,2026-05-02 19:46:02
1861,b8fdcf26d6e242834e960ba4035e895d,MomentumPictures,One-Hit Wonder,4.39,9,153584,0.51,0,0,,,2.67,Emerging,2026-05-02 19:46:02
1862,1bccf0f83862f1655c45bf0717d20a3b,Emirates,One-Hit Wonder,2.44,5,1771676,0.935,0,0,,,2.66,Emerging,2026-05-02 19:46:02
1862,f3ac7f385e76eff216bb046e7663bf89,730WVFN,One-Hit Wonder,2.44,5,43896,0.938,0,0,,,2.66,Emerging,2026-05-02 19:46:02
1862,2ed6607a2a43a25c7f1545c5d44cf1a8,CMAVEVO,One-Hit Wonder,1.46,3,159222,1.153,0,0,,,2.66,Emerging,2026-05-02 19:46:02
1865,45e219f82e92a2a76f7665cd19d34e1e,TechCrunch,Occasional,5.37,11,1986576,0.274,0,0,,,2.64,Emerging,2026-05-02 19:46:02
1866,2ee1fef7b8fd1a42b6819f043c8219d4,Feelunique,One-Hit Wonder,2.44,5,87785,0.915,0,0,,,2.62,Emerging,2026-05-02 19:46:02
1866,df2295a39b20ffb16419f9028fa53d89,Philadelphia76ers,One-Hit Wonder,2.44,5,70814,0.914,0,0,,,2.62,Emerging,2026-05-02 19:46:02
1868,ec31f6a3d5f7a9fadb3ee582a9bc803d,MalikNabee,One-Hit Wonder,3.9,8,2485536,0.576,0,0,,,2.6,Emerging,2026-05-02 19:46:02
1868,c9bb6c1ad754257ae3532935dea4f3aa,NaSoWeSeeAm,One-Hit Wonder,1.46,3,5933,1.12,0,0,,,2.6,Emerging,2026-05-02 19:46:02
1870,81b6b2eaee89e38ccd8280ed238560a8,MarieMcGann,One-Hit Wonder,2.93,6,51051,0.78,0,0,,,2.58,Emerging,2026-05-02 19:46:02
1871,b0d3bd760da99dc5c967b0f09217bdce,MichelobULTRA,One-Hit Wonder,4.39,9,25810875,0.211,1.46,0,6155043,6.3,2.57,Emerging,2026-05-02 19:46:02
1871,7a6619fe4b6c0fd4f8be79746766f9ce,ToyotaUSA,One-Hit Wonder,3.41,7,1201986,0.67,0,0,,,2.57,Emerging,2026-05-02 19:46:02
1873,ebab369dfcf01d143fe3e7dff07701f9,Quad9DNS,One-Hit Wonder,1.46,3,15940,1.096,0,0,,,2.56,Emerging,2026-05-02 19:46:02
1874,773f41d705625d125440f75077c5dfce,KimKardashianWest,Occasional,6.34,13,11962752,0,0,0,,,2.54,Emerging,2026-05-02 19:46:02
1874,6025558854dcc5a193b62f87a125d6ac,StepUpHighWater,One-Hit Wonder,4.39,9,22447439,0.438,0,0,,,2.54,Emerging,2026-05-02 19:46:02
1874,676f0ed7b273f07fc9db9d29e3f6d636,PeterCaineDogTraining,One-Hit Wonder,0.98,2,347282,1.196,0,0,,,2.54,Emerging,2026-05-02 19:46:02
1877,164d9a485bb12246e4c0ffc34d8ff969,XGames,One-Hit Wonder,2.93,6,548768,0.757,0,0,,,2.53,Emerging,2026-05-02 19:46:02
1877,12b45b2167dc860b04675a1c623c47c3,ThisMorning,One-Hit Wonder,2.44,5,1083689,0.861,0,0,,,2.53,Emerging,2026-05-02 19:46:02
1877,f40a361d097e2d4156a2cff479f3b5aa,SouthwestFloridaEagleCam,One-Hit Wonder,1.95,4,718213,0.972,0,0,,,2.53,Emerging,2026-05-02 19:46:02
1877,6c3ec01c30cb68322b4f8e59f497698a,DaHoopSpotProductions,One-Hit Wonder,1.95,4,15532,0.971,0,0,,,2.53,Emerging,2026-05-02 19:46:02
1877,eb54c9106044a095a6dc6330d4b7e1aa,NOVAsSecretLifeofScientistsandEngineers,One-Hit Wonder,1.95,4,12740,0.973,0,0,,,2.53,Emerging,2026-05-02 19:46:02
1882,fac1719ff3e5f790ed966492d9dd9c07,mariahxlambily,One-Hit Wonder,3.41,7,7763315,0.639,0,0,,,2.51,Emerging,2026-05-02 19:46:02
1883,dd2eea421575e002e76cea95b25023c4,AlabamaCrimsonTideonALcom,One-Hit Wonder,2.44,5,1731332,0.844,0,0,,,2.5,Emerging,2026-05-02 19:46:02
1883,01a2da07bf36766155f48fc670d53fe8,Bravo,One-Hit Wonder,2.44,5,1072149,0.844,0,0,,,2.5,Emerging,2026-05-02 19:46:02
1883,a1623e6801cb748ee57f41669b81fe2a,ZeroMedia,One-Hit Wonder,1.46,3,5869635,1.065,0,0,,,2.5,Emerging,2026-05-02 19:46:02
1883,238a8ee4f421c44cb3cf4312a60bcaf0,rollingstoneonline,One-Hit Wonder,1.46,3,141352,1.063,0,0,,,2.5,Emerging,2026-05-02 19:46:02
1887,d0f0a9fe72b90c8bbb108e6a3085d5e2,FacelesswithEyesOpen,One-Hit Wonder,0.98,2,5840,1.164,0,0,,,2.49,Emerging,2026-05-02 19:46:02
1888,28dc53cc87ea5929cd15938f6c057555,ClevelandCavaliersonclevelandcom,One-Hit Wonder,2.93,6,458973,0.726,0,0,,,2.48,Emerging,2026-05-02 19:46:02
1888,b29b7dbd6001eafeac9fbab3d243e750,60Minutes,One-Hit Wonder,1.95,4,413405,0.947,0,0,,,2.48,Emerging,2026-05-02 19:46:02
1888,a8e2b6fdb2213274e6ea696dcd51f61a,LetsGoWarriors,One-Hit Wonder,0.49,1,16305,1.27,0,0,,,2.48,Emerging,2026-05-02 19:46:02
1891,c9c62d1f83b8eff83a0a98391b67ea21,NBAHighlightsYouTube,One-Hit Wonder,3.41,7,2063293,0.616,0,0,,,2.47,Emerging,2026-05-02 19:46:02
1891,793bc729a22f050406b225dca80a17d5,littleBitsElectronics,One-Hit Wonder,1.46,3,5361,1.049,0,0,,,2.47,Emerging,2026-05-02 19:46:02
1893,9767be076a20ac048663762baa54bf6e,Voltfolio,One-Hit Wonder,1.46,3,8266,1.04,0,0,,,2.46,Emerging,2026-05-02 19:46:02
1894,0578de3bad2c7f85027339af882bf700,RapidHighlights,One-Hit Wonder,4.39,9,7351956,0.385,0,0,,,2.45,Emerging,2026-05-02 19:46:02
1894,a1cdcf20fb8ebdf64ee1b8875b8d6679,KanimunaKisaka,One-Hit Wonder,1.95,4,42088,0.927,0,0,,,2.45,Emerging,2026-05-02 19:46:02
1894,d11e124e8e8a99b09c58ba03731cbebb,JoshuaLevin,One-Hit Wonder,0.98,2,10845,1.143,0,0,,,2.45,Emerging,2026-05-02 19:46:02
1897,6bd1eb602e71c9684241e20e8c2c8fc7,MovieclipsComingSoon,One-Hit Wonder,3.9,8,782848,0.491,0,0,,,2.44,Emerging,2026-05-02 19:46:02
1897,6f2fd2fa351ef4bc23ae798df25e3d86,GoodMorningBritain,One-Hit Wonder,3.41,7,702210,0.599,0,0,,,2.44,Emerging,2026-05-02 19:46:02
1897,4dbc9a61e324e89324833fa57b07559e,BeeLyTV,One-Hit Wonder,1.46,3,7083,1.032,0,0,,,2.44,Emerging,2026-05-02 19:46:02
1897,a360d1ae07eab7e90d5ccc09815cf452,InCaseYouMissedIt,One-Hit Wonder,0.98,2,120474,1.14,0,0,,,2.44,Emerging,2026-05-02 19:46:02
1897,e05747be0d1a405045b4f50d2bc3c784,PenguinBooksUK,One-Hit Wonder,0.98,2,103084,1.14,0,0,,,2.44,Emerging,2026-05-02 19:46:02
1902,0ff67aaa27c1040eea163528ed09df9b,Speks,One-Hit Wonder,1.95,4,9158,0.919,0,0,,,2.43,Emerging,2026-05-02 19:46:02
1902,15a2904f8fde45401d671ecc54113711,ThisDustIn,One-Hit Wonder,1.46,3,214742,1.027,0,0,,,2.43,Emerging,2026-05-02 19:46:02
1904,3d637728672a10c32dca0be946158972,GcincorpEcommerceandRealEstate,One-Hit Wonder,3.41,7,945599,0.584,0,0,,,2.42,Emerging,2026-05-02 19:46:02
1905,57f1eb5ab3e7d5271ca4898d3803b449,AymericFavard,One-Hit Wonder,2.44,5,86075,0.794,0,0,,,2.41,Emerging,2026-05-02 19:46:02
1906,0bfc4b3d2ecfc06a969811c77066224e,Jeep,One-Hit Wonder,4.39,9,88158175,0.192,0.98,0,10447269,8,2.4,Emerging,2026-05-02 19:46:02
1906,8183b0d7de2474fa0f7336729c300ff5,HvdHPlaneSpotter,One-Hit Wonder,2.44,5,24475287,0.628,0.98,0,4770568,9,2.4,Emerging,2026-05-02 19:46:02
1906,93fbed7544529137da13b8d40a70d5d3,NewYorkMagazine,One-Hit Wonder,0.98,2,6633,1.117,0,0,,,2.4,Emerging,2026-05-02 19:46:02
1909,d64b7a409717b6fac4a74f55a4a3644f,OrionPictures,One-Hit Wonder,3.41,7,8933850,0.569,0,0,,,2.39,Emerging,2026-05-02 19:46:02
1909,d68c16751fbdf94514f190085bc58be0,TotalCombat,One-Hit Wonder,0.49,1,1722,1.22,0,0,,,2.39,Emerging,2026-05-02 19:46:02
1911,bb537b6eecc21f08a62e4d52f18a6230,KraftBrand,One-Hit Wonder,3.41,7,1248146,0.564,0,0,,,2.38,Emerging,2026-05-02 19:46:02
1911,9b42b079963e54931811b0c8f1e05c57,FunnyNewVideos,One-Hit Wonder,1.95,4,2594748,0.89,0,0,,,2.38,Emerging,2026-05-02 19:46:02
1911,12e2a908fbcbdd51db7a5055040d128c,SHOWTIME,One-Hit Wonder,0.49,1,546964,1.216,0,0,,,2.38,Emerging,2026-05-02 19:46:02
1911,aba6f7d0ffcb873c91eb377635defb31,poofables,One-Hit Wonder,0.49,1,95085,1.214,0,0,,,2.38,Emerging,2026-05-02 19:46:02
1915,14d6ef0325bb13fcc8a41dd6688626f8,D3sportscom,One-Hit Wonder,2.44,5,181242,0.77,0,0,,,2.36,Emerging,2026-05-02 19:46:02
1915,7afa28b6f648b1ad07cb37b4ece69d9f,NationalSafetyCouncil,One-Hit Wonder,1.46,3,6832,0.989,0,0,,,2.36,Emerging,2026-05-02 19:46:02
1917,411989f3e19d265257ed11155668d5d4,TheTelegraph,One-Hit Wonder,3.9,8,5940518,0.433,0,0,,,2.34,Emerging,2026-05-02 19:46:02
1917,b9ed1d5b161427cd404a57689267c7aa,MaxFagin,One-Hit Wonder,3.41,7,2242004,0.544,0,0,,,2.34,Emerging,2026-05-02 19:46:02
1917,490549d5281a662f34fcae30723d31bb,OscarFury,One-Hit Wonder,1.95,4,78493,0.866,0,0,,,2.34,Emerging,2026-05-02 19:46:02
1917,f59337d42e72b2ae5817d0bdc06883a8,911onFOX,One-Hit Wonder,1.46,3,3911,0.973,0,0,,,2.34,Emerging,2026-05-02 19:46:02
1921,ed944f404ac05451c8ae23c30783162b,BeatsbyDre,One-Hit Wonder,3.41,7,16922055,0.539,0,0,,,2.33,Emerging,2026-05-02 19:46:02
1921,d26233504376d3ad5cfd3255452ca8cc,RenaultSport,One-Hit Wonder,2.44,5,284755,0.75,0,0,,,2.33,Emerging,2026-05-02 19:46:02
1923,df0aebc7646d6f1018ddd9d2d89b553c,Smequle,One-Hit Wonder,2.93,6,142373,0.631,0,0,,,2.31,Emerging,2026-05-02 19:46:02
1924,dac6a6db1040f941f8af5e53870020bf,adidasFootball,One-Hit Wonder,3.41,7,14964217,0.503,0,0,,,2.27,Emerging,2026-05-02 19:46:02
1925,3e9829dc970ce41cadef93f5c8bbef64,WLKYNewsLouisville,One-Hit Wonder,1.46,3,20229,0.929,0,0,,,2.26,Emerging,2026-05-02 19:46:02
1926,59d0454c2ff9eff0d01798dda701c236,ThomasSebastian,One-Hit Wonder,0.49,1,3788,1.135,0,0,,,2.24,Emerging,2026-05-02 19:46:02
1927,77e8aa941a4a901328be26dc8797b54e,Goodwillsandusky,One-Hit Wonder,1.95,4,1064013,0.802,0,0,,,2.22,Emerging,2026-05-02 19:46:02
1928,5fc84d9dfb9270661175be5b02f31bd3,TopClips247,One-Hit Wonder,1.95,4,3562683,0.796,0,0,,,2.21,Emerging,2026-05-02 19:46:02
1928,98af4847ef5916042e7907231f012408,L2inc,One-Hit Wonder,1.46,3,1029076,0.905,0,0,,,2.21,Emerging,2026-05-02 19:46:02
1930,f336a4e8781864cd4a86dc3d2b57c502,BobPrzybylo,One-Hit Wonder,2.93,6,73390,0.572,0,0,,,2.2,Emerging,2026-05-02 19:46:02
1931,3688942c75f0b970150a16b0404711c0,CMT,One-Hit Wonder,3.41,7,396418,0.452,0,0,,,2.18,Emerging,2026-05-02 19:46:02
1931,f3db0d3b501ff36ae2405af1c8437617,DraftExpress,One-Hit Wonder,0.98,2,3384,0.994,0,0,,,2.18,Emerging,2026-05-02 19:46:02
1933,1b5e103832342741eae1f3be3f7906fd,Budweiser,One-Hit Wonder,3.41,7,28592638,0.365,0.49,0,9293828,5,2.17,Emerging,2026-05-02 19:46:02
1933,af3623c0c6e18f44e2033e36fe7d1502,CanadaSoccer,One-Hit Wonder,1.46,3,126927,0.883,0,0,,,2.17,Emerging,2026-05-02 19:46:02
1935,e548324c3cd5ce3b73df7e0943d67e5e,TheSydneyMorningHerald,One-Hit Wonder,2.44,5,15321,0.649,0,0,,,2.14,Emerging,2026-05-02 19:46:02
1935,44720baa4abb60e1028e7c0ee6dfc55b,VoteTheProcess,One-Hit Wonder,1.95,4,355227,0.758,0,0,,,2.14,Emerging,2026-05-02 19:46:02
1935,9f183bdb66dbd945170af456c307ed76,FunnyCommercials,One-Hit Wonder,1.46,3,2821311,0.864,0,0,,,2.14,Emerging,2026-05-02 19:46:02
1935,e2308b1c2a575449a881fd794154462e,Blockbuster,One-Hit Wonder,0.49,1,12609,1.079,0,0,,,2.14,Emerging,2026-05-02 19:46:02
1939,5c7e076937da7c1e9a00f383432a05fd,Channel4,One-Hit Wonder,1.46,3,73387,0.857,0,0,,,2.13,Emerging,2026-05-02 19:46:02
1939,deec5cb3a45f3f844d0bcd027ad087d7,chrislee,One-Hit Wonder,0.49,1,160012,1.076,0,0,,,2.13,Emerging,2026-05-02 19:46:02
1941,2528ff961521588a48123b52c88c8dad,FootLocker,One-Hit Wonder,4.88,10,15409025,0.093,0,0,,,2.12,Emerging,2026-05-02 19:46:02
1941,3b76e29db458c1486170b436713edae5,BMWUSA,One-Hit Wonder,1.46,3,3174474,0.853,0,0,,,2.12,Emerging,2026-05-02 19:46:02
1941,edecb01c8e6c628a76e45bce17f528a3,edlover4real,One-Hit Wonder,0.49,1,6172,1.069,0,0,,,2.12,Emerging,2026-05-02 19:46:02
1944,f39ea7c3c389457ed6fa135a686d83b8,ombremor,One-Hit Wonder,2.44,5,612401,0.63,0,0,,,2.11,Emerging,2026-05-02 19:46:02
1945,08b4c7da6395e4281960a407d005f2f8,DrinkBODYARMOR,One-Hit Wonder,4.39,9,3487437,0.189,0,0,,,2.1,Emerging,2026-05-02 19:46:02
1945,68e70edf9b39a6c965b2223653633c73,RellaOntheradio,One-Hit Wonder,2.44,5,8629097,0.624,0,0,,,2.1,Emerging,2026-05-02 19:46:02
1945,fc0393863106db36e9ab348ae7d077c6,ChappellRoan,One-Hit Wonder,1.46,3,96111,0.841,0,0,,,2.1,Emerging,2026-05-02 19:46:02
1948,2c6101014d386a938e88a52e29743e34,FrankieVision,One-Hit Wonder,0.49,1,220548,1.046,0,0,,,2.08,Emerging,2026-05-02 19:46:02
1949,e389cb8f1ffc5bab73426588b703fa57,NBAonESPN,One-Hit Wonder,2.44,5,49357,0.603,0,0,,,2.06,Emerging,2026-05-02 19:46:02
1949,02b572da8005bb0a90683a1d1e0fce94,SRAMMTB,One-Hit Wonder,1.46,3,183730,0.822,0,0,,,2.06,Emerging,2026-05-02 19:46:02
1951,220f03da6a2786e4803ee3eb9e91d383,RepublicanNewsWatch,One-Hit Wonder,0.49,1,3596,1.029,0,0,,,2.05,Emerging,2026-05-02 19:46:02
1952,cd4ab5204ccc0eff16cc5a71d306d73c,gameslice,One-Hit Wonder,1.46,3,12052466,0.801,0,0,,,2.03,Emerging,2026-05-02 19:46:02
1952,2f2b3024bbb49a6f4b666163ce9b5d07,FunnyNews,One-Hit Wonder,0.98,2,870774,0.911,0,0,,,2.03,Emerging,2026-05-02 19:46:02
1954,cf811517566a5a45374ead675b6ec551,TurkishAirlines,One-Hit Wonder,3.41,7,86666242,0.042,1.95,0.98,18148180,5.3,2.02,Emerging,2026-05-02 19:46:02
1954,dbcd83e9d1454a803589853b0b359fa9,USNavy,One-Hit Wonder,1.95,4,851915,0.687,0,0,,,2.02,Emerging,2026-05-02 19:46:02
1956,fddd3540e3702c97b0e48a5ab7322896,cgriesemer,One-Hit Wonder,2.93,6,332627,0.456,0,0,,,1.99,Emerging,2026-05-02 19:46:02
1956,23fbb96f9b25b5707d0fbe6ed939193c,JoshLevine,One-Hit Wonder,2.93,6,11638,0.456,0,0,,,1.99,Emerging,2026-05-02 19:46:02
1956,680c956b921a122dd77144d3e9ff9c98,GondwanaCollectionNamibia,One-Hit Wonder,0.49,1,213584,0.998,0,0,,,1.99,Emerging,2026-05-02 19:46:02
1959,d7db249dda1eb00c39f8bc8392a63961,BehindTheSounds,One-Hit Wonder,1.95,4,347321,0.666,0,0,,,1.98,Emerging,2026-05-02 19:46:02
1960,917bc4024cc9d8314cbd6b4f3d43259e,KiaMotorsAmerica,One-Hit Wonder,3.41,7,18470406,0.332,0,0,,,1.96,Emerging,2026-05-02 19:46:02
1960,98847e4f113c1efc0ba3b6bb6849fb84,souviendra,One-Hit Wonder,2.93,6,506362,0.436,0,0,,,1.96,Emerging,2026-05-02 19:46:02
1960,f16c62a17c6e034d23a94c11efa71fa3,NickiShields,One-Hit Wonder,1.46,3,102765,0.764,0,0,,,1.96,Emerging,2026-05-02 19:46:02
1963,3ca2c329c6d8c41351a576d91b2190f5,CristiCristian,One-Hit Wonder,0.98,2,1556025,0.868,0,0,,,1.95,Emerging,2026-05-02 19:46:02
1964,150f3e85b6f1a521d396000ac135fc7d,RyanDavidson,One-Hit Wonder,2.93,6,744168,0.426,0,0,,,1.94,Emerging,2026-05-02 19:46:02
1964,a845c9883f4ae444f294246f4bd4d121,MovieMunchies,One-Hit Wonder,2.44,5,607934,0.534,0,0,,,1.94,Emerging,2026-05-02 19:46:02
1964,03f1176f21ee570968a9bffc976635f1,TrystNetwork,One-Hit Wonder,2.44,5,250298,0.537,0,0,,,1.94,Emerging,2026-05-02 19:46:02
1967,3a3b6ea4b47661d331970adba9b62292,Daelric,One-Hit Wonder,0.98,2,98287,0.857,0,0,,,1.93,Emerging,2026-05-02 19:46:02
1967,30d295fc28bf8ab67c2399ad3d3b0f8b,TamarChronicles,One-Hit Wonder,0.49,1,451356,0.966,0,0,,,1.93,Emerging,2026-05-02 19:46:02
1969,e09ff600c3cf7e0064f6973ed8022f42,ParisHilton,One-Hit Wonder,2.93,6,1558854,0.416,0,0,,,1.92,Emerging,2026-05-02 19:46:02
1969,87d91d2a41ad8f1dc69e31574df822d3,BethKobliner,One-Hit Wonder,2.44,5,1377729,0.523,0,0,,,1.92,Emerging,2026-05-02 19:46:02
1971,80e2d7c18ea4afb1f5ef0ab0130df9e4,Shawn,One-Hit Wonder,0.49,1,7036,0.952,0,0,,,1.91,Emerging,2026-05-02 19:46:02
1972,fc86fa410e115355a1effeefe883275c,greeenpro,One-Hit Wonder,1.46,3,33547,0.733,0,0,,,1.9,Emerging,2026-05-02 19:46:02
1973,74dee8742b1508f86cef0f0ab00a5506,WorldEyes,One-Hit Wonder,2.93,6,79533,0.4,0,0,,,1.89,Emerging,2026-05-02 19:46:02
1973,9ab1990f375ca3c464c8bda5fb2a417e,MayoClinic,One-Hit Wonder,0.49,1,237307,0.94,0,0,,,1.89,Emerging,2026-05-02 19:46:02
1975,19eb15dedc07f9a1ffe634301793e4ed,PersilProClean,One-Hit Wonder,3.41,7,2858154,0.287,0,0,,,1.88,Emerging,2026-05-02 19:46:02
1975,9af606ecc5a5cff1cb05cf23c4f2173d,Intuit,One-Hit Wonder,1.95,4,46410511,0.288,1.95,0,11602628,5.5,1.88,Emerging,2026-05-02 19:46:02
1977,5c55b988ba77af1cd43b0354be6faf48,CarCommercialsofthePast,One-Hit Wonder,1.95,4,19021,0.604,0,0,,,1.87,Emerging,2026-05-02 19:46:02
1978,3a243521d5486d58f22888a9c8d001dc,OpenRoadFilms,One-Hit Wonder,3.41,7,20319703,0.278,0,0,,,1.86,Emerging,2026-05-02 19:46:02
1978,0a90ab02753d8fc0d96c9f8a1c1d56b8,EltonJohnVEVO,One-Hit Wonder,2.93,6,5050726,0.381,0,0,,,1.86,Emerging,2026-05-02 19:46:02
1980,6db16577e831487bc94853a313d30e1f,AtlantaHawks,One-Hit Wonder,1.46,3,9202,0.704,0,0,,,1.85,Emerging,2026-05-02 19:46:02
1981,6d8f7bed0d03bb45002d0f131f93a3db,OnurAltuSever,One-Hit Wonder,2.93,6,106135,0.372,0,0,,,1.84,Emerging,2026-05-02 19:46:02
1981,35a3bf674ebaca2b4cd21288a44d6d0c,FrownsUpsideDown,One-Hit Wonder,1.95,4,43332,0.588,0,0,,,1.84,Emerging,2026-05-02 19:46:02
1983,a38a018ab458b0ce9c54706307a8baf9,Wixcom,One-Hit Wonder,2.44,5,1373974,0.472,0,0,,,1.83,Emerging,2026-05-02 19:46:02
1984,6ba8c9e7bcba64e226e40ad88e77c99e,yeokm1,One-Hit Wonder,0.49,1,24311,0.905,0,0,,,1.82,Emerging,2026-05-02 19:46:02
1985,6a2d8956c4253af5a28e787673c7dd94,Amazoncouk,One-Hit Wonder,2.44,5,438045,0.462,0,0,,,1.81,Emerging,2026-05-02 19:46:02
1985,e69e63cf53b2ac2462c07ffa29f4b427,AFPnewsagency,One-Hit Wonder,1.95,4,15574,0.573,0,0,,,1.81,Emerging,2026-05-02 19:46:02
1985,896b7d3018a6410778e56c028769c394,TaylorAlexander,One-Hit Wonder,0.49,1,5584,0.895,0,0,,,1.81,Emerging,2026-05-02 19:46:02
1988,1a10be3692cec335c74387f33221a6fa,Lifetime,One-Hit Wonder,2.44,5,277438,0.455,0,0,,,1.8,Emerging,2026-05-02 19:46:02
1988,ff50f6cad7d70de4d891a350d717fae4,TSNTube,One-Hit Wonder,0.49,1,141052,0.891,0,0,,,1.8,Emerging,2026-05-02 19:46:02
1988,38eb5982b0679a71831557a42487e61d,TalksatGoogle,One-Hit Wonder,0.49,1,53000,0.891,0,0,,,1.8,Emerging,2026-05-02 19:46:02
1991,19da1af36c55edb5e7777ea903e4ee74,JohnSellars,One-Hit Wonder,2.44,5,7936,0.452,0,0,,,1.79,Emerging,2026-05-02 19:46:02
1991,96ad3246df7e8e755ea4d5d3070b96fd,EmmaMassingale,One-Hit Wonder,1.95,4,66436,0.559,0,0,,,1.79,Emerging,2026-05-02 19:46:02
1991,7fc7b4d60377c925ef4e08f5b837a71d,LateShowwithDavidLetterman,One-Hit Wonder,0.98,2,386441,0.776,0,0,,,1.79,Emerging,2026-05-02 19:46:02
1994,4b29e7e8e4a87f81229296ad2e5aef3e,Symon,One-Hit Wonder,2.44,5,321089,0.448,0,0,,,1.78,Emerging,2026-05-02 19:46:02
1994,3a52bd20cad2d8fb71c886a420a8e76f,CyprusAirHeatingCoolingandFireplaces,One-Hit Wonder,1.95,4,1259046,0.557,0,0,,,1.78,Emerging,2026-05-02 19:46:02
1994,21a0b1793e9cce44ad984711ff854fcc,UselessDuckCompany,One-Hit Wonder,1.95,4,213163,0.557,0,0,,,1.78,Emerging,2026-05-02 19:46:02
1994,5348b9b6574f4a19a77d3abee88ba2b8,NWSSanDiego,One-Hit Wonder,1.95,4,19932,0.553,0,0,,,1.78,Emerging,2026-05-02 19:46:02
1994,c6fbd2068f92e98cd30a6dc3ee715ddb,UsWeekly,One-Hit Wonder,1.46,3,109438,0.667,0,0,,,1.78,Emerging,2026-05-02 19:46:02
1994,25da6356f3f3cb1dae3c5570f4b929a7,JimBrowski96HourNews,One-Hit Wonder,1.46,3,78474,0.664,0,0,,,1.78,Emerging,2026-05-02 19:46:02
1994,eb96cd5c05eabbb0914aecb06df18e70,MrNorrisVideos,One-Hit Wonder,0.98,2,255161,0.769,0,0,,,1.78,Emerging,2026-05-02 19:46:02
2001,0ca3510b0b8d4edb896f61e356d019fe,KYuen,One-Hit Wonder,0.49,1,33260,0.872,0,0,,,1.77,Emerging,2026-05-02 19:46:02
2002,9af6cb9c94f1960c22bb6d44a2713c11,cheeseandjamsandwich,One-Hit Wonder,4.39,9,8364659,0,0,0,,,1.76,Emerging,2026-05-02 19:46:02
2002,5e42e8827e536bfc12b6ebe494d3dea4,SyracuseOrange,One-Hit Wonder,2.44,5,76190,0.436,0,0,,,1.76,Emerging,2026-05-02 19:46:02
2004,e1b5ce755158d435b2d5a8c1b9355378,FordMotorCompany,One-Hit Wonder,1.46,3,302706,0.65,0,0,,,1.75,Emerging,2026-05-02 19:46:02
2005,4f085c00a667acdfe63de1de6ccc3c68,Oceana,One-Hit Wonder,2.44,5,36420,0.423,0,0,,,1.74,Emerging,2026-05-02 19:46:02
2005,5e39b390fec216ebc1f5224f8198a2a9,MikeH,One-Hit Wonder,1.95,4,35257,0.536,0,0,,,1.74,Emerging,2026-05-02 19:46:02
2007,9dc2d3ec5eeaa6b1594499b16442f7f8,HOTSPOTATL,One-Hit Wonder,1.46,3,9331,0.632,0,0,,,1.72,Emerging,2026-05-02 19:46:02
2008,7e25e30cd91d8faf216106186ca9e89a,vnbreyes,One-Hit Wonder,3.9,8,24546,0.081,0,0,,,1.71,Emerging,2026-05-02 19:46:02
2008,916111caa7a6721c08ff74368c803157,BusinessInsiderAu,One-Hit Wonder,2.44,5,61875,0.41,0,0,,,1.71,Emerging,2026-05-02 19:46:02
2008,88c990eec50f792c104bf7f21ef4e048,Vostokbike,One-Hit Wonder,0.98,2,2322,0.732,0,0,,,1.71,Emerging,2026-05-02 19:46:02
2011,980b7f02a81fb15b0a2107f2b16e09d8,marjolijn2,One-Hit Wonder,1.46,3,94077,0.622,0,0,,,1.7,Emerging,2026-05-02 19:46:02
2012,6f08dc938281a217535645c99ba81f86,MastersOfTheSun,One-Hit Wonder,1.46,3,14142,0.616,0,0,,,1.69,Emerging,2026-05-02 19:46:02
2013,c7a6828437bc6eaa9607fe12a775882e,ContextInformationSecurity,One-Hit Wonder,0.98,2,7392,0.717,0,0,,,1.68,Emerging,2026-05-02 19:46:02
2014,d86a5d8be9fe8504ecec922dfab8be7d,Tormplace,One-Hit Wonder,1.95,4,127907,0.492,0,0,,,1.67,Emerging,2026-05-02 19:46:02
2015,7a216d06c7ae74bbe0a529763afb7bd6,automotivemaster1972,One-Hit Wonder,2.93,6,14131,0.272,0,0,,,1.66,Emerging,2026-05-02 19:46:02
2015,693488299742bd49e175ff947d113994,FordEurope,One-Hit Wonder,0.98,2,23852,0.707,0,0,,,1.66,Emerging,2026-05-02 19:46:02
2017,0f7d3298e3d3be395ba94bc2e008d56c,RyanNorthover,One-Hit Wonder,2.93,6,227989,0.267,0,0,,,1.65,Emerging,2026-05-02 19:46:02
2017,281fc70cdb30535be3728fe809f686ec,KevinNoonan,One-Hit Wonder,2.44,5,66740,0.376,0,0,,,1.65,Emerging,2026-05-02 19:46:02
2019,48daec49e9e694cac54b54cc76124f69,heroedelahistoria,One-Hit Wonder,2.93,6,294757,0.252,0,0,,,1.63,Emerging,2026-05-02 19:46:02
2019,cb06a98bcf35a7bf22db594d227ed69d,StewartBrand,One-Hit Wonder,0.49,1,6412,0.795,0,0,,,1.63,Emerging,2026-05-02 19:46:02
2021,1311c6ffbb2ad3ba426fe0b5e7f67508,MakersBox,One-Hit Wonder,1.46,3,25780,0.578,0,0,,,1.62,Emerging,2026-05-02 19:46:02
2021,77ff48b5411a7786171136f3dceb032e,onsetfacilitiescom,One-Hit Wonder,0.49,1,404058,0.789,0,0,,,1.62,Emerging,2026-05-02 19:46:02
2023,74c1c5021c0091c5245a6070b102b685,misleadingsilhouette,One-Hit Wonder,0.49,1,45096,0.787,0,0,,,1.61,Emerging,2026-05-02 19:46:02
2024,4e9b06a9ea4c82e1070f288111ef7d49,PrimeVideo,One-Hit Wonder,2.44,5,32010035,0.022,1.95,0,7647136,6.3,1.6,Emerging,2026-05-02 19:46:02
2025,4d2610e4e36da1515e72756376aa0e76,Groupon,One-Hit Wonder,3.41,7,26402350,0.046,0.49,0,4924380,10,1.59,Emerging,2026-05-02 19:46:02
2025,f5d8a7911c6c6de450d7d09f2f874137,DunkFest,One-Hit Wonder,2.93,6,651570,0.232,0,0,,,1.59,Emerging,2026-05-02 19:46:02
2025,9f0e70ff999b5f907977bbd48aabd26c,TheUniversityofChicago,One-Hit Wonder,1.95,4,30184,0.451,0,0,,,1.59,Emerging,2026-05-02 19:46:02
2025,646d2456cecdf3859c78f9e754391c8d,paulwheaton,One-Hit Wonder,1.46,3,221425,0.558,0,0,,,1.59,Emerging,2026-05-02 19:46:02
2025,51c8d0147cf30113598873dd7a81d50b,JanPaul123,One-Hit Wonder,0.49,1,4253,0.776,0,0,,,1.59,Emerging,2026-05-02 19:46:02
2030,5f987641211f6d1bed7691954268bae1,SrinathS,One-Hit Wonder,0.98,2,174320,0.658,0,0,,,1.58,Emerging,2026-05-02 19:46:02
2031,0c49da8c2bcca6e123e7092ddc637921,MovieclipsFilmFestivalsIndieFilms,One-Hit Wonder,0.49,1,26033,0.761,0,0,,,1.57,Emerging,2026-05-02 19:46:02
2032,228140c155f5524f8a17323331505414,Snapchat,One-Hit Wonder,3.9,8,21791461,0,0,0,,,1.56,Emerging,2026-05-02 19:46:02
2032,81c3ff5d4941e94e49f40a93913bb123,WeatherTech,One-Hit Wonder,1.95,4,1886555,0.433,0,0,,,1.56,Emerging,2026-05-02 19:46:02
2032,ffa7e6ed1c766fbf47c6c2607eeefe69,VideoGameAds,One-Hit Wonder,1.95,4,15658,0.435,0,0,,,1.56,Emerging,2026-05-02 19:46:02
2032,e479d6f9f13113d7fd0e434c40d02558,CBSPhilly,One-Hit Wonder,1.46,3,70221,0.543,0,0,,,1.56,Emerging,2026-05-02 19:46:02
2036,5938baf3004ae9558087bc872f2a3912,PrinceMarcus,One-Hit Wonder,1.95,4,26651,0.425,0,0,,,1.55,Emerging,2026-05-02 19:46:02
2037,4365da1ee849953dd0df527374b5dafb,AirPano,One-Hit Wonder,0.98,2,100412,0.638,0,0,,,1.54,Emerging,2026-05-02 19:46:02
2038,a600f2a34f3973a9b3dd60e05659cafe,PenguinBooksSouthAfrica,One-Hit Wonder,1.46,3,6736,0.52,0,0,,,1.52,Emerging,2026-05-02 19:46:02
2039,90208a7dcd73973bc9219339f66ad6d5,NewAmsterdam,One-Hit Wonder,2.93,6,35033110,0.185,0,0,,,1.51,Emerging,2026-05-02 19:46:02
2039,16d1bd5001e18b3fc2596bdc77738082,SodaStream,One-Hit Wonder,2.93,6,18171927,0.189,0,0,,,1.51,Emerging,2026-05-02 19:46:02
2039,6613cd9595878959e5ffb970b9a34d83,NARLtv,One-Hit Wonder,0.98,2,7244,0.621,0,0,,,1.51,Emerging,2026-05-02 19:46:02
2042,7b194f0e2755081f14f07feb55a4ec36,RoyalAcademyofArts,One-Hit Wonder,2.44,5,87284,0.289,0,0,,,1.5,Emerging,2026-05-02 19:46:02
2042,b2710309db521de88a6087cf74dcbc42,MichaelBubl,One-Hit Wonder,1.46,3,772722,0.507,0,0,,,1.5,Emerging,2026-05-02 19:46:02
2042,c65ff9bc152122c76b6f5fbb742ed27e,SingleShot,One-Hit Wonder,1.46,3,2951,0.509,0,0,,,1.5,Emerging,2026-05-02 19:46:02
2045,6273534f65780f83802775e09568487b,RZSSHighlandWildlifePark,One-Hit Wonder,1.95,4,14501,0.387,0,0,,,1.48,Emerging,2026-05-02 19:46:02
2046,12bb9cc313272898b38a6ffe9a0c81fe,MichaelRigsby,One-Hit Wonder,1.95,4,6771,0.385,0,0,,,1.47,Emerging,2026-05-02 19:46:02
2046,2cc32f77b1e1a0290e5aedb3ff80412f,dekuNukem,One-Hit Wonder,1.46,3,4636,0.491,0,0,,,1.47,Emerging,2026-05-02 19:46:02
2046,9c52f557ad33e8b17d63f0dc31a03bdf,GenuineSurvivalResearchLabs,One-Hit Wonder,0.98,2,39113,0.601,0,0,,,1.47,Emerging,2026-05-02 19:46:02
2046,1f657e57027b1618fd1076d16d85d490,HumbleDesign,One-Hit Wonder,0.49,1,23634,0.707,0,0,,,1.47,Emerging,2026-05-02 19:46:02
2050,4bc2b5cb50c9af4ef28233a2280fcfe4,SportsLoversn1,One-Hit Wonder,2.44,5,151148,0.27,0,0,,,1.46,Emerging,2026-05-02 19:46:02
2050,2cbb43146c06245a0c6db8389841c374,KatCunning,One-Hit Wonder,1.46,3,65739,0.487,0,0,,,1.46,Emerging,2026-05-02 19:46:02
2052,becb7c207f85cc2c4dd292adf71e6c76,NoahNicholls,One-Hit Wonder,1.95,4,5444065,0.374,0,0,,,1.45,Emerging,2026-05-02 19:46:02
2052,b2099f2a71d98a834e00160ec6cc71f9,CocaCola,One-Hit Wonder,1.95,4,2559038,0.372,0,0,,,1.45,Emerging,2026-05-02 19:46:02
2054,e239c082bbeebe90561e7d058b532535,iotexpert,One-Hit Wonder,1.46,3,10067,0.477,0,0,,,1.44,Emerging,2026-05-02 19:46:02
2054,df05b8c718e06884d8507d6f7f1c8ca4,CrossKut316,One-Hit Wonder,0.98,2,227777,0.584,0,0,,,1.44,Emerging,2026-05-02 19:46:02
2056,6e9b3c41f0fa007a6bd3c30a23d4a0eb,SpectrumHaleskarth,One-Hit Wonder,1.95,4,24247,0.359,0,0,,,1.43,Emerging,2026-05-02 19:46:02
2056,55566ede4263e0cce9d822e0a27cffe8,jeremiahjohnson,One-Hit Wonder,1.95,4,12749,0.361,0,0,,,1.43,Emerging,2026-05-02 19:46:02
2056,3b236292d0a7529d3e7cf5203a43792e,BillyCrammer,One-Hit Wonder,0.49,1,89872,0.683,0,0,,,1.43,Emerging,2026-05-02 19:46:02
2059,a6a8cdaf19c65397aa9c33ef0570019f,NavenanthenGepardieu,One-Hit Wonder,1.95,4,84501,0.358,0,0,,,1.42,Emerging,2026-05-02 19:46:02
2060,f72ec1f85100d80f22de1424bf75db7d,FloSports,One-Hit Wonder,1.95,4,116600,0.33,0,0,,,1.37,Emerging,2026-05-02 19:46:02
2061,1821d4402ee7ead2d94be973bbb23bea,DancingOnIce,One-Hit Wonder,3.41,7,4088688,0,0,0,,,1.36,Emerging,2026-05-02 19:46:02
2061,4291649ad7569cda5981b6bc0c2916cf,AlphaEntertainment,One-Hit Wonder,3.41,7,894601,0,0,0,,,1.36,Emerging,2026-05-02 19:46:02
2061,1caa66dd0aae8c5568d918a202ac831d,hudsonunionsociety,One-Hit Wonder,3.41,7,233441,0,0,0,,,1.36,Emerging,2026-05-02 19:46:02
2064,dbb436a2d250d7ca313d133e719a0de3,MNkhan,One-Hit Wonder,2.44,5,6802599,0.21,0,0,,,1.35,Emerging,2026-05-02 19:46:02
2064,82f3950350a9549d199e22d640493632,StoryfulNews,One-Hit Wonder,0.49,1,244532,0.643,0,0,,,1.35,Emerging,2026-05-02 19:46:02
2066,9d2e3bcf313c4f74f1ad0abf2d547ec2,mondaycomformerlydapulse,One-Hit Wonder,1.46,3,15544,0.419,0,0,,,1.34,Emerging,2026-05-02 19:46:02
2066,566aa743c6ef3bb9b020f80afe1211f7,TheInertia,One-Hit Wonder,0.49,1,65371,0.633,0,0,,,1.34,Emerging,2026-05-02 19:46:02
2068,ffc3dc096e3578a9474b7976953f0ef9,Sprint,One-Hit Wonder,2.44,5,4983540,0.199,0,0,,,1.33,Emerging,2026-05-02 19:46:02
2068,998814ee1d73cbf3819ba15b35e805ac,geicocaveman2012,One-Hit Wonder,1.46,3,530967,0.415,0,0,,,1.33,Emerging,2026-05-02 19:46:02
2070,60a0a2c5e7957dfd0d3f8b9b8322f269,LDEntertainment,One-Hit Wonder,2.93,6,3044534,0.08,0,0,,,1.32,Emerging,2026-05-02 19:46:02
2070,6a05551507ad55a78dcd38ceee708dfe,KitaOsaka,One-Hit Wonder,1.46,3,16910,0.408,0,0,,,1.32,Emerging,2026-05-02 19:46:02
2070,cc2c6293f3057359614bc1a5f079be64,ekaggratsinghkalsi,One-Hit Wonder,0.98,2,12787,0.513,0,0,,,1.32,Emerging,2026-05-02 19:46:02
2073,f0a2e63667d760861ca8a7f4f5e2a707,KINDSnacks,One-Hit Wonder,2.93,6,1597750,0.075,0,0,,,1.31,Emerging,2026-05-02 19:46:02
2074,33fc5e46efd1b03ec5d016cf2b36deca,ConfuseNews,One-Hit Wonder,0.98,2,182858,0.504,0,0,,,1.3,Emerging,2026-05-02 19:46:02
2074,777a1d0068d3cfba439a652ff132b2b5,JamieDemeter,One-Hit Wonder,0.49,1,163780,0.612,0,0,,,1.3,Emerging,2026-05-02 19:46:02
2076,2b19ea13fdf774edcad10e285eb5703b,DuncanSinfield,One-Hit Wonder,0.98,2,576127,0.493,0,0,,,1.28,Emerging,2026-05-02 19:46:02
2076,da0eae63f503f083f798756b770fa239,razzark666,One-Hit Wonder,0.98,2,104148,0.491,0,0,,,1.28,Emerging,2026-05-02 19:46:02
2078,a04dd1f35ad4a7ab83da27bc93dbd96b,AmarullahRizky,One-Hit Wonder,1.46,3,30801,0.38,0,0,,,1.27,Emerging,2026-05-02 19:46:02
2079,27f6551b81ef1d06dfb5b32a5c26bfb0,NickRamos,One-Hit Wonder,2.44,5,6436629,0.157,0,0,,,1.26,Emerging,2026-05-02 19:46:02
2079,2e8c9b147369255cbeb5a2fbc3991d53,cocheusadoooo,One-Hit Wonder,1.46,3,489259,0.373,0,0,,,1.26,Emerging,2026-05-02 19:46:02
2081,e0b03409b2dd7b9d976fb67936b98fc8,MecumAuctions,One-Hit Wonder,0.98,2,184459,0.472,0,0,,,1.24,Emerging,2026-05-02 19:46:02
2081,bb5d68b16fabdcfd27cf5929a27ae181,NeilFraser,One-Hit Wonder,0.98,2,3812,0.472,0,0,,,1.24,Emerging,2026-05-02 19:46:02
2081,6eaec6177b64f84906d07a006951d7cd,CIRCUITBEARD,One-Hit Wonder,0.49,1,3114,0.578,0,0,,,1.24,Emerging,2026-05-02 19:46:02
2084,ce749b3a803a7410f452f63555686aae,FMilburn,One-Hit Wonder,1.95,4,11486,0.252,0,0,,,1.23,Emerging,2026-05-02 19:46:02
2084,c7c13473583415dc829d8b3016f5bd53,Campari,One-Hit Wonder,1.46,3,368741,0.359,0,0,,,1.23,Emerging,2026-05-02 19:46:02
2084,b03d75bde5421c76e31e82deb0408ca9,StefanyGonzalez,One-Hit Wonder,0.98,2,23442,0.465,0,0,,,1.23,Emerging,2026-05-02 19:46:02
2087,1b0248bb089d1b3e5d3eeb9d695c4934,AbhishekSingh,One-Hit Wonder,1.95,4,1070903,0.247,0,0,,,1.22,Emerging,2026-05-02 19:46:02
2087,7781b673c49112f5e88e01dea41c47bf,JGasser,One-Hit Wonder,1.95,4,4468,0.245,0,0,,,1.22,Emerging,2026-05-02 19:46:02
2087,337f4e17a3c2401c8e93d46f575f91ae,Facelesstech,One-Hit Wonder,1.46,3,3927,0.356,0,0,,,1.22,Emerging,2026-05-02 19:46:02
2087,adcf3b3200472eb7bafae1583709a739,LOFTONSHAW,One-Hit Wonder,0.98,2,10437,0.46,0,0,,,1.22,Emerging,2026-05-02 19:46:02
2087,f7d307425ecded94951da24ca02afc82,CheckItOut,One-Hit Wonder,0.49,1,894787,0.569,0,0,,,1.22,Emerging,2026-05-02 19:46:02
2092,de9402e6c300b9f0f44bc9166a4604fa,Squarespace,One-Hit Wonder,1.95,4,2543558,0.237,0,0,,,1.21,Emerging,2026-05-02 19:46:02
2093,33c0c048299ddbfc44686d261aa5cb68,fuzywazacolin,One-Hit Wonder,1.46,3,74307,0.343,0,0,,,1.2,Emerging,2026-05-02 19:46:02
2093,5ebb237746baf8b9500b0763de807c8a,FrogTheRooster,One-Hit Wonder,0.98,2,463694,0.448,0,0,,,1.2,Emerging,2026-05-02 19:46:02
2095,914024e5879f3e365ffc36134042f3e0,CrazyLaughAction,One-Hit Wonder,1.95,4,494534,0.229,0,0,,,1.19,Emerging,2026-05-02 19:46:02
2095,4fa139f00dfaa8b5760795baffddad1c,UCANZippersUSA,One-Hit Wonder,1.46,3,13648,0.337,0,0,,,1.19,Emerging,2026-05-02 19:46:02
2097,238cf6f9989fc7588fc5bfa315a91040,Voicebot,One-Hit Wonder,2.44,5,18578,0.114,0,0,,,1.18,Emerging,2026-05-02 19:46:02
2098,f97d8731b869f4530c1a2ce612af9d7c,Slooh,One-Hit Wonder,2.93,6,1869637,0,0,0,,,1.17,Emerging,2026-05-02 19:46:02
2098,e35c6cec9d6926c128d46a25c0da9ff4,Pac12Networks,One-Hit Wonder,2.93,6,189886,0,0,0,,,1.17,Emerging,2026-05-02 19:46:02
2098,c3d469739b26489ebf49fb8d1be6db34,flirppy242,One-Hit Wonder,1.46,3,80022,0.326,0,0,,,1.17,Emerging,2026-05-02 19:46:02
2101,ceac8c16a4dcd0ce6283657726ed07dc,WestMidlandsPolice,One-Hit Wonder,2.44,5,3236524,0.101,0,0,,,1.16,Emerging,2026-05-02 19:46:02
2101,e79f36953eec6d0ffcb0686cf95455da,Freemeo,One-Hit Wonder,0.98,2,21441,0.429,0,0,,,1.16,Emerging,2026-05-02 19:46:02
2103,01aa1132b4ccf7471c860ac6d0e1a87e,TVOne,One-Hit Wonder,2.44,5,931829,0.097,0,0,,,1.15,Emerging,2026-05-02 19:46:02
2103,64d71b4eabcd8de0a1d64bd6d5973c50,Rise,One-Hit Wonder,1.95,4,1713328,0.203,0,0,,,1.15,Emerging,2026-05-02 19:46:02
2103,b93eab1d8a64932228215b8ed7a7fcfc,RedRobotIntelligentDistribution,One-Hit Wonder,1.46,3,313531,0.313,0,0,,,1.15,Emerging,2026-05-02 19:46:02
2106,f2bc3ad4a8751b4920ff3471fd31b760,OutbackSteakhouse,One-Hit Wonder,1.95,4,38782,0.198,0,0,,,1.14,Emerging,2026-05-02 19:46:02
2106,f7f72f2deda81ff4c53456ffaafcee91,TarasMalyar,One-Hit Wonder,0.98,2,5086,0.413,0,0,,,1.14,Emerging,2026-05-02 19:46:02
2106,1a2bbf4cf3a6f501e7aef3c3060884b7,AnakiAbo,One-Hit Wonder,0.49,1,358597,0.523,0,0,,,1.14,Emerging,2026-05-02 19:46:02
2106,696c13ff213e96a5193b75b1c68a0f26,ChrisSturgeon,One-Hit Wonder,0.49,1,3438,0.524,0,0,,,1.14,Emerging,2026-05-02 19:46:02
2110,acf85bce736bbd6b1fa2090aa56c5588,ebaera,One-Hit Wonder,1.46,3,9699,0.303,0,0,,,1.13,Emerging,2026-05-02 19:46:02
2110,185e1c4adc1bb56b3ed87ab922315334,SavedByTheMax,One-Hit Wonder,1.46,3,7008,0.302,0,0,,,1.13,Emerging,2026-05-02 19:46:02
2110,f00f6bad52e99b911f8dc9dd3202f1a2,BkavCorp,One-Hit Wonder,0.98,2,2247876,0.41,0,0,,,1.13,Emerging,2026-05-02 19:46:02
2110,3b64c1480b76d3006dcfb2beda7ca2bf,OjOCommuterScooterbyOjOElectric,One-Hit Wonder,0.98,2,1706,0.408,0,0,,,1.13,Emerging,2026-05-02 19:46:02
2114,02d48d841dcaddf074db7e8a3b030372,BarnSanctuary,One-Hit Wonder,0.98,2,308985,0.404,0,0,,,1.12,Emerging,2026-05-02 19:46:02
2115,2703e303aa2eb2a08299ca619698cf6b,TamikaHall,One-Hit Wonder,1.46,3,15658,0.294,0,0,,,1.11,Emerging,2026-05-02 19:46:02
2116,44053e70509008fcb17d9896a13902dc,BTSVideos,One-Hit Wonder,0.49,1,153341,0.501,0,0,,,1.1,Emerging,2026-05-02 19:46:02
2117,7545bfa02e8c3cdfb20bcc3fa52a4794,MGM,One-Hit Wonder,2.44,5,18178781,0.061,0,0,,,1.09,Emerging,2026-05-02 19:46:02
2117,5bc06f5800d415cc95e1349edbaca425,JS,One-Hit Wonder,0.98,2,442190,0.385,0,0,,,1.09,Emerging,2026-05-02 19:46:02
2117,91fe93f798f7ba2dbf559ef229781452,ElectronDust,One-Hit Wonder,0.98,2,9353,0.385,0,0,,,1.09,Emerging,2026-05-02 19:46:02
2117,41261ebf58661a6f5bb91931a663d214,CaterhamCars,One-Hit Wonder,0.49,1,4850,0.495,0,0,,,1.09,Emerging,2026-05-02 19:46:02
2117,7f9acc695f2a5ae91bdb81918e4a627f,CHauserable,One-Hit Wonder,0.49,1,1807,0.498,0,0,,,1.09,Emerging,2026-05-02 19:46:02
2122,2a216f6e6b568328b3387776339f1ac8,daronjay,One-Hit Wonder,1.46,3,10991,0.274,0,0,,,1.08,Emerging,2026-05-02 19:46:02
2123,dd30d7d2054b3f9e5343ce6b989745d6,LiviaGiustiniani,One-Hit Wonder,1.95,4,200257,0.156,0,0,,,1.06,Emerging,2026-05-02 19:46:02
2124,8d31e89dc09612ab40697ea0f9dcf849,Slednecks,One-Hit Wonder,0.98,2,10259,0.367,0,0,,,1.05,Emerging,2026-05-02 19:46:02
2125,752c361c02dc57c9882c0171e892c575,MilkmenDesign,One-Hit Wonder,1.95,4,20507,0.141,0,0,,,1.03,Emerging,2026-05-02 19:46:02
2125,82697de038668641f40bdd7ab32c242f,lugnutsoldcrap,One-Hit Wonder,0.98,2,13061,0.352,0,0,,,1.03,Emerging,2026-05-02 19:46:02
2127,d6388298e8c1d21e0c07438883f1aa9c,RESSENCEWATCHES,One-Hit Wonder,1.46,3,42187,0.24,0,0,,,1.02,Emerging,2026-05-02 19:46:02
2128,04214120e19066fc0c2a1a8897f3568a,LottoNewZealand,One-Hit Wonder,1.46,3,239401,0.231,0,0,,,1,Emerging,2026-05-02 19:46:02
2129,1a99a06a76fe99da15bae84cf57694d1,RedCurtainEnt,One-Hit Wonder,1.46,3,5961158,0.226,0,0,,,0.99,Emerging,2026-05-02 19:46:02
2130,00c1441600e5f82e6c5537b862030bd2,AvocadosFromMexico,One-Hit Wonder,1.95,4,2867651,0.104,0,0,,,0.97,Emerging,2026-05-02 19:46:02
2130,232490675a3d7b6d7a62a1fac1c69329,FlyFastandLow,One-Hit Wonder,1.46,3,12177,0.212,0,0,,,0.97,Emerging,2026-05-02 19:46:02
2132,3a847152e3a2373337414cee18d64814,BellatorMMA,One-Hit Wonder,0.98,2,2517679,0.308,0,0,,,0.95,Emerging,2026-05-02 19:46:02
2133,4fce450b96ab7d4bd473c106e63ad919,Missguided,One-Hit Wonder,0.49,1,4371,0.412,0,0,,,0.94,Emerging,2026-05-02 19:46:02
2134,2c398390227a79a64cfd3c62e854038d,SaskatchewanRush,One-Hit Wonder,1.46,3,6153,0.195,0,0,,,0.93,Emerging,2026-05-02 19:46:02
2135,9c8ea40dbde5fb84f17d5c891b0db476,TheGracieC,One-Hit Wonder,1.46,3,156094,0.186,0,0,,,0.92,Emerging,2026-05-02 19:46:02
2136,7d65acac029d730ce6f972d966a0d6fd,astroboy1960,One-Hit Wonder,0.98,2,30858,0.289,0,0,,,0.91,Emerging,2026-05-02 19:46:02
2136,6e260c94acea49ef6b75bf53761cebe7,SarasotaPoliceDepartment,One-Hit Wonder,0.98,2,2769,0.29,0,0,,,0.91,Emerging,2026-05-02 19:46:02
2138,1b5913756923e7e4e696b0badce685fc,MasterClass,One-Hit Wonder,1.95,4,8291604,0.068,0,0,,,0.9,Emerging,2026-05-02 19:46:02
2138,e016bb6146016d209ca9204bff0643e3,MassMutual,One-Hit Wonder,1.95,4,179241,0.066,0,0,,,0.9,Emerging,2026-05-02 19:46:02
2138,77a24fb2ee969e409184e7ce6e55cfb4,Aerie,One-Hit Wonder,0.49,1,5144,0.389,0,0,,,0.9,Emerging,2026-05-02 19:46:02
2141,b237142307bc47bb7a825ec7dea9cf15,CBSFilms,One-Hit Wonder,1.95,4,11322404,0.062,0,0,,,0.89,Emerging,2026-05-02 19:46:02
2141,635c8749938207114051e89915ea27a2,KevinRabatin,One-Hit Wonder,1.46,3,7087,0.169,0,0,,,0.89,Emerging,2026-05-02 19:46:02
2143,06c69213db00c17a6197c4cd3180f5c9,CraftyPanda,One-Hit Wonder,0.98,2,16433,0.273,0,0,,,0.88,Emerging,2026-05-02 19:46:02
2144,2239f1651979da4c20beed0bc75f6fb8,AdamWhitley,One-Hit Wonder,1.46,3,3053,0.16,0,0,,,0.87,Emerging,2026-05-02 19:46:02
2144,76c3e002d3c052bd6a909366a8dc3845,Manifest,One-Hit Wonder,0.49,1,2061448,0.373,0,0,,,0.87,Emerging,2026-05-02 19:46:02
2146,45a119630057d5bc6f4d1d345b8a7ede,CarlosCampos,One-Hit Wonder,1.95,4,15245,0.046,0,0,,,0.86,Emerging,2026-05-02 19:46:02
2146,806d8dab81a6592ad2a38eb535a8b879,MKDons,One-Hit Wonder,1.46,3,58437,0.152,0,0,,,0.86,Emerging,2026-05-02 19:46:02
2146,31a68d0a0109a9ad1311e70034c0db6c,CatersClips,One-Hit Wonder,0.49,1,90454,0.37,0,0,,,0.86,Emerging,2026-05-02 19:46:02
2149,785ed6868ec9a8c29c0d474fdc250aa1,theSkimm,One-Hit Wonder,0.98,2,24205,0.257,0,0,,,0.85,Emerging,2026-05-02 19:46:02
2150,9bb9ecacebfc6deb9866934f69b873a8,PaloAltoOnline,One-Hit Wonder,1.46,3,2116,0.142,0,0,,,0.84,Emerging,2026-05-02 19:46:02
2150,ad8359b290e9634564495a5aa3dbe76e,12News,One-Hit Wonder,0.98,2,177970,0.249,0,0,,,0.84,Emerging,2026-05-02 19:46:02
2152,b2f93fbc50ad487571327634aea9883e,GeoffMallinson,One-Hit Wonder,1.46,3,14363,0.139,0,0,,,0.83,Emerging,2026-05-02 19:46:02
2152,146c649526f3242566f11aad2af40780,GrDrtube,One-Hit Wonder,0.49,1,14289,0.35,0,0,,,0.83,Emerging,2026-05-02 19:46:02
2154,abc36950823da0a7e0a474b5b59fd873,Rappler,One-Hit Wonder,1.46,3,191869,0.133,0,0,,,0.82,Emerging,2026-05-02 19:46:02
2154,2f3c09701140db4b57ccfceabee34c7b,WQADNews8,One-Hit Wonder,1.46,3,22872,0.132,0,0,,,0.82,Emerging,2026-05-02 19:46:02
2154,e89bc503c05ebdee410f4878a33c69e2,Burritoxman,One-Hit Wonder,0.98,2,162396,0.238,0,0,,,0.82,Emerging,2026-05-02 19:46:02
2154,d61121a3bcd2ed62530fc84760379355,shoaib246,One-Hit Wonder,0.49,1,25796,0.349,0,0,,,0.82,Emerging,2026-05-02 19:46:02
2158,3cafcc11bf663aa1aa33e95062b9e21c,Stratolaunch,One-Hit Wonder,0.98,2,587619,0.222,0,0,,,0.79,Emerging,2026-05-02 19:46:02
2158,72309d05953e945c42ca02fee08331cf,SieuweElferink,One-Hit Wonder,0.98,2,9181,0.22,0,0,,,0.79,Emerging,2026-05-02 19:46:02
2158,84a6f4b9a50c29c4cccb9e0ad26d8c11,CharlesChan,One-Hit Wonder,0.49,1,12515,0.328,0,0,,,0.79,Emerging,2026-05-02 19:46:02
2161,153d951385c5fdca0deb46430d4c73e2,DJI,One-Hit Wonder,1.95,4,347586,0,0,0,,,0.78,Emerging,2026-05-02 19:46:02
2161,9ad49dc84ed0c5de8b6ebb83925b50d5,HARRY,One-Hit Wonder,1.95,4,15311,0,0,0,,,0.78,Emerging,2026-05-02 19:46:02
2161,b39c789d02efaa29558a6ac0fbc1c386,DefineAmerican,One-Hit Wonder,1.95,4,7427,0,0,0,,,0.78,Emerging,2026-05-02 19:46:02
2161,1bfa8153ff34def767926e5ef583df4c,DavidSteuer,One-Hit Wonder,0.49,1,27779,0.324,0,0,,,0.78,Emerging,2026-05-02 19:46:02
2165,6e4aeeece7c2798497dcee1e4bdd20fb,TentmakerPictures,One-Hit Wonder,1.46,3,7275,0.093,0,0,,,0.75,Emerging,2026-05-02 19:46:02
2165,ffa40bab053c8466c3961d4d253748ec,PKInventor,One-Hit Wonder,0.49,1,5509,0.309,0,0,,,0.75,Emerging,2026-05-02 19:46:02
2167,f5b09ab4dc94bcfdcababf7a188d3fa6,VideoLibrary,One-Hit Wonder,1.46,3,38824,0.084,0,0,,,0.74,Emerging,2026-05-02 19:46:02
2167,77e3476bca614d55a4398ab9a8f53d9d,KevinStein,One-Hit Wonder,1.46,3,7151,0.084,0,0,,,0.74,Emerging,2026-05-02 19:46:02
2167,0a745262c0fb9c0cbd9344e0cc63271d,Itzztonytony,One-Hit Wonder,0.98,2,600850,0.195,0,0,,,0.74,Emerging,2026-05-02 19:46:02
2170,14b20da3a6966cae5af8b4a566aac234,Coachella,One-Hit Wonder,1.46,3,38740070,0,0.49,0,24004779,4,0.73,Emerging,2026-05-02 19:46:02
2170,48cef012cf427c63a669d149a31753a9,MattMasonPhotography,One-Hit Wonder,0.98,2,194693,0.188,0,0,,,0.73,Emerging,2026-05-02 19:46:02
2172,22a056a5ba84bc00c5a8e1961031cc90,QUARTZ,One-Hit Wonder,1.46,3,196913,0.066,0,0,,,0.7,Emerging,2026-05-02 19:46:02
2172,9bf50ad2af62c9f01f0be5a6bdb37224,negermano,One-Hit Wonder,0.98,2,5209,0.173,0,0,,,0.7,Emerging,2026-05-02 19:46:02
2172,03d8a31fe62908dfdaac78634612f247,Absolut,One-Hit Wonder,0.49,1,586498,0.282,0,0,,,0.7,Emerging,2026-05-02 19:46:02
2175,c90762b26f682ee40294dcd49d36ed09,JennyHanell,One-Hit Wonder,0.49,1,1827,0.274,0,0,,,0.69,Emerging,2026-05-02 19:46:02
2176,88e7c5fd43d155739d4e88c8db75ad6e,dannotv,One-Hit Wonder,0.49,1,258506,0.268,0,0,,,0.68,Emerging,2026-05-02 19:46:02
2176,4c9c44d107436327fad4843ab245cfbc,WhatsAppWacky,One-Hit Wonder,0.49,1,2585,0.271,0,0,,,0.68,Emerging,2026-05-02 19:46:02
2178,57817640fdcfdfed507439a8e7dbf63a,Anyrubbish,One-Hit Wonder,1.46,3,14014,0.05,0,0,,,0.67,Emerging,2026-05-02 19:46:02
2178,b1dbe6998a3a7b6a434f515e01249fee,CommercialsFunny,One-Hit Wonder,0.49,1,22034,0.263,0,0,,,0.67,Emerging,2026-05-02 19:46:02
2180,7716fe0c0a5a1f5481175efbe7947caf,AudienceNetwork,One-Hit Wonder,1.46,3,35543,0.042,0,0,,,0.66,Emerging,2026-05-02 19:46:02
2180,d0e4c02755fe7a4e1e04c7e306d31504,Wendys,One-Hit Wonder,0.49,1,124022,0.257,0,0,,,0.66,Emerging,2026-05-02 19:46:02
2180,ebdee2588b9e1a55277f2ccf497b79f3,90sCommercials,One-Hit Wonder,0.49,1,773,0.259,0,0,,,0.66,Emerging,2026-05-02 19:46:02
2183,20aa0806dca3f8001d142eeecd84c738,Gatorade,One-Hit Wonder,0.98,2,2031164,0.132,0,0,,,0.63,Emerging,2026-05-02 19:46:02
2183,a1042ca158ce91a517ee2d2958c73fb7,WhyteFoxxMusicVideosMore,One-Hit Wonder,0.98,2,67944,0.134,0,0,,,0.63,Emerging,2026-05-02 19:46:02
2185,14162df3ed56344280147883022fd02d,TimBarrett,One-Hit Wonder,0.98,2,52428,0.126,0,0,,,0.62,Emerging,2026-05-02 19:46:02
2185,26a6c477d257de2271859a7ba863fbbe,RobAndretti,One-Hit Wonder,0.98,2,4644,0.127,0,0,,,0.62,Emerging,2026-05-02 19:46:02
2185,c2a35883335648c3e2760423a8e1211d,CityNewsToronto,One-Hit Wonder,0.49,1,34133,0.234,0,0,,,0.62,Emerging,2026-05-02 19:46:02
2188,cc50c1467a0b047d51088becfa33b28b,ValkAviation,One-Hit Wonder,0.98,2,1609149,0.099,0,0,,,0.57,Emerging,2026-05-02 19:46:02
2189,5bdb35a8f19cfbb415f6e997732e783a,OwenHarvey,One-Hit Wonder,0.49,1,110072,0.203,0,0,,,0.56,Emerging,2026-05-02 19:46:02
2190,0a26b29f18df5f3b1f8aa8a1f77f5aed,DeanAnderson,One-Hit Wonder,0.49,1,7325,0.177,0,0,,,0.51,Emerging,2026-05-02 19:46:02
2191,d77f0aa36c744ba66e9b8b47a726d8b6,494ta,One-Hit Wonder,0.49,1,637942,0.152,0,0,,,0.47,Emerging,2026-05-02 19:46:02
2192,d45f080e85a3905b040d9dc7fdcdaeb6,FundingCircleUK,One-Hit Wonder,0.98,2,664053,0.03,0,0,,,0.45,Emerging,2026-05-02 19:46:02
2193,3a8412cd4847144857efeb09c3a69379,PetaPixel,One-Hit Wonder,0.49,1,2457408,0.127,0,0,,,0.42,Emerging,2026-05-02 19:46:02
2194,746d7ece52a0615691ea52cae6229000,LawrenceLivermoreNationalLaboratory,One-Hit Wonder,0.49,1,30361,0.119,0,0,,,0.41,Emerging,2026-05-02 19:46:02
2195,51b221e6b2f955fc0f801d66af472a1f,KSNVNews3LasVegas,One-Hit Wonder,0.49,1,169511,0.115,0,0,,,0.4,Emerging,2026-05-02 19:46:02
2196,41de92a52730017cbb04bbd655bffa11,NewScientist,One-Hit Wonder,0.49,1,465893,0.039,0,0,,,0.27,Emerging,2026-05-02 19:46:02
2197,e43d3f7e783148f13f60c64f6e8f7c2f,UMFTV,One-Hit Wonder,0.49,1,1648886,0.033,0,0,,,0.26,Emerging,2026-05-02 19:46:02
2198,d285f626b55c6f65316d343bf8b6e830,AmericanBridge21stCentury,One-Hit Wonder,0.49,1,22690,0,0,0,,,0.2,Emerging,2026-05-02 19:46:02
2198,9048f68df49b5d2c2adfa1d7c1fb02a7,TDAmeritrade,One-Hit Wonder,0.49,1,3831,0,0,0,,,0.2,Emerging,2026-05-02 19:46:02
2198,3173a5ce8578a64779e3deb074be40b3,SteveKovach,One-Hit Wonder,0.49,1,2259,0,0,0,,,0.2,Emerging,2026-05-02 19:46:02